15:07:55 | INFO  | atomic_chec~| [atomic_save] installed crash-safe checkpoint plugin (write to sibling .tmp + fsync + atomic rename)
[2026-07-15 15:07:55,802][root][INFO] - Cached 'action' from '/manifoldai-training/johnny/challenge/lewm-reacher/datasets/reacher.h5'
[2026-07-15 15:07:55,920][root][INFO] - Cached 'observation' from '/manifoldai-training/johnny/challenge/lewm-reacher/datasets/reacher.h5'
15:07:57 | INFO  | utils.py    | Created ViT-tiny from scratch with config: {'hidden_size': 192, 'num_hidden_layers': 12, 'num_attention_heads': 3, 'intermediate_size': 768, 'image_size': 224, 'patch_size': 14}
15:07:57 | INFO  | module.py   | Setting up DataModule
15:07:57 | INFO  | utils.py    | ── Module ────────────────────────────────────────
15:07:57 | WARN  | module.py   | ! No hyperparameters provided - hyperparameter logging is disabled.
15:07:57 | INFO  | module.py   |   Setting custom forward method.
15:07:57 | INFO  | module.py   |   Setting attribute: self.model = <class 'jepa.JEPA'>
15:07:57 | INFO  | module.py   |   Setting attribute: self.sigreg = <class 'module.SIGReg'>
15:07:57 | INFO  | module.py   |   Setting attribute: self.optim = <class 'dict'>
15:07:57 | INFO  | module.py   |   No metrics configuration provided - automatic metric tracking is disabled.
/data1/Johnny/challenge/wrf/.venv/lib/python3.10/site-packages/lightning/fabric/connector.py:571: `precision=bf16` is supported for historical reasons but its usage is discouraged. Please set your precision to bf16-mixed instead!
Using bfloat16 Automatic Mixed Precision (AMP)
15:07:57 | INFO  | env_info.py |   EnvironmentDumpCallback initialized (filename=environment.json, async=True)
15:07:57 | INFO  | utils.py    | ── HuggingFaceCheckpoint ─────────────────────────
15:07:57 | INFO  | hf_models.py|   save_dir: <cyan>hf_exports</cyan>
15:07:57 | INFO  | hf_models.py|   per_step: <cyan>False</cyan>  (False ⇒ overwrite single 'last/' subdir; True ⇒ keep step_N/)
Adding 14 callbacks from entry point 'stablepretraining_callbacks': PrintProgressBar, ModuleRegistryCallback, LoggingCallback, EnvironmentDumpCallback, TrainerInfo, SklearnCheckpoint, WandbCheckpoint, TrackioCheckpoint, SwanLabCheckpoint, ModuleSummary, SLURMInfo, LogUnusedParametersOnce, HuggingFaceCheckpointCallback, HardwareMonitor
GPU available: True (cuda), used: True
TPU available: False, using: 0 TPU cores
/data1/Johnny/challenge/wrf/.venv/lib/python3.10/site-packages/lightning/pytorch/trainer/connectors/logger_connector/logger_connector.py:76: Starting from v1.9.0, `tensorboardX` has been removed as a dependency of the `lightning.pytorch` package, due to potential conflicts with other packages in the ML ecosystem. For this reason, `logger=True` will use `CSVLogger` as the default logger, unless the `tensorboard` or `tensorboardX` packages are found. Please `pip install lightning[extra]` or one of them to enable TensorBoard support by default
💡 Tip: For seamless cloud logging and experiment tracking, try installing [litlogger](https://pypi.org/project/litlogger/) to enable LitLogger, which logs metrics and artifacts automatically to the Lightning Experiments platform.
15:07:57 | INFO  | utils.py    | ── SIGTERM preempt handler — install ─────────────
15:07:57 | INFO  | manager.py  |   SLURM_JOB_ID         = None
15:07:57 | INFO  | manager.py  |   SLURM_RESTART_COUNT  = '0'
15:07:57 | INFO  | manager.py  |   SLURM_PROCID         = '?'
15:07:57 | INFO  | manager.py  |   SLURM_NODEID         = '?'
15:07:57 | INFO  | manager.py  |   → not under SLURM (SLURM_JOB_ID unset); leaving SIGTERM handler as-is. Forwarding to submitit's USR signal would be a no-op since submitit isn't running upstream.
15:07:57 | WARN  | manager.py  | User didn't specify seed, runs won't be exactly reproducible!
15:07:57 | INFO  | manager.py  |   Manager init: ckpt_path=None, weights_only=True
15:07:57 | INFO  | utils.py    | ── WorkingDirectory ──────────────────────────────
15:07:57 | INFO  | manager.py  |   cwd: /data1/Johnny/challenge/wrf/homework/le-wm
15:07:57 | INFO  | utils.py    | ── Seed ──────────────────────────────────────────
15:07:57 | INFO  | manager.py  |   seed: None
/data1/Johnny/challenge/wrf/.venv/lib/python3.10/site-packages/lightning/fabric/utilities/seed.py:44: No seed found, seed set to 0
Seed set to 0
15:07:57 | INFO  | utils.py    | ── RunDirectory ──────────────────────────────────
15:07:57 | INFO  | manager.py  |   cache_dir = /data1/Johnny/challenge/wrf/homework/outputs/home/.cache/stable-pretraining
15:07:57 | INFO  | manager.py  |   ddp: launch_key=(single-process) rank=0 is_rank_zero=True
15:07:57 | INFO  | utils.py    | ── RunDirectory: requeue probe ───────────────────
15:07:57 | INFO  | manager.py  |   SLURM session key   = (no SLURM)
15:07:57 | INFO  | manager.py  |   SLURM_RESTART_COUNT = 0
15:07:57 | INFO  | manager.py  |   in_requeue          = False
15:07:57 | INFO  | utils.py    | ── RunDirectory: fresh ───────────────────────────
15:07:57 | INFO  | manager.py  |   no user ckpt_path — training from scratch / pretrained backbone.
15:07:57 | INFO  | manager.py  |   created run_dir = /data1/Johnny/challenge/wrf/homework/outputs/home/.cache/stable-pretraining/runs/20260715/150757/246fc50c1277
15:07:57 | INFO  | manager.py  |   wrote run_meta.json with run_id=246fc50c1277
15:07:57 | INFO  | manager.py  |   SLURM index = (no SLURM, skipped)
15:07:57 | WARN  | manager.py  | ! cache_dir is set but the Trainer was passed as an already-instantiated object. Cannot override default_root_dir cleanly. Consider passing the trainer as a config dict instead.
15:07:57 | WARN  | manager.py  | ! Hydra run.dir='outputs/2026-07-15/15-07-55' will be ignored for trainer outputs (cache_dir takes precedence).
15:07:57 | WARN  | manager.py  | ! Hydra sweep.dir='multirun/2026-07-15/15-07-55' will be ignored for trainer outputs (cache_dir takes precedence).
15:07:57 | INFO  | logger.py   | [RegistryLogger] run_id=246fc50c1277 run_dir=/data1/Johnny/challenge/wrf/homework/outputs/home/.cache/stable-pretraining/runs/20260715/150757/246fc50c1277 — sidecar.json + summary.json + metrics.csv will live here
15:07:57 | INFO  | utils.py    | ── RegistryLogger ────────────────────────────────
15:07:57 | INFO  | manager.py  |   run_dir: /data1/Johnny/challenge/wrf/homework/outputs/home/.cache/stable-pretraining/runs/20260715/150757/246fc50c1277
15:07:57 | INFO  | manager.py  |   run_id:  246fc50c1277
15:07:57 | INFO  | utils.py    | ── CSVLogger ─────────────────────────────────────
15:07:57 | INFO  | manager.py  |   root_dir: /data1/Johnny/challenge/wrf/homework/outputs/home/.cache/stable-pretraining/runs/20260715/150757/246fc50c1277/
15:07:57 | INFO  | manager.py  |   save_dir: /data1/Johnny/challenge/wrf/homework/outputs/home/.cache/stable-pretraining/runs/20260715/150757/246fc50c1277
15:07:57 | INFO  | manager.py  |   log_dir: /data1/Johnny/challenge/wrf/homework/outputs/home/.cache/stable-pretraining/runs/20260715/150757/246fc50c1277/
15:07:57 | INFO  | utils.py    | ── SignalHandlers (after submitit setup (spt SIGTERM installed in __init__)) ──
15:07:57 | INFO  | manager.py  |   SIGUSR1  → SIG_DFL (default OS action — terminate process)
15:07:57 | INFO  | manager.py  |   SIGUSR2  → SIG_DFL (default OS action — terminate process)
15:07:57 | INFO  | manager.py  |   SIGCONT  → SIG_DFL (default OS action — terminate process)
15:07:57 | INFO  | manager.py  |   SIGTERM  → SIG_DFL (default OS action — terminate process)
15:07:57 | INFO  | utils.py    | ── Callbacks ─────────────────────────────────────
15:07:57 | INFO  | manager.py  |   count: 20
15:07:57 | INFO  | utils.py    | ── CacheDirCheckpointing ─────────────────────────
15:07:57 | INFO  | manager.py  |   Saving checkpoints to: /data1/Johnny/challenge/wrf/homework/outputs/home/.cache/stable-pretraining/runs/20260715/150757/246fc50c1277/checkpoints
15:07:57 | WARN  | manager.py  |   Redirecting HuggingFaceCheckpointCallback from 'hf_exports' to '/data1/Johnny/challenge/wrf/homework/outputs/home/.cache/stable-pretraining/runs/20260715/150757/246fc50c1277/hf_exports' (cache_dir is active — prevents races on a shared cache)
15:07:57 | INFO  | manager.py  |   Added requeue checkpoint (filename='last')
15:07:57 | INFO  | utils.py    | ── LoadPath resolution ───────────────────────────
15:07:57 | INFO  | manager.py  |   in_requeue = False
15:07:57 | INFO  | manager.py  |   user ckpt_path = None
15:07:57 | INFO  | manager.py  |   user weights_only = True
15:07:57 | INFO  | manager.py  |   → no ckpt_path; training from scratch.
15:07:57 | INFO  | utils.py    | ── TrainerFit ────────────────────────────────────
15:07:57 | INFO  | manager.py  |   ckpt_path:     None
15:07:57 | INFO  | manager.py  |   weights_only:  None
15:07:57 | INFO  | utils.py    | ── SignalHandlers (before Trainer.fit() (handler installed in __init__)) ──
15:07:57 | INFO  | manager.py  |   SIGUSR1  → SIG_DFL (default OS action — terminate process)
15:07:57 | INFO  | manager.py  |   SIGUSR2  → SIG_DFL (default OS action — terminate process)
15:07:57 | INFO  | manager.py  |   SIGCONT  → SIG_DFL (default OS action — terminate process)
15:07:57 | INFO  | manager.py  |   SIGTERM  → SIG_DFL (default OS action — terminate process)
15:07:57 | INFO  | manager.py  |   → entering Trainer.fit(); lightning's _SignalConnector will now register its own handlers. SIGTERM will become _HandlersCompose([_sigterm_notifier_fn, _sigterm_handler_fn, spt._handler]); USR-sig binding from submitit is preserved (lightning skips USR registration when one already exists).
💡 Tip: For seamless cloud uploads and versioning, try installing [litmodels](https://pypi.org/project/litmodels/) to enable LitModelCheckpoint, which syncs automatically with the Lightning model registry.
You are using a CUDA device ('NVIDIA A800-SXM4-80GB') that has Tensor Cores. To properly utilize them, you should set `torch.set_float32_matmul_precision('medium' | 'high')` which will trade-off precision for performance. For more details, read https://pytorch.org/docs/stable/generated/torch.set_float32_matmul_precision.html#torch.set_float32_matmul_precision
Initializing distributed: GLOBAL_RANK: 0, MEMBER: 1/8
[2026-07-15 15:08:15,970][root][INFO] - Cached 'action' from '/manifoldai-training/johnny/challenge/lewm-reacher/datasets/reacher.h5'
[2026-07-15 15:08:16,101][root][INFO] - Cached 'observation' from '/manifoldai-training/johnny/challenge/lewm-reacher/datasets/reacher.h5'
[2026-07-15 15:08:16,799][root][INFO] - Cached 'action' from '/manifoldai-training/johnny/challenge/lewm-reacher/datasets/reacher.h5'
[2026-07-15 15:08:16,915][root][INFO] - Cached 'observation' from '/manifoldai-training/johnny/challenge/lewm-reacher/datasets/reacher.h5'
Adding 14 callbacks from entry point 'stablepretraining_callbacks': PrintProgressBar, ModuleRegistryCallback, LoggingCallback, EnvironmentDumpCallback, TrainerInfo, SklearnCheckpoint, WandbCheckpoint, TrackioCheckpoint, SwanLabCheckpoint, ModuleSummary, SLURMInfo, LogUnusedParametersOnce, HuggingFaceCheckpointCallback, HardwareMonitor
[rank: 5] Seed set to 0
[2026-07-15 15:08:18,145][root][INFO] - Cached 'action' from '/manifoldai-training/johnny/challenge/lewm-reacher/datasets/reacher.h5'
[2026-07-15 15:08:18,258][root][INFO] - Cached 'observation' from '/manifoldai-training/johnny/challenge/lewm-reacher/datasets/reacher.h5'
Adding 14 callbacks from entry point 'stablepretraining_callbacks': PrintProgressBar, ModuleRegistryCallback, LoggingCallback, EnvironmentDumpCallback, TrainerInfo, SklearnCheckpoint, WandbCheckpoint, TrackioCheckpoint, SwanLabCheckpoint, ModuleSummary, SLURMInfo, LogUnusedParametersOnce, HuggingFaceCheckpointCallback, HardwareMonitor
[rank: 1] Seed set to 0
[2026-07-15 15:08:18,388][root][INFO] - Cached 'action' from '/manifoldai-training/johnny/challenge/lewm-reacher/datasets/reacher.h5'
[2026-07-15 15:08:18,515][root][INFO] - Cached 'observation' from '/manifoldai-training/johnny/challenge/lewm-reacher/datasets/reacher.h5'
[2026-07-15 15:08:18,607][root][INFO] - Cached 'action' from '/manifoldai-training/johnny/challenge/lewm-reacher/datasets/reacher.h5'
[2026-07-15 15:08:18,716][root][INFO] - Cached 'observation' from '/manifoldai-training/johnny/challenge/lewm-reacher/datasets/reacher.h5'
Adding 14 callbacks from entry point 'stablepretraining_callbacks': PrintProgressBar, ModuleRegistryCallback, LoggingCallback, EnvironmentDumpCallback, TrainerInfo, SklearnCheckpoint, WandbCheckpoint, TrackioCheckpoint, SwanLabCheckpoint, ModuleSummary, SLURMInfo, LogUnusedParametersOnce, HuggingFaceCheckpointCallback, HardwareMonitor
[rank: 4] Seed set to 0
Adding 14 callbacks from entry point 'stablepretraining_callbacks': PrintProgressBar, ModuleRegistryCallback, LoggingCallback, EnvironmentDumpCallback, TrainerInfo, SklearnCheckpoint, WandbCheckpoint, TrackioCheckpoint, SwanLabCheckpoint, ModuleSummary, SLURMInfo, LogUnusedParametersOnce, HuggingFaceCheckpointCallback, HardwareMonitor
[rank: 7] Seed set to 0
Adding 14 callbacks from entry point 'stablepretraining_callbacks': PrintProgressBar, ModuleRegistryCallback, LoggingCallback, EnvironmentDumpCallback, TrainerInfo, SklearnCheckpoint, WandbCheckpoint, TrackioCheckpoint, SwanLabCheckpoint, ModuleSummary, SLURMInfo, LogUnusedParametersOnce, HuggingFaceCheckpointCallback, HardwareMonitor
[rank: 6] Seed set to 0
[2026-07-15 15:08:20,513][root][INFO] - Cached 'action' from '/manifoldai-training/johnny/challenge/lewm-reacher/datasets/reacher.h5'
[2026-07-15 15:08:20,514][root][INFO] - Cached 'action' from '/manifoldai-training/johnny/challenge/lewm-reacher/datasets/reacher.h5'
[2026-07-15 15:08:20,637][root][INFO] - Cached 'observation' from '/manifoldai-training/johnny/challenge/lewm-reacher/datasets/reacher.h5'
[2026-07-15 15:08:20,642][root][INFO] - Cached 'observation' from '/manifoldai-training/johnny/challenge/lewm-reacher/datasets/reacher.h5'
Adding 14 callbacks from entry point 'stablepretraining_callbacks': PrintProgressBar, ModuleRegistryCallback, LoggingCallback, EnvironmentDumpCallback, TrainerInfo, SklearnCheckpoint, WandbCheckpoint, TrackioCheckpoint, SwanLabCheckpoint, ModuleSummary, SLURMInfo, LogUnusedParametersOnce, HuggingFaceCheckpointCallback, HardwareMonitor
[rank: 2] Seed set to 0
Adding 14 callbacks from entry point 'stablepretraining_callbacks': PrintProgressBar, ModuleRegistryCallback, LoggingCallback, EnvironmentDumpCallback, TrainerInfo, SklearnCheckpoint, WandbCheckpoint, TrackioCheckpoint, SwanLabCheckpoint, ModuleSummary, SLURMInfo, LogUnusedParametersOnce, HuggingFaceCheckpointCallback, HardwareMonitor
[rank: 3] Seed set to 0
Initializing distributed: GLOBAL_RANK: 5, MEMBER: 6/8
Initializing distributed: GLOBAL_RANK: 1, MEMBER: 2/8
Initializing distributed: GLOBAL_RANK: 4, MEMBER: 5/8
Initializing distributed: GLOBAL_RANK: 7, MEMBER: 8/8
Initializing distributed: GLOBAL_RANK: 6, MEMBER: 7/8
Initializing distributed: GLOBAL_RANK: 3, MEMBER: 4/8
Initializing distributed: GLOBAL_RANK: 2, MEMBER: 3/8
----------------------------------------------------------------------------------------------------
distributed_backend=nccl
All distributed processes registered. Starting with 8 processes
----------------------------------------------------------------------------------------------------

15:09:26 | OK    | module.py   | ✓ dataset for fit loaded
15:09:26 | INFO  | module.py   |   setup was done by user
15:09:26 | INFO  | utils.py    | ── EnvironmentDump ───────────────────────────────
15:09:26 | INFO  | env_info.py |   log_dir: /data1/Johnny/challenge/wrf/homework/outputs/home/.cache/stable-pretraining
15:09:26 | INFO  | env_info.py |   Running environment dump in background thread (non-blocking)
15:09:26 | INFO  | env_info.py |   Collecting environment information...
15:09:26 | OK    | env_info.py | ✓ Background thread started successfully
15:09:26 | OK    | env_info.py | ✓ Python 3.10.12
15:09:26 | INFO  | trainer_inf~|   linking trainer to DataModule
15:09:26 | OK    | env_info.py | ✓ System: Linux 5.4.119-19-0009.11 (x86_64)
15:09:26 | INFO  | utils.py    | ── Callbacks (in order) ──────────────────────────
15:09:26 | INFO  | env_info.py |   Hostname: nb-1574109748394576640-c7tepdyjlr7k
15:09:26 | INFO  | utils.py    |     [ 0] SaveCkptCallback
15:09:26 | INFO  | utils.py    |     [ 1] JEPATrainStatsCallback
15:09:26 | INFO  | utils.py    |     [ 2] RichProgressBar
15:09:26 | INFO  | utils.py    |     [ 3] RichModelSummary
15:09:26 | INFO  | utils.py    |     [ 4] PrintProgressBar
15:09:26 | INFO  | utils.py    |     [ 5] ModuleRegistryCallback
15:09:26 | INFO  | utils.py    |     [ 6] LoggingCallback
15:09:26 | INFO  | utils.py    |     [ 7] EnvironmentDumpCallback
15:09:26 | INFO  | utils.py    |     [ 8] TrainerInfo
15:09:26 | INFO  | utils.py    |     [ 9] SklearnCheckpoint
15:09:26 | INFO  | utils.py    |     [10] WandbCheckpoint
15:09:26 | INFO  | utils.py    |     [11] TrackioCheckpoint
15:09:26 | INFO  | utils.py    |     [12] SwanLabCheckpoint
15:09:26 | INFO  | utils.py    |     [13] ModuleSummary
15:09:26 | INFO  | utils.py    |     [14] SLURMInfo
15:09:26 | INFO  | utils.py    |     [15] LogUnusedParametersOnce
15:09:26 | INFO  | utils.py    |     [16] HuggingFaceCheckpointCallback
15:09:26 | INFO  | utils.py    |     [17] HardwareMonitor
15:09:26 | INFO  | utils.py    |     [18] ModelCheckpoint
15:09:26 | INFO  | utils.py    |     [19] _RunDirCallback
15:09:26 | INFO  | utils.py    |     [20] ModelCheckpoint
15:09:26 | INFO  | utils.py    |   ⚑ marks order-sensitive callbacks; see AGENTS.md → Callback ordering for the full rules.
15:09:26 | INFO  | utils.py    | ── SklearnCheckpoint ─────────────────────────────
15:09:26 | INFO  | checkpoint_~|   Sklearn Modules:
15:09:26 | INFO  | checkpoint_~| 
┏━━━━━━━━━━┳━━━━━━━━┳━━━━━━━━┓
┃ Module   ┃ Name   ┃ Type   ┃
┣━━━━━━━━━━╋━━━━━━━━╋━━━━━━━━┫
┗━━━━━━━━━━┻━━━━━━━━┻━━━━━━━━┛
15:09:26 | INFO  | utils.py    | ── WandbCheckpoint ───────────────────────────────
15:09:26 | INFO  | utils.py    | ── TrackioCheckpoint ─────────────────────────────
15:09:26 | INFO  | utils.py    | ── SwanLabCheckpoint ─────────────────────────────
15:09:26 | INFO  | utils.py    | ── PyTorch Modules ───────────────────────────────
15:09:26 | WARN  | module.py   | ! You are calling self.parameters which also gives callbacks parameters, to remove them, pass `with_callbacks=False`
15:09:26 | INFO  | trainer_inf~| \n+-----------------------------------------------------------------+----------------------+--------------------------+--------------------------+---------+
| Module                                                          | Trainable parameters | Non Trainable parameters | Uninitialized parameters | Buffers |
+-----------------------------------------------------------------+----------------------+--------------------------+--------------------------+---------+
|                                                                 |             18034478 |                        0 |                        0 |    8245 |
| callbacks_modules                                               |                    0 |                        0 |                        0 |       0 |
| callbacks_metrics                                               |                    0 |                        0 |                        0 |       0 |
| model                                                           |             18034478 |                        0 |                        0 |    8194 |
| model.encoder                                                   |              5501376 |                        0 |                        0 |       0 |
| model.encoder.embeddings                                        |               162624 |                        0 |                        0 |       0 |
| model.encoder.embeddings.patch_embeddings                       |               113088 |                        0 |                        0 |       0 |
| model.encoder.embeddings.patch_embeddings.projection            |               113088 |                        0 |                        0 |       0 |
| model.encoder.embeddings.dropout                                |                    0 |                        0 |                        0 |       0 |
| model.encoder.encoder                                           |              5338368 |                        0 |                        0 |       0 |
| model.encoder.encoder.layer                                     |              5338368 |                        0 |                        0 |       0 |
| model.encoder.encoder.layer.0                                   |               444864 |                        0 |                        0 |       0 |
| model.encoder.encoder.layer.0.attention                         |               148224 |                        0 |                        0 |       0 |
| model.encoder.encoder.layer.0.attention.attention               |               111168 |                        0 |                        0 |       0 |
| model.encoder.encoder.layer.0.attention.attention.query         |                37056 |                        0 |                        0 |       0 |
| model.encoder.encoder.layer.0.attention.attention.key           |                37056 |                        0 |                        0 |       0 |
| model.encoder.encoder.layer.0.attention.attention.value         |                37056 |                        0 |                        0 |       0 |
| model.encoder.encoder.layer.0.attention.output                  |                37056 |                        0 |                        0 |       0 |
| model.encoder.encoder.layer.0.attention.output.dense            |                37056 |                        0 |                        0 |       0 |
| model.encoder.encoder.layer.0.attention.output.dropout          |                    0 |                        0 |                        0 |       0 |
| model.encoder.encoder.layer.0.intermediate                      |               148224 |                        0 |                        0 |       0 |
| model.encoder.encoder.layer.0.intermediate.dense                |               148224 |                        0 |                        0 |       0 |
| model.encoder.encoder.layer.0.intermediate.intermediate_act_fn  |                    0 |                        0 |                        0 |       0 |
| model.encoder.encoder.layer.0.output                            |               147648 |                        0 |                        0 |       0 |
| model.encoder.encoder.layer.0.output.dense                      |               147648 |                        0 |                        0 |       0 |
| model.encoder.encoder.layer.0.output.dropout                    |                    0 |                        0 |                        0 |       0 |
| model.encoder.encoder.layer.0.layernorm_before                  |                  384 |                        0 |                        0 |       0 |
| model.encoder.encoder.layer.0.layernorm_after                   |                  384 |                        0 |                        0 |       0 |
| model.encoder.encoder.layer.1                                   |               444864 |                        0 |                        0 |       0 |
| model.encoder.encoder.layer.1.attention                         |               148224 |                        0 |                        0 |       0 |
| model.encoder.encoder.layer.1.attention.attention               |               111168 |                        0 |                        0 |       0 |
| model.encoder.encoder.layer.1.attention.attention.query         |                37056 |                        0 |                        0 |       0 |
| model.encoder.encoder.layer.1.attention.attention.key           |                37056 |                        0 |                        0 |       0 |
| model.encoder.encoder.layer.1.attention.attention.value         |                37056 |                        0 |                        0 |       0 |
| model.encoder.encoder.layer.1.attention.output                  |                37056 |                        0 |                        0 |       0 |
| model.encoder.encoder.layer.1.attention.output.dense            |                37056 |                        0 |                        0 |       0 |
| model.encoder.encoder.layer.1.attention.output.dropout          |                    0 |                        0 |                        0 |       0 |
| model.encoder.encoder.layer.1.intermediate                      |               148224 |                        0 |                        0 |       0 |
| model.encoder.encoder.layer.1.intermediate.dense                |               148224 |                        0 |                        0 |       0 |
| model.encoder.encoder.layer.1.intermediate.intermediate_act_fn  |                    0 |                        0 |                        0 |       0 |
| model.encoder.encoder.layer.1.output                            |               147648 |                        0 |                        0 |       0 |
| model.encoder.encoder.layer.1.output.dense                      |               147648 |                        0 |                        0 |       0 |
| model.encoder.encoder.layer.1.output.dropout                    |                    0 |                        0 |                        0 |       0 |
| model.encoder.encoder.layer.1.layernorm_before                  |                  384 |                        0 |                        0 |       0 |
| model.encoder.encoder.layer.1.layernorm_after                   |                  384 |                        0 |                        0 |       0 |
| model.encoder.encoder.layer.2                                   |               444864 |                        0 |                        0 |       0 |
| model.encoder.encoder.layer.2.attention                         |               148224 |                        0 |                        0 |       0 |
| model.encoder.encoder.layer.2.attention.attention               |               111168 |                        0 |                        0 |       0 |
| model.encoder.encoder.layer.2.attention.attention.query         |                37056 |                        0 |                        0 |       0 |
| model.encoder.encoder.layer.2.attention.attention.key           |                37056 |                        0 |                        0 |       0 |
| model.encoder.encoder.layer.2.attention.attention.value         |                37056 |                        0 |                        0 |       0 |
| model.encoder.encoder.layer.2.attention.output                  |                37056 |                        0 |                        0 |       0 |
| model.encoder.encoder.layer.2.attention.output.dense            |                37056 |                        0 |                        0 |       0 |
| model.encoder.encoder.layer.2.attention.output.dropout          |                    0 |                        0 |                        0 |       0 |
| model.encoder.encoder.layer.2.intermediate                      |               148224 |                        0 |                        0 |       0 |
| model.encoder.encoder.layer.2.intermediate.dense                |               148224 |                        0 |                        0 |       0 |
| model.encoder.encoder.layer.2.intermediate.intermediate_act_fn  |                    0 |                        0 |                        0 |       0 |
| model.encoder.encoder.layer.2.output                            |               147648 |                        0 |                        0 |       0 |
| model.encoder.encoder.layer.2.output.dense                      |               147648 |                        0 |                        0 |       0 |
| model.encoder.encoder.layer.2.output.dropout                    |                    0 |                        0 |                        0 |       0 |
| model.encoder.encoder.layer.2.layernorm_before                  |                  384 |                        0 |                        0 |       0 |
| model.encoder.encoder.layer.2.layernorm_after                   |                  384 |                        0 |                        0 |       0 |
| model.encoder.encoder.layer.3                                   |               444864 |                        0 |                        0 |       0 |
| model.encoder.encoder.layer.3.attention                         |               148224 |                        0 |                        0 |       0 |
| model.encoder.encoder.layer.3.attention.attention               |               111168 |                        0 |                        0 |       0 |
| model.encoder.encoder.layer.3.attention.attention.query         |                37056 |                        0 |                        0 |       0 |
| model.encoder.encoder.layer.3.attention.attention.key           |                37056 |                        0 |                        0 |       0 |
| model.encoder.encoder.layer.3.attention.attention.value         |                37056 |                        0 |                        0 |       0 |
| model.encoder.encoder.layer.3.attention.output                  |                37056 |                        0 |                        0 |       0 |
| model.encoder.encoder.layer.3.attention.output.dense            |                37056 |                        0 |                        0 |       0 |
| model.encoder.encoder.layer.3.attention.output.dropout          |                    0 |                        0 |                        0 |       0 |
| model.encoder.encoder.layer.3.intermediate                      |               148224 |                        0 |                        0 |       0 |
| model.encoder.encoder.layer.3.intermediate.dense                |               148224 |                        0 |                        0 |       0 |
| model.encoder.encoder.layer.3.intermediate.intermediate_act_fn  |                    0 |                        0 |                        0 |       0 |
| model.encoder.encoder.layer.3.output                            |               147648 |                        0 |                        0 |       0 |
| model.encoder.encoder.layer.3.output.dense                      |               147648 |                        0 |                        0 |       0 |
| model.encoder.encoder.layer.3.output.dropout                    |                    0 |                        0 |                        0 |       0 |
| model.encoder.encoder.layer.3.layernorm_before                  |                  384 |                        0 |                        0 |       0 |
| model.encoder.encoder.layer.3.layernorm_after                   |                  384 |                        0 |                        0 |       0 |
| model.encoder.encoder.layer.4                                   |               444864 |                        0 |                        0 |       0 |
| model.encoder.encoder.layer.4.attention                         |               148224 |                        0 |                        0 |       0 |
| model.encoder.encoder.layer.4.attention.attention               |               111168 |                        0 |                        0 |       0 |
| model.encoder.encoder.layer.4.attention.attention.query         |                37056 |                        0 |                        0 |       0 |
| model.encoder.encoder.layer.4.attention.attention.key           |                37056 |                        0 |                        0 |       0 |
| model.encoder.encoder.layer.4.attention.attention.value         |                37056 |                        0 |                        0 |       0 |
| model.encoder.encoder.layer.4.attention.output                  |                37056 |                        0 |                        0 |       0 |
| model.encoder.encoder.layer.4.attention.output.dense            |                37056 |                        0 |                        0 |       0 |
| model.encoder.encoder.layer.4.attention.output.dropout          |                    0 |                        0 |                        0 |       0 |
| model.encoder.encoder.layer.4.intermediate                      |               148224 |                        0 |                        0 |       0 |
| model.encoder.encoder.layer.4.intermediate.dense                |               148224 |                        0 |                        0 |       0 |
| model.encoder.encoder.layer.4.intermediate.intermediate_act_fn  |                    0 |                        0 |                        0 |       0 |
| model.encoder.encoder.layer.4.output                            |               147648 |                        0 |                        0 |       0 |
| model.encoder.encoder.layer.4.output.dense                      |               147648 |                        0 |                        0 |       0 |
| model.encoder.encoder.layer.4.output.dropout                    |                    0 |                        0 |                        0 |       0 |
| model.encoder.encoder.layer.4.layernorm_before                  |                  384 |                        0 |                        0 |       0 |
| model.encoder.encoder.layer.4.layernorm_after                   |                  384 |                        0 |                        0 |       0 |
| model.encoder.encoder.layer.5                                   |               444864 |                        0 |                        0 |       0 |
| model.encoder.encoder.layer.5.attention                         |               148224 |                        0 |                        0 |       0 |
| model.encoder.encoder.layer.5.attention.attention               |               111168 |                        0 |                        0 |       0 |
| model.encoder.encoder.layer.5.attention.attention.query         |                37056 |                        0 |                        0 |       0 |
| model.encoder.encoder.layer.5.attention.attention.key           |                37056 |                        0 |                        0 |       0 |
| model.encoder.encoder.layer.5.attention.attention.value         |                37056 |                        0 |                        0 |       0 |
| model.encoder.encoder.layer.5.attention.output                  |                37056 |                        0 |                        0 |       0 |
| model.encoder.encoder.layer.5.attention.output.dense            |                37056 |                        0 |                        0 |       0 |
| model.encoder.encoder.layer.5.attention.output.dropout          |                    0 |                        0 |                        0 |       0 |
| model.encoder.encoder.layer.5.intermediate                      |               148224 |                        0 |                        0 |       0 |
| model.encoder.encoder.layer.5.intermediate.dense                |               148224 |                        0 |                        0 |       0 |
| model.encoder.encoder.layer.5.intermediate.intermediate_act_fn  |                    0 |                        0 |                        0 |       0 |
| model.encoder.encoder.layer.5.output                            |               147648 |                        0 |                        0 |       0 |
| model.encoder.encoder.layer.5.output.dense                      |               147648 |                        0 |                        0 |       0 |
| model.encoder.encoder.layer.5.output.dropout                    |                    0 |                        0 |                        0 |       0 |
| model.encoder.encoder.layer.5.layernorm_before                  |                  384 |                        0 |                        0 |       0 |
| model.encoder.encoder.layer.5.layernorm_after                   |                  384 |                        0 |                        0 |       0 |
| model.encoder.encoder.layer.6                                   |               444864 |                        0 |                        0 |       0 |
| model.encoder.encoder.layer.6.attention                         |               148224 |                        0 |                        0 |       0 |
| model.encoder.encoder.layer.6.attention.attention               |               111168 |                        0 |                        0 |       0 |
| model.encoder.encoder.layer.6.attention.attention.query         |                37056 |                        0 |                        0 |       0 |
| model.encoder.encoder.layer.6.attention.attention.key           |                37056 |                        0 |                        0 |       0 |
| model.encoder.encoder.layer.6.attention.attention.value         |                37056 |                        0 |                        0 |       0 |
| model.encoder.encoder.layer.6.attention.output                  |                37056 |                        0 |                        0 |       0 |
| model.encoder.encoder.layer.6.attention.output.dense            |                37056 |                        0 |                        0 |       0 |
| model.encoder.encoder.layer.6.attention.output.dropout          |                    0 |                        0 |                        0 |       0 |
| model.encoder.encoder.layer.6.intermediate                      |               148224 |                        0 |                        0 |       0 |
| model.encoder.encoder.layer.6.intermediate.dense                |               148224 |                        0 |                        0 |       0 |
| model.encoder.encoder.layer.6.intermediate.intermediate_act_fn  |                    0 |                        0 |                        0 |       0 |
| model.encoder.encoder.layer.6.output                            |               147648 |                        0 |                        0 |       0 |
| model.encoder.encoder.layer.6.output.dense                      |               147648 |                        0 |                        0 |       0 |
| model.encoder.encoder.layer.6.output.dropout                    |                    0 |                        0 |                        0 |       0 |
| model.encoder.encoder.layer.6.layernorm_before                  |                  384 |                        0 |                        0 |       0 |
| model.encoder.encoder.layer.6.layernorm_after                   |                  384 |                        0 |                        0 |       0 |
| model.encoder.encoder.layer.7                                   |               444864 |                        0 |                        0 |       0 |
| model.encoder.encoder.layer.7.attention                         |               148224 |                        0 |                        0 |       0 |
| model.encoder.encoder.layer.7.attention.attention               |               111168 |                        0 |                        0 |       0 |
| model.encoder.encoder.layer.7.attention.attention.query         |                37056 |                        0 |                        0 |       0 |
| model.encoder.encoder.layer.7.attention.attention.key           |                37056 |                        0 |                        0 |       0 |
| model.encoder.encoder.layer.7.attention.attention.value         |                37056 |                        0 |                        0 |       0 |
| model.encoder.encoder.layer.7.attention.output                  |                37056 |                        0 |                        0 |       0 |
| model.encoder.encoder.layer.7.attention.output.dense            |                37056 |                        0 |                        0 |       0 |
| model.encoder.encoder.layer.7.attention.output.dropout          |                    0 |                        0 |                        0 |       0 |
| model.encoder.encoder.layer.7.intermediate                      |               148224 |                        0 |                        0 |       0 |
| model.encoder.encoder.layer.7.intermediate.dense                |               148224 |                        0 |                        0 |       0 |
| model.encoder.encoder.layer.7.intermediate.intermediate_act_fn  |                    0 |                        0 |                        0 |       0 |
| model.encoder.encoder.layer.7.output                            |               147648 |                        0 |                        0 |       0 |
| model.encoder.encoder.layer.7.output.dense                      |               147648 |                        0 |                        0 |       0 |
| model.encoder.encoder.layer.7.output.dropout                    |                    0 |                        0 |                        0 |       0 |
| model.encoder.encoder.layer.7.layernorm_before                  |                  384 |                        0 |                        0 |       0 |
| model.encoder.encoder.layer.7.layernorm_after                   |                  384 |                        0 |                        0 |       0 |
| model.encoder.encoder.layer.8                                   |               444864 |                        0 |                        0 |       0 |
| model.encoder.encoder.layer.8.attention                         |               148224 |                        0 |                        0 |       0 |
| model.encoder.encoder.layer.8.attention.attention               |               111168 |                        0 |                        0 |       0 |
| model.encoder.encoder.layer.8.attention.attention.query         |                37056 |                        0 |                        0 |       0 |
| model.encoder.encoder.layer.8.attention.attention.key           |                37056 |                        0 |                        0 |       0 |
| model.encoder.encoder.layer.8.attention.attention.value         |                37056 |                        0 |                        0 |       0 |
| model.encoder.encoder.layer.8.attention.output                  |                37056 |                        0 |                        0 |       0 |
| model.encoder.encoder.layer.8.attention.output.dense            |                37056 |                        0 |                        0 |       0 |
| model.encoder.encoder.layer.8.attention.output.dropout          |                    0 |                        0 |                        0 |       0 |
| model.encoder.encoder.layer.8.intermediate                      |               148224 |                        0 |                        0 |       0 |
| model.encoder.encoder.layer.8.intermediate.dense                |               148224 |                        0 |                        0 |       0 |
| model.encoder.encoder.layer.8.intermediate.intermediate_act_fn  |                    0 |                        0 |                        0 |       0 |
| model.encoder.encoder.layer.8.output                            |               147648 |                        0 |                        0 |       0 |
| model.encoder.encoder.layer.8.output.dense                      |               147648 |                        0 |                        0 |       0 |
| model.encoder.encoder.layer.8.output.dropout                    |                    0 |                        0 |                        0 |       0 |
| model.encoder.encoder.layer.8.layernorm_before                  |                  384 |                        0 |                        0 |       0 |
| model.encoder.encoder.layer.8.layernorm_after                   |                  384 |                        0 |                        0 |       0 |
| model.encoder.encoder.layer.9                                   |               444864 |                        0 |                        0 |       0 |
| model.encoder.encoder.layer.9.attention                         |               148224 |                        0 |                        0 |       0 |
| model.encoder.encoder.layer.9.attention.attention               |               111168 |                        0 |                        0 |       0 |
| model.encoder.encoder.layer.9.attention.attention.query         |                37056 |                        0 |                        0 |       0 |
| model.encoder.encoder.layer.9.attention.attention.key           |                37056 |                        0 |                        0 |       0 |
| model.encoder.encoder.layer.9.attention.attention.value         |                37056 |                        0 |                        0 |       0 |
| model.encoder.encoder.layer.9.attention.output                  |                37056 |                        0 |                        0 |       0 |
| model.encoder.encoder.layer.9.attention.output.dense            |                37056 |                        0 |                        0 |       0 |
| model.encoder.encoder.layer.9.attention.output.dropout          |                    0 |                        0 |                        0 |       0 |
| model.encoder.encoder.layer.9.intermediate                      |               148224 |                        0 |                        0 |       0 |
| model.encoder.encoder.layer.9.intermediate.dense                |               148224 |                        0 |                        0 |       0 |
| model.encoder.encoder.layer.9.intermediate.intermediate_act_fn  |                    0 |                        0 |                        0 |       0 |
| model.encoder.encoder.layer.9.output                            |               147648 |                        0 |                        0 |       0 |
| model.encoder.encoder.layer.9.output.dense                      |               147648 |                        0 |                        0 |       0 |
| model.encoder.encoder.layer.9.output.dropout                    |                    0 |                        0 |                        0 |       0 |
| model.encoder.encoder.layer.9.layernorm_before                  |                  384 |                        0 |                        0 |       0 |
| model.encoder.encoder.layer.9.layernorm_after                   |                  384 |                        0 |                        0 |       0 |
| model.encoder.encoder.layer.10                                  |               444864 |                        0 |                        0 |       0 |
| model.encoder.encoder.layer.10.attention                        |               148224 |                        0 |                        0 |       0 |
| model.encoder.encoder.layer.10.attention.attention              |               111168 |                        0 |                        0 |       0 |
| model.encoder.encoder.layer.10.attention.attention.query        |                37056 |                        0 |                        0 |       0 |
| model.encoder.encoder.layer.10.attention.attention.key          |                37056 |                        0 |                        0 |       0 |
| model.encoder.encoder.layer.10.attention.attention.value        |                37056 |                        0 |                        0 |       0 |
| model.encoder.encoder.layer.10.attention.output                 |                37056 |                        0 |                        0 |       0 |
| model.encoder.encoder.layer.10.attention.output.dense           |                37056 |                        0 |                        0 |       0 |
| model.encoder.encoder.layer.10.attention.output.dropout         |                    0 |                        0 |                        0 |       0 |
| model.encoder.encoder.layer.10.intermediate                     |               148224 |                        0 |                        0 |       0 |
| model.encoder.encoder.layer.10.intermediate.dense               |               148224 |                        0 |                        0 |       0 |
| model.encoder.encoder.layer.10.intermediate.intermediate_act_fn |                    0 |                        0 |                        0 |       0 |
| model.encoder.encoder.layer.10.output                           |               147648 |                        0 |                        0 |       0 |
| model.encoder.encoder.layer.10.output.dense                     |               147648 |                        0 |                        0 |       0 |
| model.encoder.encoder.layer.10.output.dropout                   |                    0 |                        0 |                        0 |       0 |
| model.encoder.encoder.layer.10.layernorm_before                 |                  384 |                        0 |                        0 |       0 |
| model.encoder.encoder.layer.10.layernorm_after                  |                  384 |                        0 |                        0 |       0 |
| model.encoder.encoder.layer.11                                  |               444864 |                        0 |                        0 |       0 |
| model.encoder.encoder.layer.11.attention                        |               148224 |                        0 |                        0 |       0 |
| model.encoder.encoder.layer.11.attention.attention              |               111168 |                        0 |                        0 |       0 |
| model.encoder.encoder.layer.11.attention.attention.query        |                37056 |                        0 |                        0 |       0 |
| model.encoder.encoder.layer.11.attention.attention.key          |                37056 |                        0 |                        0 |       0 |
| model.encoder.encoder.layer.11.attention.attention.value        |                37056 |                        0 |                        0 |       0 |
| model.encoder.encoder.layer.11.attention.output                 |                37056 |                        0 |                        0 |       0 |
| model.encoder.encoder.layer.11.attention.output.dense           |                37056 |                        0 |                        0 |       0 |
| model.encoder.encoder.layer.11.attention.output.dropout         |                    0 |                        0 |                        0 |       0 |
| model.encoder.encoder.layer.11.intermediate                     |               148224 |                        0 |                        0 |       0 |
| model.encoder.encoder.layer.11.intermediate.dense               |               148224 |                        0 |                        0 |       0 |
| model.encoder.encoder.layer.11.intermediate.intermediate_act_fn |                    0 |                        0 |                        0 |       0 |
| model.encoder.encoder.layer.11.output                           |               147648 |                        0 |                        0 |       0 |
| model.encoder.encoder.layer.11.output.dense                     |               147648 |                        0 |                        0 |       0 |
| model.encoder.encoder.layer.11.output.dropout                   |                    0 |                        0 |                        0 |       0 |
| model.encoder.encoder.layer.11.layernorm_before                 |                  384 |                        0 |                        0 |       0 |
| model.encoder.encoder.layer.11.layernorm_after                  |                  384 |                        0 |                        0 |       0 |
| model.encoder.layernorm                                         |                  384 |                        0 |                        0 |       0 |
| model.predictor                                                 |             10791360 |                        0 |                        0 |       0 |
| model.predictor.dropout                                         |                    0 |                        0 |                        0 |       0 |
| model.predictor.transformer                                     |             10790784 |                        0 |                        0 |       0 |
| model.predictor.transformer.norm                                |                  384 |                        0 |                        0 |       0 |
| model.predictor.transformer.layers                              |             10790400 |                        0 |                        0 |       0 |
| model.predictor.transformer.layers.0                            |              1798400 |                        0 |                        0 |       0 |
| model.predictor.transformer.layers.0.attn                       |               787008 |                        0 |                        0 |       0 |
| model.predictor.transformer.layers.0.attn.norm                  |                  384 |                        0 |                        0 |       0 |
| model.predictor.transformer.layers.0.attn.attend                |                    0 |                        0 |                        0 |       0 |
| model.predictor.transformer.layers.0.attn.to_qkv                |               589824 |                        0 |                        0 |       0 |
| model.predictor.transformer.layers.0.attn.to_out                |               196800 |                        0 |                        0 |       0 |
| model.predictor.transformer.layers.0.attn.to_out.0              |               196800 |                        0 |                        0 |       0 |
| model.predictor.transformer.layers.0.attn.to_out.1              |                    0 |                        0 |                        0 |       0 |
| model.predictor.transformer.layers.0.mlp                        |               789056 |                        0 |                        0 |       0 |
| model.predictor.transformer.layers.0.mlp.net                    |               789056 |                        0 |                        0 |       0 |
| model.predictor.transformer.layers.0.mlp.net.0                  |                  384 |                        0 |                        0 |       0 |
| model.predictor.transformer.layers.0.mlp.net.1                  |               395264 |                        0 |                        0 |       0 |
| model.predictor.transformer.layers.0.mlp.net.2                  |                    0 |                        0 |                        0 |       0 |
| model.predictor.transformer.layers.0.mlp.net.3                  |                    0 |                        0 |                        0 |       0 |
| model.predictor.transformer.layers.0.mlp.net.4                  |               393408 |                        0 |                        0 |       0 |
| model.predictor.transformer.layers.0.mlp.net.5                  |                    0 |                        0 |                        0 |       0 |
| model.predictor.transformer.layers.0.norm1                      |                    0 |                        0 |                        0 |       0 |
| model.predictor.transformer.layers.0.norm2                      |                    0 |                        0 |                        0 |       0 |
| model.predictor.transformer.layers.0.adaLN_modulation           |               222336 |                        0 |                        0 |       0 |
| model.predictor.transformer.layers.0.adaLN_modulation.0         |                    0 |                        0 |                        0 |       0 |
| model.predictor.transformer.layers.0.adaLN_modulation.1         |               222336 |                        0 |                        0 |       0 |
| model.predictor.transformer.layers.1                            |              1798400 |                        0 |                        0 |       0 |
| model.predictor.transformer.layers.1.attn                       |               787008 |                        0 |                        0 |       0 |
| model.predictor.transformer.layers.1.attn.norm                  |                  384 |                        0 |                        0 |       0 |
| model.predictor.transformer.layers.1.attn.attend                |                    0 |                        0 |                        0 |       0 |
| model.predictor.transformer.layers.1.attn.to_qkv                |               589824 |                        0 |                        0 |       0 |
| model.predictor.transformer.layers.1.attn.to_out                |               196800 |                        0 |                        0 |       0 |
| model.predictor.transformer.layers.1.attn.to_out.0              |               196800 |                        0 |                        0 |       0 |
| model.predictor.transformer.layers.1.attn.to_out.1              |                    0 |                        0 |                        0 |       0 |
| model.predictor.transformer.layers.1.mlp                        |               789056 |                        0 |                        0 |       0 |
| model.predictor.transformer.layers.1.mlp.net                    |               789056 |                        0 |                        0 |       0 |
| model.predictor.transformer.layers.1.mlp.net.0                  |                  384 |                        0 |                        0 |       0 |
| model.predictor.transformer.layers.1.mlp.net.1                  |               395264 |                        0 |                        0 |       0 |
| model.predictor.transformer.layers.1.mlp.net.2                  |                    0 |                        0 |                        0 |       0 |
| model.predictor.transformer.layers.1.mlp.net.3                  |                    0 |                        0 |                        0 |       0 |
| model.predictor.transformer.layers.1.mlp.net.4                  |               393408 |                        0 |                        0 |       0 |
| model.predictor.transformer.layers.1.mlp.net.5                  |                    0 |                        0 |                        0 |       0 |
| model.predictor.transformer.layers.1.norm1                      |                    0 |                        0 |                        0 |       0 |
| model.predictor.transformer.layers.1.norm2                      |                    0 |                        0 |                        0 |       0 |
| model.predictor.transformer.layers.1.adaLN_modulation           |               222336 |                        0 |                        0 |       0 |
| model.predictor.transformer.layers.1.adaLN_modulation.0         |                    0 |                        0 |                        0 |       0 |
| model.predictor.transformer.layers.1.adaLN_modulation.1         |               222336 |                        0 |                        0 |       0 |
| model.predictor.transformer.layers.2                            |              1798400 |                        0 |                        0 |       0 |
| model.predictor.transformer.layers.2.attn                       |               787008 |                        0 |                        0 |       0 |
| model.predictor.transformer.layers.2.attn.norm                  |                  384 |                        0 |                        0 |       0 |
| model.predictor.transformer.layers.2.attn.attend                |                    0 |                        0 |                        0 |       0 |
| model.predictor.transformer.layers.2.attn.to_qkv                |               589824 |                        0 |                        0 |       0 |
| model.predictor.transformer.layers.2.attn.to_out                |               196800 |                        0 |                        0 |       0 |
| model.predictor.transformer.layers.2.attn.to_out.0              |               196800 |                        0 |                        0 |       0 |
| model.predictor.transformer.layers.2.attn.to_out.1              |                    0 |                        0 |                        0 |       0 |
| model.predictor.transformer.layers.2.mlp                        |               789056 |                        0 |                        0 |       0 |
| model.predictor.transformer.layers.2.mlp.net                    |               789056 |                        0 |                        0 |       0 |
| model.predictor.transformer.layers.2.mlp.net.0                  |                  384 |                        0 |                        0 |       0 |
| model.predictor.transformer.layers.2.mlp.net.1                  |               395264 |                        0 |                        0 |       0 |
| model.predictor.transformer.layers.2.mlp.net.2                  |                    0 |                        0 |                        0 |       0 |
| model.predictor.transformer.layers.2.mlp.net.3                  |                    0 |                        0 |                        0 |       0 |
| model.predictor.transformer.layers.2.mlp.net.4                  |               393408 |                        0 |                        0 |       0 |
| model.predictor.transformer.layers.2.mlp.net.5                  |                    0 |                        0 |                        0 |       0 |
| model.predictor.transformer.layers.2.norm1                      |                    0 |                        0 |                        0 |       0 |
| model.predictor.transformer.layers.2.norm2                      |                    0 |                        0 |                        0 |       0 |
| model.predictor.transformer.layers.2.adaLN_modulation           |               222336 |                        0 |                        0 |       0 |
| model.predictor.transformer.layers.2.adaLN_modulation.0         |                    0 |                        0 |                        0 |       0 |
| model.predictor.transformer.layers.2.adaLN_modulation.1         |               222336 |                        0 |                        0 |       0 |
| model.predictor.transformer.layers.3                            |              1798400 |                        0 |                        0 |       0 |
| model.predictor.transformer.layers.3.attn                       |               787008 |                        0 |                        0 |       0 |
| model.predictor.transformer.layers.3.attn.norm                  |                  384 |                        0 |                        0 |       0 |
| model.predictor.transformer.layers.3.attn.attend                |                    0 |                        0 |                        0 |       0 |
| model.predictor.transformer.layers.3.attn.to_qkv                |               589824 |                        0 |                        0 |       0 |
| model.predictor.transformer.layers.3.attn.to_out                |               196800 |                        0 |                        0 |       0 |
| model.predictor.transformer.layers.3.attn.to_out.0              |               196800 |                        0 |                        0 |       0 |
| model.predictor.transformer.layers.3.attn.to_out.1              |                    0 |                        0 |                        0 |       0 |
| model.predictor.transformer.layers.3.mlp                        |               789056 |                        0 |                        0 |       0 |
| model.predictor.transformer.layers.3.mlp.net                    |               789056 |                        0 |                        0 |       0 |
| model.predictor.transformer.layers.3.mlp.net.0                  |                  384 |                        0 |                        0 |       0 |
| model.predictor.transformer.layers.3.mlp.net.1                  |               395264 |                        0 |                        0 |       0 |
| model.predictor.transformer.layers.3.mlp.net.2                  |                    0 |                        0 |                        0 |       0 |
| model.predictor.transformer.layers.3.mlp.net.3                  |                    0 |                        0 |                        0 |       0 |
| model.predictor.transformer.layers.3.mlp.net.4                  |               393408 |                        0 |                        0 |       0 |
| model.predictor.transformer.layers.3.mlp.net.5                  |                    0 |                        0 |                        0 |       0 |
| model.predictor.transformer.layers.3.norm1                      |                    0 |                        0 |                        0 |       0 |
| model.predictor.transformer.layers.3.norm2                      |                    0 |                        0 |                        0 |       0 |
| model.predictor.transformer.layers.3.adaLN_modulation           |               222336 |                        0 |                        0 |       0 |
| model.predictor.transformer.layers.3.adaLN_modulation.0         |                    0 |                        0 |                        0 |       0 |
| model.predictor.transformer.layers.3.adaLN_modulation.1         |               222336 |                        0 |                        0 |       0 |
| model.predictor.transformer.layers.4                            |              1798400 |                        0 |                        0 |       0 |
| model.predictor.transformer.layers.4.attn                       |               787008 |                        0 |                        0 |       0 |
| model.predictor.transformer.layers.4.attn.norm                  |                  384 |                        0 |                        0 |       0 |
| model.predictor.transformer.layers.4.attn.attend                |                    0 |                        0 |                        0 |       0 |
| model.predictor.transformer.layers.4.attn.to_qkv                |               589824 |                        0 |                        0 |       0 |
| model.predictor.transformer.layers.4.attn.to_out                |               196800 |                        0 |                        0 |       0 |
| model.predictor.transformer.layers.4.attn.to_out.0              |               196800 |                        0 |                        0 |       0 |
| model.predictor.transformer.layers.4.attn.to_out.1              |                    0 |                        0 |                        0 |       0 |
| model.predictor.transformer.layers.4.mlp                        |               789056 |                        0 |                        0 |       0 |
| model.predictor.transformer.layers.4.mlp.net                    |               789056 |                        0 |                        0 |       0 |
| model.predictor.transformer.layers.4.mlp.net.0                  |                  384 |                        0 |                        0 |       0 |
| model.predictor.transformer.layers.4.mlp.net.1                  |               395264 |                        0 |                        0 |       0 |
| model.predictor.transformer.layers.4.mlp.net.2                  |                    0 |                        0 |                        0 |       0 |
| model.predictor.transformer.layers.4.mlp.net.3                  |                    0 |                        0 |                        0 |       0 |
| model.predictor.transformer.layers.4.mlp.net.4                  |               393408 |                        0 |                        0 |       0 |
| model.predictor.transformer.layers.4.mlp.net.5                  |                    0 |                        0 |                        0 |       0 |
| model.predictor.transformer.layers.4.norm1                      |                    0 |                        0 |                        0 |       0 |
| model.predictor.transformer.layers.4.norm2                      |                    0 |                        0 |                        0 |       0 |
| model.predictor.transformer.layers.4.adaLN_modulation           |               222336 |                        0 |                        0 |       0 |
| model.predictor.transformer.layers.4.adaLN_modulation.0         |                    0 |                        0 |                        0 |       0 |
| model.predictor.transformer.layers.4.adaLN_modulation.1         |               222336 |                        0 |                        0 |       0 |
| model.predictor.transformer.layers.5                            |              1798400 |                        0 |                        0 |       0 |
| model.predictor.transformer.layers.5.attn                       |               787008 |                        0 |                        0 |       0 |
| model.predictor.transformer.layers.5.attn.norm                  |                  384 |                        0 |                        0 |       0 |
| model.predictor.transformer.layers.5.attn.attend                |                    0 |                        0 |                        0 |       0 |
| model.predictor.transformer.layers.5.attn.to_qkv                |               589824 |                        0 |                        0 |       0 |
| model.predictor.transformer.layers.5.attn.to_out                |               196800 |                        0 |                        0 |       0 |
| model.predictor.transformer.layers.5.attn.to_out.0              |               196800 |                        0 |                        0 |       0 |
| model.predictor.transformer.layers.5.attn.to_out.1              |                    0 |                        0 |                        0 |       0 |
| model.predictor.transformer.layers.5.mlp                        |               789056 |                        0 |                        0 |       0 |
| model.predictor.transformer.layers.5.mlp.net                    |               789056 |                        0 |                        0 |       0 |
| model.predictor.transformer.layers.5.mlp.net.0                  |                  384 |                        0 |                        0 |       0 |
| model.predictor.transformer.layers.5.mlp.net.1                  |               395264 |                        0 |                        0 |       0 |
| model.predictor.transformer.layers.5.mlp.net.2                  |                    0 |                        0 |                        0 |       0 |
| model.predictor.transformer.layers.5.mlp.net.3                  |                    0 |                        0 |                        0 |       0 |
| model.predictor.transformer.layers.5.mlp.net.4                  |               393408 |                        0 |                        0 |       0 |
| model.predictor.transformer.layers.5.mlp.net.5                  |                    0 |                        0 |                        0 |       0 |
| model.predictor.transformer.layers.5.norm1                      |                    0 |                        0 |                        0 |       0 |
| model.predictor.transformer.layers.5.norm2                      |                    0 |                        0 |                        0 |       0 |
| model.predictor.transformer.layers.5.adaLN_modulation           |               222336 |                        0 |                        0 |       0 |
| model.predictor.transformer.layers.5.adaLN_modulation.0         |                    0 |                        0 |                        0 |       0 |
| model.predictor.transformer.layers.5.adaLN_modulation.1         |               222336 |                        0 |                        0 |       0 |
| model.predictor.transformer.input_proj                          |                    0 |                        0 |                        0 |       0 |
| model.predictor.transformer.cond_proj                           |                    0 |                        0 |                        0 |       0 |
| model.predictor.transformer.output_proj                         |                    0 |                        0 |                        0 |       0 |
| model.action_encoder                                            |               156206 |                        0 |                        0 |       0 |
| model.action_encoder.patch_embed                                |                  110 |                        0 |                        0 |       0 |
| model.action_encoder.embed                                      |               156096 |                        0 |                        0 |       0 |
| model.action_encoder.embed.0                                    |                 8448 |                        0 |                        0 |       0 |
| model.action_encoder.embed.1                                    |                    0 |                        0 |                        0 |       0 |
| model.action_encoder.embed.2                                    |               147648 |                        0 |                        0 |       0 |
| model.projector                                                 |               792768 |                        0 |                        0 |    4097 |
| model.projector.net                                             |               792768 |                        0 |                        0 |    4097 |
| model.projector.net.0                                           |               395264 |                        0 |                        0 |       0 |
| model.projector.net.1                                           |                 4096 |                        0 |                        0 |    4097 |
| model.projector.net.2                                           |                    0 |                        0 |                        0 |       0 |
| model.projector.net.3                                           |               393408 |                        0 |                        0 |       0 |
| model.pred_proj                                                 |               792768 |                        0 |                        0 |    4097 |
| model.pred_proj.net                                             |               792768 |                        0 |                        0 |    4097 |
| model.pred_proj.net.0                                           |               395264 |                        0 |                        0 |       0 |
| model.pred_proj.net.1                                           |                 4096 |                        0 |                        0 |    4097 |
| model.pred_proj.net.2                                           |                    0 |                        0 |                        0 |       0 |
| model.pred_proj.net.3                                           |               393408 |                        0 |                        0 |       0 |
| sigreg                                                          |                    0 |                        0 |                        0 |      51 |
+-----------------------------------------------------------------+----------------------+--------------------------+--------------------------+---------+
15:09:26 | INFO  | utils.py    | ── SLURM ─────────────────────────────────────────
15:09:26 | INFO  | trainer_inf~|   Job ID: N/A
15:09:26 | INFO  | trainer_inf~|   Task ID: N/A
15:09:26 | INFO  | trainer_inf~|   Job Name: N/A
15:09:26 | INFO  | trainer_inf~|   Nodes: N/A
15:09:26 | INFO  | trainer_inf~|   Tasks: N/A
15:09:26 | INFO  | trainer_inf~|   CPUs per node: N/A
15:09:26 | INFO  | trainer_inf~|   CPUs per task: N/A
15:09:26 | INFO  | trainer_inf~|   Memory per node: N/A
15:09:26 | INFO  | trainer_inf~|   Memory per CPU: N/A
15:09:26 | INFO  | trainer_inf~|   Time limit: N/A
15:09:26 | INFO  | trainer_inf~|   Partition: N/A
15:09:26 | INFO  | trainer_inf~|   Node List: N/A
15:09:26 | INFO  | trainer_inf~|   Submit Directory: N/A
15:09:26 | INFO  | utils.py    | ── HardwareMonitor ───────────────────────────────
15:09:26 | INFO  | hardware_mo~|   interval: 10.0s
15:09:26 | INFO  | hardware_mo~|   prefix:   'hardware/'
15:09:26 | INFO  | hardware_mo~|   metrics:  cpu=True ram=True disk=True net=True gpu=True
15:09:26 | INFO  | hardware_mo~|   per-rank: rank 0 only
15:09:26 | WARN  | hardware_mo~| HardwareMonitor: pynvml unavailable (ModuleNotFoundError("No module named 'pynvml'")); GPU metrics disabled.
LOCAL_RANK: 7 - CUDA_VISIBLE_DEVICES: [0,1,2,3,4,5,6,7]
LOCAL_RANK: 4 - CUDA_VISIBLE_DEVICES: [0,1,2,3,4,5,6,7]
LOCAL_RANK: 6 - CUDA_VISIBLE_DEVICES: [0,1,2,3,4,5,6,7]
LOCAL_RANK: 1 - CUDA_VISIBLE_DEVICES: [0,1,2,3,4,5,6,7]
LOCAL_RANK: 2 - CUDA_VISIBLE_DEVICES: [0,1,2,3,4,5,6,7]
LOCAL_RANK: 0 - CUDA_VISIBLE_DEVICES: [0,1,2,3,4,5,6,7]
LOCAL_RANK: 3 - CUDA_VISIBLE_DEVICES: [0,1,2,3,4,5,6,7]
LOCAL_RANK: 5 - CUDA_VISIBLE_DEVICES: [0,1,2,3,4,5,6,7]
15:09:27 | OK    | env_info.py | ✓ Packages: 185 packages collected in 0.49s
15:09:27 | OK    | env_info.py | ✓ NVIDIA Driver: 535.129.03
15:09:27 | OK    | env_info.py | ✓ Git: main @ e1a7f46f
15:09:27 | INFO  | env_info.py |   Remote: git@github-huamaqieqie:huamaqieqie/homework.git
15:09:27 | WARN  | env_info.py | ! Working directory has uncommitted changes
15:09:27 | OK    | env_info.py | ✓ Environment: 12 relevant variables captured
15:09:27 | INFO  | env_info.py |   Serializing environment data...
15:09:27 | INFO  | env_info.py |   File exists, using version 6: environment_v6.json
15:09:27 | INFO  | env_info.py |   File exists, using version 6: requirements_frozen_v6.txt
15:09:27 | INFO  | env_info.py |   Save directory: /data1/Johnny/challenge/wrf/homework/outputs/home/.cache/stable-pretraining
15:09:27 | INFO  | env_info.py |   Writing environment to temp file...
15:09:27 | INFO  | env_info.py |   Moving to: environment_v6.json
15:09:27 | OK    | env_info.py | ✓ Environment file saved (11.3 KB)
15:09:27 | OK    | env_info.py | ✓ Requirements file saved (3.5 KB)
15:09:27 | INFO  | utils.py    | ── Optimizers ────────────────────────────────────
15:09:27 | INFO  | module.py   |   Optimizer specified by Dict with keys ['model_opt']
15:09:27 | INFO  | module.py   | 
┏━━━━━━━━━━━━━┳━━━━━━━━━━━┳━━━━━━━━━━━━━━━━━━━┳━━━━━━━━━━━━━━━━━┳━━━━━━━━━━━━━━━━┳━━━━━━━━━━━━━━━━━━━━━━━━┓
┃ Optimizer   ┃ Pattern   ┃   Matched Modules ┃   Param Tensors ┃   Total Params ┃   RequiresGrad Tensors ┃
┣━━━━━━━━━━━━━╋━━━━━━━━━━━╋━━━━━━━━━━━━━━━━━━━╋━━━━━━━━━━━━━━━━━╋━━━━━━━━━━━━━━━━╋━━━━━━━━━━━━━━━━━━━━━━━━┫
┃ model_opt   ┃ model     ┃               365 ┃             297 ┃       18034478 ┃                    297 ┃
┗━━━━━━━━━━━━━┻━━━━━━━━━━━┻━━━━━━━━━━━━━━━━━━━┻━━━━━━━━━━━━━━━━━┻━━━━━━━━━━━━━━━━┻━━━━━━━━━━━━━━━━━━━━━━━━┛
15:09:27 | INFO  | lr_schedule~| 	User provided a dict
Loading `train_dataloader` to estimate number of stepping batches.
/data1/Johnny/challenge/wrf/.venv/lib/python3.10/site-packages/lance/__init__.py:298: UserWarning: lance is not fork-safe. If you are using multiprocessing, use spawn or forkserver instead.
  warnings.warn(
/data1/Johnny/challenge/wrf/.venv/lib/python3.10/site-packages/lancedb/__init__.py:294: UserWarning: lance is not fork-safe. If you are using multiprocessing, use spawn instead.
  warnings.warn(
/data1/Johnny/challenge/wrf/.venv/lib/python3.10/site-packages/lance/__init__.py:298: UserWarning: lance is not fork-safe. If you are using multiprocessing, use spawn or forkserver instead.
  warnings.warn(
/data1/Johnny/challenge/wrf/.venv/lib/python3.10/site-packages/lance/__init__.py:298: UserWarning: lance is not fork-safe. If you are using multiprocessing, use spawn or forkserver instead.
  warnings.warn(
/data1/Johnny/challenge/wrf/.venv/lib/python3.10/site-packages/lancedb/__init__.py:294: UserWarning: lance is not fork-safe. If you are using multiprocessing, use spawn instead.
  warnings.warn(
/data1/Johnny/challenge/wrf/.venv/lib/python3.10/site-packages/lancedb/__init__.py:294: UserWarning: lance is not fork-safe. If you are using multiprocessing, use spawn instead.
  warnings.warn(
/data1/Johnny/challenge/wrf/.venv/lib/python3.10/site-packages/lance/__init__.py:298: UserWarning: lance is not fork-safe. If you are using multiprocessing, use spawn or forkserver instead.
  warnings.warn(
/data1/Johnny/challenge/wrf/.venv/lib/python3.10/site-packages/lancedb/__init__.py:294: UserWarning: lance is not fork-safe. If you are using multiprocessing, use spawn instead.
  warnings.warn(
/data1/Johnny/challenge/wrf/.venv/lib/python3.10/site-packages/lance/__init__.py:298: UserWarning: lance is not fork-safe. If you are using multiprocessing, use spawn or forkserver instead.
  warnings.warn(
/data1/Johnny/challenge/wrf/.venv/lib/python3.10/site-packages/lancedb/__init__.py:294: UserWarning: lance is not fork-safe. If you are using multiprocessing, use spawn instead.
  warnings.warn(
/data1/Johnny/challenge/wrf/.venv/lib/python3.10/site-packages/lance/__init__.py:298: UserWarning: lance is not fork-safe. If you are using multiprocessing, use spawn or forkserver instead.
  warnings.warn(
/data1/Johnny/challenge/wrf/.venv/lib/python3.10/site-packages/lancedb/__init__.py:294: UserWarning: lance is not fork-safe. If you are using multiprocessing, use spawn instead.
  warnings.warn(
/data1/Johnny/challenge/wrf/.venv/lib/python3.10/site-packages/lance/__init__.py:298: UserWarning: lance is not fork-safe. If you are using multiprocessing, use spawn or forkserver instead.
  warnings.warn(
/data1/Johnny/challenge/wrf/.venv/lib/python3.10/site-packages/lance/__init__.py:298: UserWarning: lance is not fork-safe. If you are using multiprocessing, use spawn or forkserver instead.
  warnings.warn(
/data1/Johnny/challenge/wrf/.venv/lib/python3.10/site-packages/lancedb/__init__.py:294: UserWarning: lance is not fork-safe. If you are using multiprocessing, use spawn instead.
  warnings.warn(
/data1/Johnny/challenge/wrf/.venv/lib/python3.10/site-packages/lancedb/__init__.py:294: UserWarning: lance is not fork-safe. If you are using multiprocessing, use spawn instead.
  warnings.warn(
15:09:28 | INFO  | module.py   |   Configured optimizer 'model_opt' (modules=365, param_tensors=297, total_params=18034478) with LinearWarmupCosineAnnealingLR scheduler.
/data1/Johnny/challenge/wrf/.venv/lib/python3.10/site-packages/lightning/pytorch/utilities/model_summary/model_summary.py:242: Precision bf16-mixed is not supported by the model summary.  Estimated model size in MB will not be accurate. Using 32 bits instead.
┏━━━┳━━━━━━━━━━━━━━━━━━━┳━━━━━━━━━━━━┳━━━━━━━━┳━━━━━━━┳━━━━━━━┓
┃   ┃ Name              ┃ Type       ┃ Params ┃ Mode  ┃ FLOPs ┃
┡━━━╇━━━━━━━━━━━━━━━━━━━╇━━━━━━━━━━━━╇━━━━━━━━╇━━━━━━━╇━━━━━━━┩
│ 0 │ callbacks_modules │ ModuleDict │      0 │ train │     0 │
│ 1 │ callbacks_metrics │ ModuleDict │      0 │ train │     0 │
│ 2 │ model             │ JEPA       │ 18.0 M │ train │     0 │
│ 3 │ sigreg            │ SIGReg     │      0 │ train │     0 │
└───┴───────────────────┴────────────┴────────┴───────┴───────┘
Trainable params: 18.0 M                                                                    
Non-trainable params: 0                                                                     
Total params: 18.0 M                                                                        
Total estimated model params size (MB): 72.138                                              
Modules in train mode: 368                                                                  
Modules in eval mode: 0                                                                     
Total FLOPs: 0                                                                              
15:09:28 | INFO  | logger.py   | [RegistryLogger] summary.json flushed (0 metrics, step=0, epoch=0) → /data1/Johnny/challenge/wrf/homework/outputs/home/.cache/stable-pretraining/runs/20260715/150757/246fc50c1277/summary.json
15:10:13 | INFO  | trainer_inf~| \n+-----------------------------------------+-----------------------+
|                  Metric                 |         Value         |
+-----------------------------------------+-----------------------+
|        [0;34;40mvalidate/active_dim_count[0m        |          [0;32;40m0.0[0m          |
|     [0;34;40mvalidate/active_dim_count_epoch[0m     |          [0;32;40m0.0[0m          |
|           [0;34;40mvalidate/latent_mean[0m          | [0;32;40m-0.007091534789651632[0m |
|        [0;34;40mvalidate/latent_mean_epoch[0m       | [0;32;40m-0.007091534789651632[0m |
|           [0;34;40mvalidate/latent_norm[0m          |   [0;32;40m3.0366640090942383[0m  |
|        [0;34;40mvalidate/latent_norm_epoch[0m       |   [0;32;40m3.0366640090942383[0m  |
|           [0;34;40mvalidate/latent_std[0m           |  [0;32;40m0.21903768181800842[0m  |
|        [0;34;40mvalidate/latent_std_epoch[0m        |  [0;32;40m0.21903768181800842[0m  |
|              [0;34;40mvalidate/loss[0m              |   [0;32;40m5.156688213348389[0m   |
|           [0;34;40mvalidate/loss_epoch[0m           |   [0;32;40m5.156688213348389[0m   |
|         [0;34;40mvalidate/loss_future_cos[0m        |   [0;32;40m1.0508272647857666[0m  |
|      [0;34;40mvalidate/loss_future_cos_epoch[0m     |   [0;32;40m1.0508272647857666[0m  |
|         [0;34;40mvalidate/loss_future_l1[0m         |      [0;32;40m0.2451171875[0m     |
|      [0;34;40mvalidate/loss_future_l1_epoch[0m      |      [0;32;40m0.2451171875[0m     |
|            [0;34;40mvalidate/loss_mse[0m            |  [0;32;40m0.09418807178735733[0m  |
|         [0;34;40mvalidate/loss_mse_epoch[0m         |  [0;32;40m0.09418807178735733[0m  |
|       [0;34;40mvalidate/loss_mse_horizon_01[0m      |  [0;32;40m0.10270792990922928[0m  |
|    [0;34;40mvalidate/loss_mse_horizon_01_epoch[0m   |  [0;32;40m0.10270792990922928[0m  |
|       [0;34;40mvalidate/loss_mse_horizon_02[0m      |  [0;32;40m0.09292969852685928[0m  |
|    [0;34;40mvalidate/loss_mse_horizon_02_epoch[0m   |  [0;32;40m0.09292969852685928[0m  |
|       [0;34;40mvalidate/loss_mse_horizon_03[0m      |  [0;32;40m0.08692660182714462[0m  |
|    [0;34;40mvalidate/loss_mse_horizon_03_epoch[0m   |  [0;32;40m0.08692660182714462[0m  |
|           [0;34;40mvalidate/loss_total[0m           |   [0;32;40m5.156688213348389[0m   |
|        [0;34;40mvalidate/loss_total_epoch[0m        |   [0;32;40m5.156688213348389[0m   |
|    [0;34;40mvalidate/pairwise_cos_hist_bin_00[0m    |          [0;32;40m0.0[0m          |
| [0;34;40mvalidate/pairwise_cos_hist_bin_00_epoch[0m |          [0;32;40m0.0[0m          |
|    [0;34;40mvalidate/pairwise_cos_hist_bin_01[0m    |          [0;32;40m0.0[0m          |
| [0;34;40mvalidate/pairwise_cos_hist_bin_01_epoch[0m |          [0;32;40m0.0[0m          |
|    [0;34;40mvalidate/pairwise_cos_hist_bin_02[0m    |          [0;32;40m0.0[0m          |
| [0;34;40mvalidate/pairwise_cos_hist_bin_02_epoch[0m |          [0;32;40m0.0[0m          |
|    [0;34;40mvalidate/pairwise_cos_hist_bin_03[0m    |          [0;32;40m0.0[0m          |
| [0;34;40mvalidate/pairwise_cos_hist_bin_03_epoch[0m |          [0;32;40m0.0[0m          |
|    [0;34;40mvalidate/pairwise_cos_hist_bin_04[0m    |          [0;32;40m0.0[0m          |
| [0;34;40mvalidate/pairwise_cos_hist_bin_04_epoch[0m |          [0;32;40m0.0[0m          |
|    [0;34;40mvalidate/pairwise_cos_hist_bin_05[0m    |          [0;32;40m0.0[0m          |
| [0;34;40mvalidate/pairwise_cos_hist_bin_05_epoch[0m |          [0;32;40m0.0[0m          |
|    [0;34;40mvalidate/pairwise_cos_hist_bin_06[0m    |          [0;32;40m0.0[0m          |
| [0;34;40mvalidate/pairwise_cos_hist_bin_06_epoch[0m |          [0;32;40m0.0[0m          |
|    [0;34;40mvalidate/pairwise_cos_hist_bin_07[0m    |          [0;32;40m0.0[0m          |
| [0;34;40mvalidate/pairwise_cos_hist_bin_07_epoch[0m |          [0;32;40m0.0[0m          |
|    [0;34;40mvalidate/pairwise_cos_hist_bin_08[0m    |          [0;32;40m0.0[0m          |
| [0;34;40mvalidate/pairwise_cos_hist_bin_08_epoch[0m |          [0;32;40m0.0[0m          |
|    [0;34;40mvalidate/pairwise_cos_hist_bin_09[0m    |          [0;32;40m0.0[0m          |
| [0;34;40mvalidate/pairwise_cos_hist_bin_09_epoch[0m |          [0;32;40m0.0[0m          |
|    [0;34;40mvalidate/pairwise_cos_hist_bin_10[0m    |          [0;32;40m0.0[0m          |
| [0;34;40mvalidate/pairwise_cos_hist_bin_10_epoch[0m |          [0;32;40m0.0[0m          |
|    [0;34;40mvalidate/pairwise_cos_hist_bin_11[0m    |          [0;32;40m0.0[0m          |
| [0;34;40mvalidate/pairwise_cos_hist_bin_11_epoch[0m |          [0;32;40m0.0[0m          |
|    [0;34;40mvalidate/pairwise_cos_hist_bin_12[0m    |          [0;32;40m0.0[0m          |
| [0;34;40mvalidate/pairwise_cos_hist_bin_12_epoch[0m |          [0;32;40m0.0[0m          |
|    [0;34;40mvalidate/pairwise_cos_hist_bin_13[0m    |          [0;32;40m0.0[0m          |
| [0;34;40mvalidate/pairwise_cos_hist_bin_13_epoch[0m |          [0;32;40m0.0[0m          |
|    [0;34;40mvalidate/pairwise_cos_hist_bin_14[0m    |          [0;32;40m0.0[0m          |
| [0;34;40mvalidate/pairwise_cos_hist_bin_14_epoch[0m |          [0;32;40m0.0[0m          |
|    [0;34;40mvalidate/pairwise_cos_hist_bin_15[0m    |          [0;32;40m0.0[0m          |
| [0;34;40mvalidate/pairwise_cos_hist_bin_15_epoch[0m |          [0;32;40m0.0[0m          |
|    [0;34;40mvalidate/pairwise_cos_hist_bin_16[0m    |          [0;32;40m0.0[0m          |
| [0;34;40mvalidate/pairwise_cos_hist_bin_16_epoch[0m |          [0;32;40m0.0[0m          |
|    [0;34;40mvalidate/pairwise_cos_hist_bin_17[0m    |          [0;32;40m0.0[0m          |
| [0;34;40mvalidate/pairwise_cos_hist_bin_17_epoch[0m |          [0;32;40m0.0[0m          |
|    [0;34;40mvalidate/pairwise_cos_hist_bin_18[0m    |          [0;32;40m0.0[0m          |
| [0;34;40mvalidate/pairwise_cos_hist_bin_18_epoch[0m |          [0;32;40m0.0[0m          |
|    [0;34;40mvalidate/pairwise_cos_hist_bin_19[0m    |          [0;32;40m1.0[0m          |
| [0;34;40mvalidate/pairwise_cos_hist_bin_19_epoch[0m |          [0;32;40m1.0[0m          |
|        [0;34;40mvalidate/pairwise_cos_max[0m        |          [0;32;40m1.0[0m          |
|     [0;34;40mvalidate/pairwise_cos_max_epoch[0m     |          [0;32;40m1.0[0m          |
|        [0;34;40mvalidate/pairwise_cos_mean[0m       |          [0;32;40m1.0[0m          |
|     [0;34;40mvalidate/pairwise_cos_mean_epoch[0m    |          [0;32;40m1.0[0m          |
|        [0;34;40mvalidate/pairwise_cos_min[0m        |          [0;32;40m1.0[0m          |
|     [0;34;40mvalidate/pairwise_cos_min_epoch[0m     |          [0;32;40m1.0[0m          |
|        [0;34;40mvalidate/pairwise_cos_std[0m        |          [0;32;40m0.0[0m          |
|     [0;34;40mvalidate/pairwise_cos_std_epoch[0m     |          [0;32;40m0.0[0m          |
|            [0;34;40mvalidate/pred_loss[0m           |  [0;32;40m0.09418807178735733[0m  |
|         [0;34;40mvalidate/pred_loss_epoch[0m        |  [0;32;40m0.09418807178735733[0m  |
|           [0;34;40mvalidate/sigreg_loss[0m          |         [0;32;40m56.25[0m         |
|        [0;34;40mvalidate/sigreg_loss_epoch[0m       |         [0;32;40m56.25[0m         |
+-----------------------------------------+-----------------------+
15:10:13 | WARN  | hf_models.py| ! No Hugging Face (PreTrainedModel) submodules found in LightningModule.
15:10:13 | INFO  | utils.py    | ── Optimizers ────────────────────────────────────
15:10:13 | INFO  | module.py   |   self.optimizers() gave us 1 optimizers
15:10:13 | WARN  | module.py   | ! No clip val found for optimizer default_0
15:10:13 | WARN  | module.py   | ! Will use the Trainer's value of 1.0
15:10:13 | WARN  | module.py   | ! No clip algorithm found for optimizer default_0
15:10:13 | WARN  | module.py   | ! Will use the Trainer's value of None
15:10:13 | OK    | module.py   | ✓ Optimizer check complete:
+------------+-----------+----------------+-----------+-----------+
| Opt. Index | Opt. name |      opt       | clip val. | clip alg. |
+------------+-----------+----------------+-----------+-----------+
|     0      | default_0 | LightningAdamW |    1.0    |    None   |
+------------+-----------+----------------+-----------+-----------+
15:10:13 | INFO  | utils.py    | ── LogUnusedParametersOnce ───────────────────────
15:10:13 | INFO  | unused_para~|   registered hooks on 297 leaf parameters
15:10:14 | OK    | unused_para~| ✓ all tracked parameters received gradients on the first backward pass
15:10:14 | INFO  | unused_para~|   hooks removed, callback disabled
[Epoch 0/15] step 50/1599 (0.8 it/s)
[Epoch 0/15] step 50/1599 (0.8 it/s)
[Epoch 0/15] step 50/1599 (0.8 it/s)
[Epoch 0/15] step 50/1599 (0.8 it/s)
[Epoch 0/15] step 50/1599 (0.8 it/s)
[Epoch 0/15] step 50/1599 (0.8 it/s)
[Epoch 0/15] step 50/1599 (0.8 it/s)
[Epoch 0/15] step 50/1599 (0.8 it/s)
[Epoch 0/15] step 100/1599 (0.9 it/s)
[Epoch 0/15] step 100/1599 (0.9 it/s)
[Epoch 0/15] step 100/1599 (0.9 it/s)
[Epoch 0/15] step 100/1599 (0.9 it/s)
[Epoch 0/15] step 100/1599 (0.9 it/s)
[Epoch 0/15] step 100/1599 (0.9 it/s)
[Epoch 0/15] step 100/1599 (0.9 it/s)
[Epoch 0/15] step 100/1599 (0.9 it/s)
[Epoch 0/15] step 150/1599 (0.9 it/s)
[Epoch 0/15] step 150/1599 (0.9 it/s)
[Epoch 0/15] step 150/1599 (0.9 it/s)
[Epoch 0/15] step 150/1599 (0.9 it/s)
[Epoch 0/15] step 150/1599 (0.9 it/s)
[Epoch 0/15] step 150/1599 (0.9 it/s)
[Epoch 0/15] step 150/1599 (0.9 it/s)
[Epoch 0/15] step 150/1599 (0.9 it/s)
[Epoch 0/15] step 200/1599 (0.9 it/s)
[Epoch 0/15] step 200/1599 (0.9 it/s)
[Epoch 0/15] step 200/1599 (0.9 it/s)
[Epoch 0/15] step 200/1599 (0.9 it/s)
[Epoch 0/15] step 200/1599 (0.9 it/s)
[Epoch 0/15] step 200/1599 (0.9 it/s)
[Epoch 0/15] step 200/1599 (0.9 it/s)
[Epoch 0/15] step 200/1599 (0.9 it/s)
[Epoch 0/15] step 250/1599 (1.0 it/s)
[Epoch 0/15] step 250/1599 (1.0 it/s)
[Epoch 0/15] step 250/1599 (1.0 it/s)
[Epoch 0/15] step 250/1599 (1.0 it/s)
[Epoch 0/15] step 250/1599 (1.0 it/s)
[Epoch 0/15] step 250/1599 (1.0 it/s)
[Epoch 0/15] step 250/1599 (1.0 it/s)
[Epoch 0/15] step 250/1599 (1.0 it/s)
[Epoch 0/15] step 300/1599 (1.0 it/s)
[Epoch 0/15] step 300/1599 (1.0 it/s)
[Epoch 0/15] step 300/1599 (1.0 it/s)
[Epoch 0/15] step 300/1599 (1.0 it/s)
[Epoch 0/15] step 300/1599 (1.0 it/s)
[Epoch 0/15] step 300/1599 (1.0 it/s)
[Epoch 0/15] step 300/1599 (1.0 it/s)
[Epoch 0/15] step 300/1599 (1.0 it/s)
[Epoch 0/15] step 350/1599 (1.0 it/s)
[Epoch 0/15] step 350/1599 (1.0 it/s)
[Epoch 0/15] step 350/1599 (1.0 it/s)
[Epoch 0/15] step 350/1599 (1.0 it/s)
[Epoch 0/15] step 350/1599 (1.0 it/s)
[Epoch 0/15] step 350/1599 (1.0 it/s)
[Epoch 0/15] step 350/1599 (1.0 it/s)
[Epoch 0/15] step 350/1599 (1.0 it/s)
[Epoch 0/15] step 400/1599 (1.0 it/s)
[Epoch 0/15] step 400/1599 (1.0 it/s)
[Epoch 0/15] step 400/1599 (1.0 it/s)
[Epoch 0/15] step 400/1599 (1.0 it/s)
[Epoch 0/15] step 400/1599 (1.0 it/s)
[Epoch 0/15] step 400/1599 (1.0 it/s)
[Epoch 0/15] step 400/1599 (1.0 it/s)
[Epoch 0/15] step 400/1599 (1.0 it/s)
[Epoch 0/15] step 450/1599 (1.0 it/s)
[Epoch 0/15] step 450/1599 (1.0 it/s)
[Epoch 0/15] step 450/1599 (1.0 it/s)
[Epoch 0/15] step 450/1599 (1.0 it/s)
[Epoch 0/15] step 450/1599 (1.0 it/s)
[Epoch 0/15] step 450/1599 (1.0 it/s)
[Epoch 0/15] step 450/1599 (1.0 it/s)
[Epoch 0/15] step 450/1599 (1.0 it/s)
[Epoch 0/15] step 500/1599 (1.0 it/s)
[Epoch 0/15] step 500/1599 (1.0 it/s)
[Epoch 0/15] step 500/1599 (1.0 it/s)
[Epoch 0/15] step 500/1599 (1.0 it/s)
[Epoch 0/15] step 500/1599 (1.0 it/s)
[Epoch 0/15] step 500/1599 (1.0 it/s)
[Epoch 0/15] step 500/1599 (1.0 it/s)
[Epoch 0/15] step 500/1599 (1.0 it/s)
[Epoch 0/15] step 550/1599 (1.0 it/s)
[Epoch 0/15] step 550/1599 (1.0 it/s)
[Epoch 0/15] step 550/1599 (1.0 it/s)
[Epoch 0/15] step 550/1599 (1.0 it/s)
[Epoch 0/15] step 550/1599 (1.0 it/s)
[Epoch 0/15] step 550/1599 (1.0 it/s)
[Epoch 0/15] step 550/1599 (1.0 it/s)
[Epoch 0/15] step 550/1599 (1.0 it/s)
[Epoch 0/15] step 600/1599 (1.0 it/s)
[Epoch 0/15] step 600/1599 (1.0 it/s)
[Epoch 0/15] step 600/1599 (1.0 it/s)
[Epoch 0/15] step 600/1599 (1.0 it/s)
[Epoch 0/15] step 600/1599 (1.0 it/s)
[Epoch 0/15] step 600/1599 (1.0 it/s)
[Epoch 0/15] step 600/1599 (1.0 it/s)
[Epoch 0/15] step 600/1599 (1.0 it/s)
[Epoch 0/15] step 650/1599 (1.0 it/s)
[Epoch 0/15] step 650/1599 (1.0 it/s)
[Epoch 0/15] step 650/1599 (1.0 it/s)
[Epoch 0/15] step 650/1599 (1.0 it/s)
[Epoch 0/15] step 650/1599 (1.0 it/s)
[Epoch 0/15] step 650/1599 (1.0 it/s)
[Epoch 0/15] step 650/1599 (1.0 it/s)
[Epoch 0/15] step 650/1599 (1.0 it/s)
[Epoch 0/15] step 700/1599 (1.0 it/s)
[Epoch 0/15] step 700/1599 (1.0 it/s)
[Epoch 0/15] step 700/1599 (1.0 it/s)
[Epoch 0/15] step 700/1599 (1.0 it/s)
[Epoch 0/15] step 700/1599 (1.0 it/s)
[Epoch 0/15] step 700/1599 (1.0 it/s)
[Epoch 0/15] step 700/1599 (1.0 it/s)
[Epoch 0/15] step 700/1599 (1.0 it/s)
[Epoch 0/15] step 750/1599 (1.0 it/s)
[Epoch 0/15] step 750/1599 (1.0 it/s)
[Epoch 0/15] step 750/1599 (1.0 it/s)
[Epoch 0/15] step 750/1599 (1.0 it/s)
[Epoch 0/15] step 750/1599 (1.0 it/s)
[Epoch 0/15] step 750/1599 (1.0 it/s)
[Epoch 0/15] step 750/1599 (1.0 it/s)
[Epoch 0/15] step 750/1599 (1.0 it/s)
[Epoch 0/15] step 800/1599 (1.0 it/s)
[Epoch 0/15] step 800/1599 (1.0 it/s)
[Epoch 0/15] step 800/1599 (1.0 it/s)
[Epoch 0/15] step 800/1599 (1.0 it/s)
[Epoch 0/15] step 800/1599 (1.0 it/s)
[Epoch 0/15] step 800/1599 (1.0 it/s)
[Epoch 0/15] step 800/1599 (1.0 it/s)
[Epoch 0/15] step 800/1599 (1.0 it/s)
[Epoch 0/15] step 850/1599 (1.0 it/s)
[Epoch 0/15] step 850/1599 (1.0 it/s)
[Epoch 0/15] step 850/1599 (1.0 it/s)
[Epoch 0/15] step 850/1599 (1.0 it/s)
[Epoch 0/15] step 850/1599 (1.0 it/s)
[Epoch 0/15] step 850/1599 (1.0 it/s)
[Epoch 0/15] step 850/1599 (1.0 it/s)
[Epoch 0/15] step 850/1599 (1.0 it/s)
[Epoch 0/15] step 900/1599 (1.0 it/s)
[Epoch 0/15] step 900/1599 (1.0 it/s)
[Epoch 0/15] step 900/1599 (1.0 it/s)
[Epoch 0/15] step 900/1599 (1.0 it/s)
[Epoch 0/15] step 900/1599 (1.0 it/s)
[Epoch 0/15] step 900/1599 (1.0 it/s)
[Epoch 0/15] step 900/1599 (1.0 it/s)
[Epoch 0/15] step 900/1599 (1.0 it/s)
[Epoch 0/15] step 950/1599 (1.0 it/s)
[Epoch 0/15] step 950/1599 (1.0 it/s)
[Epoch 0/15] step 950/1599 (1.0 it/s)
[Epoch 0/15] step 950/1599 (1.0 it/s)
[Epoch 0/15] step 950/1599 (1.0 it/s)
[Epoch 0/15] step 950/1599 (1.0 it/s)
[Epoch 0/15] step 950/1599 (1.0 it/s)
[Epoch 0/15] step 950/1599 (1.0 it/s)
[Epoch 0/15] step 1000/1599 (1.0 it/s)
[Epoch 0/15] step 1000/1599 (1.0 it/s)
[Epoch 0/15] step 1000/1599 (1.0 it/s)
[Epoch 0/15] step 1000/1599 (1.0 it/s)
[Epoch 0/15] step 1000/1599 (1.0 it/s)
[Epoch 0/15] step 1000/1599 (1.0 it/s)
[Epoch 0/15] step 1000/1599 (1.0 it/s)
[Epoch 0/15] step 1000/1599 (1.0 it/s)
[Epoch 0/15] step 1050/1599 (1.0 it/s)
[Epoch 0/15] step 1050/1599 (1.0 it/s)
[Epoch 0/15] step 1050/1599 (1.0 it/s)
[Epoch 0/15] step 1050/1599 (1.0 it/s)
[Epoch 0/15] step 1050/1599 (1.0 it/s)
[Epoch 0/15] step 1050/1599 (1.0 it/s)
[Epoch 0/15] step 1050/1599 (1.0 it/s)
[Epoch 0/15] step 1050/1599 (1.0 it/s)
[Epoch 0/15] step 1100/1599 (1.0 it/s)
[Epoch 0/15] step 1100/1599 (1.0 it/s)
[Epoch 0/15] step 1100/1599 (1.0 it/s)
[Epoch 0/15] step 1100/1599 (1.0 it/s)
[Epoch 0/15] step 1100/1599 (1.0 it/s)
[Epoch 0/15] step 1100/1599 (1.0 it/s)
[Epoch 0/15] step 1100/1599 (1.0 it/s)
[Epoch 0/15] step 1100/1599 (1.0 it/s)
[Epoch 0/15] step 1150/1599 (1.0 it/s)
[Epoch 0/15] step 1150/1599 (1.0 it/s)
[Epoch 0/15] step 1150/1599 (1.0 it/s)
[Epoch 0/15] step 1150/1599 (1.0 it/s)
[Epoch 0/15] step 1150/1599 (1.0 it/s)
[Epoch 0/15] step 1150/1599 (1.0 it/s)
[Epoch 0/15] step 1150/1599 (1.0 it/s)
[Epoch 0/15] step 1150/1599 (1.0 it/s)
[Epoch 0/15] step 1200/1599 (1.0 it/s)
[Epoch 0/15] step 1200/1599 (1.0 it/s)
[Epoch 0/15] step 1200/1599 (1.0 it/s)
[Epoch 0/15] step 1200/1599 (1.0 it/s)
[Epoch 0/15] step 1200/1599 (1.0 it/s)
[Epoch 0/15] step 1200/1599 (1.0 it/s)
[Epoch 0/15] step 1200/1599 (1.0 it/s)
[Epoch 0/15] step 1200/1599 (1.0 it/s)
[Epoch 0/15] step 1250/1599 (1.0 it/s)
[Epoch 0/15] step 1250/1599 (1.0 it/s)
[Epoch 0/15] step 1250/1599 (1.0 it/s)
[Epoch 0/15] step 1250/1599 (1.0 it/s)
[Epoch 0/15] step 1250/1599 (1.0 it/s)
[Epoch 0/15] step 1250/1599 (1.0 it/s)
[Epoch 0/15] step 1250/1599 (1.0 it/s)
[Epoch 0/15] step 1250/1599 (1.0 it/s)
[Epoch 0/15] step 1300/1599 (1.0 it/s)
[Epoch 0/15] step 1300/1599 (1.0 it/s)
[Epoch 0/15] step 1300/1599 (1.0 it/s)
[Epoch 0/15] step 1300/1599 (1.0 it/s)
[Epoch 0/15] step 1300/1599 (1.0 it/s)
[Epoch 0/15] step 1300/1599 (1.0 it/s)
[Epoch 0/15] step 1300/1599 (1.0 it/s)
[Epoch 0/15] step 1300/1599 (1.0 it/s)
[Epoch 0/15] step 1350/1599 (1.0 it/s)
[Epoch 0/15] step 1350/1599 (1.0 it/s)
[Epoch 0/15] step 1350/1599 (1.0 it/s)
[Epoch 0/15] step 1350/1599 (1.0 it/s)
[Epoch 0/15] step 1350/1599 (1.0 it/s)
[Epoch 0/15] step 1350/1599 (1.0 it/s)
[Epoch 0/15] step 1350/1599 (1.0 it/s)
[Epoch 0/15] step 1350/1599 (1.0 it/s)
[Epoch 0/15] step 1400/1599 (1.0 it/s)
[Epoch 0/15] step 1400/1599 (1.0 it/s)
[Epoch 0/15] step 1400/1599 (1.0 it/s)
[Epoch 0/15] step 1400/1599 (1.0 it/s)
[Epoch 0/15] step 1400/1599 (1.0 it/s)
[Epoch 0/15] step 1400/1599 (1.0 it/s)
[Epoch 0/15] step 1400/1599 (1.0 it/s)
[Epoch 0/15] step 1400/1599 (1.0 it/s)
[Epoch 0/15] step 1450/1599 (1.0 it/s)
[Epoch 0/15] step 1450/1599 (1.0 it/s)
[Epoch 0/15] step 1450/1599 (1.0 it/s)
[Epoch 0/15] step 1450/1599 (1.0 it/s)
[Epoch 0/15] step 1450/1599 (1.0 it/s)
[Epoch 0/15] step 1450/1599 (1.0 it/s)
[Epoch 0/15] step 1450/1599 (1.0 it/s)
[Epoch 0/15] step 1450/1599 (1.0 it/s)
[Epoch 0/15] step 1500/1599 (1.0 it/s)
[Epoch 0/15] step 1500/1599 (1.0 it/s)
[Epoch 0/15] step 1500/1599 (1.0 it/s)
[Epoch 0/15] step 1500/1599 (1.0 it/s)
[Epoch 0/15] step 1500/1599 (1.0 it/s)
[Epoch 0/15] step 1500/1599 (1.0 it/s)
[Epoch 0/15] step 1500/1599 (1.0 it/s)
[Epoch 0/15] step 1500/1599 (1.0 it/s)
[Epoch 0/15] step 1550/1599 (1.0 it/s)
[Epoch 0/15] step 1550/1599 (1.0 it/s)
[Epoch 0/15] step 1550/1599 (1.0 it/s)
[Epoch 0/15] step 1550/1599 (1.0 it/s)
[Epoch 0/15] step 1550/1599 (1.0 it/s)
[Epoch 0/15] step 1550/1599 (1.0 it/s)
[Epoch 0/15] step 1550/1599 (1.0 it/s)
[Epoch 0/15] step 1550/1599 (1.0 it/s)
[Epoch 0/15] done in 1812.4s
[Epoch 0/15] done in 1812.4s
[Epoch 0/15] done in 1812.4s
[Epoch 0/15] done in 1812.4s
[Epoch 0/15] done in 1812.4s
[Epoch 0/15] done in 1812.4s
[Epoch 0/15] done in 1812.4s
15:40:26 | INFO  | trainer_inf~| \n+-----------------------------------------+------------------------+
|                  Metric                 |         Value          |
+-----------------------------------------+------------------------+
|           [0;34;40mfit/active_dim_count[0m          |         [0;32;40m192.0[0m          |
|             [0;34;40mfit/latent_mean[0m             | [0;32;40m0.0008799789939075708[0m  |
|             [0;34;40mfit/latent_norm[0m             |   [0;32;40m13.449631690979004[0m   |
|              [0;34;40mfit/latent_std[0m             |   [0;32;40m0.9774461984634399[0m   |
|           [0;34;40mfit/learning_rate_0[0m           | [0;32;40m4.959641591995023e-05[0m  |
|                 [0;34;40mfit/loss[0m                |  [0;32;40m0.26347866654396057[0m   |
|           [0;34;40mfit/loss_future_cos[0m           |  [0;32;40m0.027846820652484894[0m  |
|            [0;34;40mfit/loss_future_l1[0m           |    [0;32;40m0.1649169921875[0m     |
|               [0;34;40mfit/loss_mse[0m              |  [0;32;40m0.05266324803233147[0m   |
|         [0;34;40mfit/loss_mse_horizon_01[0m         |  [0;32;40m0.09773488342761993[0m   |
|         [0;34;40mfit/loss_mse_horizon_02[0m         |  [0;32;40m0.030358362942934036[0m  |
|         [0;34;40mfit/loss_mse_horizon_03[0m         |  [0;32;40m0.029896503314375877[0m  |
|              [0;34;40mfit/loss_total[0m             |  [0;32;40m0.26347866654396057[0m   |
|       [0;34;40mfit/pairwise_cos_hist_bin_00[0m      |          [0;32;40m0.0[0m           |
|       [0;34;40mfit/pairwise_cos_hist_bin_01[0m      |          [0;32;40m0.0[0m           |
|       [0;34;40mfit/pairwise_cos_hist_bin_02[0m      |          [0;32;40m0.0[0m           |
|       [0;34;40mfit/pairwise_cos_hist_bin_03[0m      |          [0;32;40m0.0[0m           |
|       [0;34;40mfit/pairwise_cos_hist_bin_04[0m      | [0;32;40m1.8155271391151473e-05[0m |
|       [0;34;40mfit/pairwise_cos_hist_bin_05[0m      | [0;32;40m0.0011743593495339155[0m  |
|       [0;34;40mfit/pairwise_cos_hist_bin_06[0m      |  [0;32;40m0.016993334516882896[0m  |
|       [0;34;40mfit/pairwise_cos_hist_bin_07[0m      |  [0;32;40m0.09310979396104813[0m   |
|       [0;34;40mfit/pairwise_cos_hist_bin_08[0m      |   [0;32;40m0.2309723198413849[0m   |
|       [0;34;40mfit/pairwise_cos_hist_bin_09[0m      |   [0;32;40m0.2764159142971039[0m   |
|       [0;34;40mfit/pairwise_cos_hist_bin_10[0m      |  [0;32;40m0.18012991547584534[0m   |
|       [0;34;40mfit/pairwise_cos_hist_bin_11[0m      |  [0;32;40m0.08359450846910477[0m   |
|       [0;34;40mfit/pairwise_cos_hist_bin_12[0m      |  [0;32;40m0.03667173534631729[0m   |
|       [0;34;40mfit/pairwise_cos_hist_bin_13[0m      |  [0;32;40m0.02201947756111622[0m   |
|       [0;34;40mfit/pairwise_cos_hist_bin_14[0m      |  [0;32;40m0.015917394310235977[0m  |
|       [0;34;40mfit/pairwise_cos_hist_bin_15[0m      |  [0;32;40m0.011971968226134777[0m  |
|       [0;34;40mfit/pairwise_cos_hist_bin_16[0m      |  [0;32;40m0.009349965490400791[0m  |
|       [0;34;40mfit/pairwise_cos_hist_bin_17[0m      | [0;32;40m0.0075048161670565605[0m  |
|       [0;34;40mfit/pairwise_cos_hist_bin_18[0m      |  [0;32;40m0.007373906206339598[0m  |
|       [0;34;40mfit/pairwise_cos_hist_bin_19[0m      |  [0;32;40m0.006782427430152893[0m  |
|           [0;34;40mfit/pairwise_cos_max[0m          |          [0;32;40m1.0[0m           |
|          [0;34;40mfit/pairwise_cos_mean[0m          | [0;32;40m-0.0015878677368164062[0m |
|           [0;34;40mfit/pairwise_cos_min[0m          |    [0;32;40m-0.506103515625[0m     |
|           [0;34;40mfit/pairwise_cos_std[0m          |      [0;32;40m0.216796875[0m       |
|              [0;34;40mfit/pred_loss[0m              |  [0;32;40m0.05266324803233147[0m   |
|           [0;34;40mfit/samples_per_sec[0m           |   [0;32;40m1798.074462890625[0m    |
|             [0;34;40mfit/sigreg_loss[0m             |       [0;32;40m2.33984375[0m       |
|           [0;34;40mhardware/cpu_percent[0m          |   [0;32;40m45.20000076293945[0m    |
|         [0;34;40mhardware/disk_read_mb_s[0m         |          [0;32;40m0.0[0m           |
|         [0;34;40mhardware/disk_write_mb_s[0m        |  [0;32;40m0.19287145137786865[0m   |
|          [0;34;40mhardware/net_recv_mb_s[0m         |  [0;32;40m0.03660520166158676[0m   |
|          [0;34;40mhardware/net_sent_mb_s[0m         |    [0;32;40m8.0328369140625[0m     |
|           [0;34;40mhardware/ram_used_gb[0m          |   [0;32;40m510.69744873046875[0m   |
|          [0;34;40mhardware/ram_used_pct[0m          |   [0;32;40m27.299999237060547[0m   |
|           [0;34;40mhparams/lr_default_0[0m          | [0;32;40m4.959641591995023e-05[0m  |
|        [0;34;40mvalidate/active_dim_count[0m        |         [0;32;40m192.0[0m          |
|     [0;34;40mvalidate/active_dim_count_epoch[0m     |         [0;32;40m192.0[0m          |
|           [0;34;40mvalidate/latent_mean[0m          | [0;32;40m0.0027832919731736183[0m  |
|        [0;34;40mvalidate/latent_mean_epoch[0m       | [0;32;40m0.0027832919731736183[0m  |
|           [0;34;40mvalidate/latent_norm[0m          |   [0;32;40m17.531599044799805[0m   |
|        [0;34;40mvalidate/latent_norm_epoch[0m       |   [0;32;40m17.531599044799805[0m   |
|           [0;34;40mvalidate/latent_std[0m           |   [0;32;40m1.2908058166503906[0m   |
|        [0;34;40mvalidate/latent_std_epoch[0m        |   [0;32;40m1.2908058166503906[0m   |
|              [0;34;40mvalidate/loss[0m              |   [0;32;40m3.3878536224365234[0m   |
|           [0;34;40mvalidate/loss_epoch[0m           |   [0;32;40m3.3878536224365234[0m   |
|         [0;34;40mvalidate/loss_future_cos[0m        |  [0;32;40m0.11732599884271622[0m   |
|      [0;34;40mvalidate/loss_future_cos_epoch[0m     |  [0;32;40m0.11732599884271622[0m   |
|         [0;34;40mvalidate/loss_future_l1[0m         |   [0;32;40m0.4993683993816376[0m   |
|      [0;34;40mvalidate/loss_future_l1_epoch[0m      |   [0;32;40m0.4993683993816376[0m   |
|            [0;34;40mvalidate/loss_mse[0m            |   [0;32;40m0.413646936416626[0m    |
|         [0;34;40mvalidate/loss_mse_epoch[0m         |   [0;32;40m0.413646936416626[0m    |
|       [0;34;40mvalidate/loss_mse_horizon_01[0m      |  [0;32;40m0.43417519330978394[0m   |
|    [0;34;40mvalidate/loss_mse_horizon_01_epoch[0m   |  [0;32;40m0.43417519330978394[0m   |
|       [0;34;40mvalidate/loss_mse_horizon_02[0m      |   [0;32;40m0.4039110243320465[0m   |
|    [0;34;40mvalidate/loss_mse_horizon_02_epoch[0m   |   [0;32;40m0.4039110243320465[0m   |
|       [0;34;40mvalidate/loss_mse_horizon_03[0m      |   [0;32;40m0.4028545618057251[0m   |
|    [0;34;40mvalidate/loss_mse_horizon_03_epoch[0m   |   [0;32;40m0.4028545618057251[0m   |
|           [0;34;40mvalidate/loss_total[0m           |   [0;32;40m3.3878536224365234[0m   |
|        [0;34;40mvalidate/loss_total_epoch[0m        |   [0;32;40m3.3878536224365234[0m   |
|    [0;34;40mvalidate/pairwise_cos_hist_bin_00[0m    |          [0;32;40m0.0[0m           |
| [0;34;40mvalidate/pairwise_cos_hist_bin_00_epoch[0m |          [0;32;40m0.0[0m           |
|    [0;34;40mvalidate/pairwise_cos_hist_bin_01[0m    |          [0;32;40m0.0[0m           |
| [0;34;40mvalidate/pairwise_cos_hist_bin_01_epoch[0m |          [0;32;40m0.0[0m           |
|    [0;34;40mvalidate/pairwise_cos_hist_bin_02[0m    |          [0;32;40m0.0[0m           |
| [0;34;40mvalidate/pairwise_cos_hist_bin_02_epoch[0m |          [0;32;40m0.0[0m           |
|    [0;34;40mvalidate/pairwise_cos_hist_bin_03[0m    |          [0;32;40m0.0[0m           |
| [0;34;40mvalidate/pairwise_cos_hist_bin_03_epoch[0m |          [0;32;40m0.0[0m           |
|    [0;34;40mvalidate/pairwise_cos_hist_bin_04[0m    |          [0;32;40m0.0[0m           |
| [0;34;40mvalidate/pairwise_cos_hist_bin_04_epoch[0m |          [0;32;40m0.0[0m           |
|    [0;34;40mvalidate/pairwise_cos_hist_bin_05[0m    |          [0;32;40m0.0[0m           |
| [0;34;40mvalidate/pairwise_cos_hist_bin_05_epoch[0m |          [0;32;40m0.0[0m           |
|    [0;34;40mvalidate/pairwise_cos_hist_bin_06[0m    | [0;32;40m5.179256731935311e-06[0m  |
| [0;34;40mvalidate/pairwise_cos_hist_bin_06_epoch[0m | [0;32;40m5.179256731935311e-06[0m  |
|    [0;34;40mvalidate/pairwise_cos_hist_bin_07[0m    | [0;32;40m0.00029579090187326074[0m |
| [0;34;40mvalidate/pairwise_cos_hist_bin_07_epoch[0m | [0;32;40m0.00029579090187326074[0m |
|    [0;34;40mvalidate/pairwise_cos_hist_bin_08[0m    | [0;32;40m0.0034624352119863033[0m  |
| [0;34;40mvalidate/pairwise_cos_hist_bin_08_epoch[0m | [0;32;40m0.0034624352119863033[0m  |
|    [0;34;40mvalidate/pairwise_cos_hist_bin_09[0m    |  [0;32;40m0.019174618646502495[0m  |
| [0;34;40mvalidate/pairwise_cos_hist_bin_09_epoch[0m |  [0;32;40m0.019174618646502495[0m  |
|    [0;34;40mvalidate/pairwise_cos_hist_bin_10[0m    |  [0;32;40m0.06891646981239319[0m   |
| [0;34;40mvalidate/pairwise_cos_hist_bin_10_epoch[0m |  [0;32;40m0.06891646981239319[0m   |
|    [0;34;40mvalidate/pairwise_cos_hist_bin_11[0m    |  [0;32;40m0.13705454766750336[0m   |
| [0;34;40mvalidate/pairwise_cos_hist_bin_11_epoch[0m |  [0;32;40m0.13705454766750336[0m   |
|    [0;34;40mvalidate/pairwise_cos_hist_bin_12[0m    |   [0;32;40m0.183866485953331[0m    |
| [0;34;40mvalidate/pairwise_cos_hist_bin_12_epoch[0m |   [0;32;40m0.183866485953331[0m    |
|    [0;34;40mvalidate/pairwise_cos_hist_bin_13[0m    |  [0;32;40m0.19167986512184143[0m   |
| [0;34;40mvalidate/pairwise_cos_hist_bin_13_epoch[0m |  [0;32;40m0.19167986512184143[0m   |
|    [0;34;40mvalidate/pairwise_cos_hist_bin_14[0m    |   [0;32;40m0.164595365524292[0m    |
| [0;34;40mvalidate/pairwise_cos_hist_bin_14_epoch[0m |   [0;32;40m0.164595365524292[0m    |
|    [0;34;40mvalidate/pairwise_cos_hist_bin_15[0m    |  [0;32;40m0.11189819872379303[0m   |
| [0;34;40mvalidate/pairwise_cos_hist_bin_15_epoch[0m |  [0;32;40m0.11189819872379303[0m   |
|    [0;34;40mvalidate/pairwise_cos_hist_bin_16[0m    |  [0;32;40m0.056572817265987396[0m  |
| [0;34;40mvalidate/pairwise_cos_hist_bin_16_epoch[0m |  [0;32;40m0.056572817265987396[0m  |
|    [0;34;40mvalidate/pairwise_cos_hist_bin_17[0m    |   [0;32;40m0.0287348423153162[0m   |
| [0;34;40mvalidate/pairwise_cos_hist_bin_17_epoch[0m |   [0;32;40m0.0287348423153162[0m   |
|    [0;34;40mvalidate/pairwise_cos_hist_bin_18[0m    |  [0;32;40m0.01898442581295967[0m   |
| [0;34;40mvalidate/pairwise_cos_hist_bin_18_epoch[0m |  [0;32;40m0.01898442581295967[0m   |
|    [0;34;40mvalidate/pairwise_cos_hist_bin_19[0m    |  [0;32;40m0.014758981764316559[0m  |
| [0;34;40mvalidate/pairwise_cos_hist_bin_19_epoch[0m |  [0;32;40m0.014758981764316559[0m  |
|        [0;34;40mvalidate/pairwise_cos_max[0m        |          [0;32;40m1.0[0m           |
|     [0;34;40mvalidate/pairwise_cos_max_epoch[0m     |          [0;32;40m1.0[0m           |
|        [0;34;40mvalidate/pairwise_cos_mean[0m       |   [0;32;40m0.3593519330024719[0m   |
|     [0;34;40mvalidate/pairwise_cos_mean_epoch[0m    |   [0;32;40m0.3593519330024719[0m   |
|        [0;34;40mvalidate/pairwise_cos_min[0m        |  [0;32;40m-0.28029829263687134[0m  |
|     [0;34;40mvalidate/pairwise_cos_min_epoch[0m     |  [0;32;40m-0.28029829263687134[0m  |
|        [0;34;40mvalidate/pairwise_cos_std[0m        |  [0;32;40m0.20604966580867767[0m   |
|     [0;34;40mvalidate/pairwise_cos_std_epoch[0m     |  [0;32;40m0.20604966580867767[0m   |
|            [0;34;40mvalidate/pred_loss[0m           |   [0;32;40m0.413646936416626[0m    |
|         [0;34;40mvalidate/pred_loss_epoch[0m        |   [0;32;40m0.413646936416626[0m    |
|           [0;34;40mvalidate/sigreg_loss[0m          |   [0;32;40m33.04548263549805[0m    |
|        [0;34;40mvalidate/sigreg_loss_epoch[0m       |   [0;32;40m33.04548263549805[0m    |
+-----------------------------------------+------------------------+
15:40:26 | INFO  | utils.py    | 📦📦📦 Model saved to /data1/Johnny/challenge/wrf/homework/outputs/stable-wm/checkpoints/lewm_reacher_15/weights_epoch_1.pt 📦📦📦
[Epoch 0/15] done in 1812.5s
15:40:26 | INFO  | checkpoint_~|   Checking for non PyTorch modules to save
15:40:26 | INFO  | atomic_chec~| [atomic_save] → /data1/Johnny/challenge/wrf/homework/outputs/home/.cache/stable-pretraining/runs/20260715/150757/246fc50c1277/checkpoints/epoch=0-step=1599.ckpt
15:40:27 | INFO  | atomic_chec~| [atomic_save] ✓ epoch=0-step=1599.ckpt saved (206.8 MiB, serialise=0.80s write=0.24s rename=0.1ms)
15:40:27 | INFO  | checkpoint_~|   Checking for non PyTorch modules to save
15:40:27 | INFO  | atomic_chec~| [atomic_save] → /data1/Johnny/challenge/wrf/homework/outputs/home/.cache/stable-pretraining/runs/20260715/150757/246fc50c1277/checkpoints/last.ckpt
15:40:27 | INFO  | atomic_chec~| [atomic_save] ✓ last.ckpt saved (206.8 MiB, serialise=0.32s write=0.19s rename=0.0ms)
[Epoch 1/15] step 50/1599 (0.8 it/s)
[Epoch 1/15] step 50/1599 (0.8 it/s)
[Epoch 1/15] step 50/1599 (0.8 it/s)
[Epoch 1/15] step 50/1599 (0.8 it/s)
[Epoch 1/15] step 50/1599 (0.8 it/s)
[Epoch 1/15] step 50/1599 (0.8 it/s)
[Epoch 1/15] step 50/1599 (0.8 it/s)
[Epoch 1/15] step 50/1599 (0.8 it/s)
[Epoch 1/15] step 100/1599 (0.9 it/s)
[Epoch 1/15] step 100/1599 (0.9 it/s)
[Epoch 1/15] step 100/1599 (0.9 it/s)
[Epoch 1/15] step 100/1599 (0.9 it/s)
[Epoch 1/15] step 100/1599 (0.9 it/s)
[Epoch 1/15] step 100/1599 (0.9 it/s)
[Epoch 1/15] step 100/1599 (0.9 it/s)
[Epoch 1/15] step 100/1599 (0.9 it/s)
[Epoch 1/15] step 150/1599 (0.9 it/s)
[Epoch 1/15] step 150/1599 (0.9 it/s)
[Epoch 1/15] step 150/1599 (0.9 it/s)
[Epoch 1/15] step 150/1599 (0.9 it/s)
[Epoch 1/15] step 150/1599 (0.9 it/s)
[Epoch 1/15] step 150/1599 (0.9 it/s)
[Epoch 1/15] step 150/1599 (0.9 it/s)
[Epoch 1/15] step 150/1599 (0.9 it/s)
[Epoch 1/15] step 200/1599 (0.9 it/s)
[Epoch 1/15] step 200/1599 (0.9 it/s)
[Epoch 1/15] step 200/1599 (0.9 it/s)
[Epoch 1/15] step 200/1599 (0.9 it/s)
[Epoch 1/15] step 200/1599 (0.9 it/s)
[Epoch 1/15] step 200/1599 (0.9 it/s)
[Epoch 1/15] step 200/1599 (0.9 it/s)
[Epoch 1/15] step 200/1599 (0.9 it/s)
[Epoch 1/15] step 250/1599 (0.9 it/s)
[Epoch 1/15] step 250/1599 (0.9 it/s)
[Epoch 1/15] step 250/1599 (0.9 it/s)
[Epoch 1/15] step 250/1599 (0.9 it/s)
[Epoch 1/15] step 250/1599 (0.9 it/s)
[Epoch 1/15] step 250/1599 (0.9 it/s)
[Epoch 1/15] step 250/1599 (0.9 it/s)
[Epoch 1/15] step 250/1599 (0.9 it/s)
[Epoch 1/15] step 300/1599 (0.9 it/s)
[Epoch 1/15] step 300/1599 (0.9 it/s)
[Epoch 1/15] step 300/1599 (0.9 it/s)
[Epoch 1/15] step 300/1599 (0.9 it/s)
[Epoch 1/15] step 300/1599 (0.9 it/s)
[Epoch 1/15] step 300/1599 (0.9 it/s)
[Epoch 1/15] step 300/1599 (0.9 it/s)
[Epoch 1/15] step 300/1599 (0.9 it/s)
[Epoch 1/15] step 350/1599 (0.9 it/s)
[Epoch 1/15] step 350/1599 (0.9 it/s)
[Epoch 1/15] step 350/1599 (0.9 it/s)
[Epoch 1/15] step 350/1599 (0.9 it/s)
[Epoch 1/15] step 350/1599 (0.9 it/s)
[Epoch 1/15] step 350/1599 (0.9 it/s)
[Epoch 1/15] step 350/1599 (0.9 it/s)
[Epoch 1/15] step 350/1599 (0.9 it/s)
[Epoch 1/15] step 400/1599 (0.9 it/s)
[Epoch 1/15] step 400/1599 (0.9 it/s)
[Epoch 1/15] step 400/1599 (0.9 it/s)
[Epoch 1/15] step 400/1599 (0.9 it/s)
[Epoch 1/15] step 400/1599 (0.9 it/s)
[Epoch 1/15] step 400/1599 (0.9 it/s)
[Epoch 1/15] step 400/1599 (0.9 it/s)
[Epoch 1/15] step 400/1599 (0.9 it/s)
[Epoch 1/15] step 450/1599 (1.0 it/s)
[Epoch 1/15] step 450/1599 (1.0 it/s)
[Epoch 1/15] step 450/1599 (1.0 it/s)
[Epoch 1/15] step 450/1599 (1.0 it/s)
[Epoch 1/15] step 450/1599 (1.0 it/s)
[Epoch 1/15] step 450/1599 (1.0 it/s)
[Epoch 1/15] step 450/1599 (1.0 it/s)
[Epoch 1/15] step 450/1599 (1.0 it/s)
[Epoch 1/15] step 500/1599 (1.0 it/s)
[Epoch 1/15] step 500/1599 (1.0 it/s)
[Epoch 1/15] step 500/1599 (1.0 it/s)
[Epoch 1/15] step 500/1599 (1.0 it/s)
[Epoch 1/15] step 500/1599 (1.0 it/s)
[Epoch 1/15] step 500/1599 (1.0 it/s)
[Epoch 1/15] step 500/1599 (1.0 it/s)
[Epoch 1/15] step 500/1599 (1.0 it/s)
[Epoch 1/15] step 550/1599 (1.0 it/s)
[Epoch 1/15] step 550/1599 (1.0 it/s)
[Epoch 1/15] step 550/1599 (1.0 it/s)
[Epoch 1/15] step 550/1599 (1.0 it/s)
[Epoch 1/15] step 550/1599 (1.0 it/s)
[Epoch 1/15] step 550/1599 (1.0 it/s)
[Epoch 1/15] step 550/1599 (1.0 it/s)
[Epoch 1/15] step 550/1599 (1.0 it/s)
[Epoch 1/15] step 600/1599 (1.0 it/s)
[Epoch 1/15] step 600/1599 (1.0 it/s)
[Epoch 1/15] step 600/1599 (1.0 it/s)
[Epoch 1/15] step 600/1599 (1.0 it/s)
[Epoch 1/15] step 600/1599 (1.0 it/s)
[Epoch 1/15] step 600/1599 (1.0 it/s)
[Epoch 1/15] step 600/1599 (1.0 it/s)
[Epoch 1/15] step 600/1599 (1.0 it/s)
[Epoch 1/15] step 650/1599 (1.0 it/s)
[Epoch 1/15] step 650/1599 (1.0 it/s)
[Epoch 1/15] step 650/1599 (1.0 it/s)
[Epoch 1/15] step 650/1599 (1.0 it/s)
[Epoch 1/15] step 650/1599 (1.0 it/s)
[Epoch 1/15] step 650/1599 (1.0 it/s)
[Epoch 1/15] step 650/1599 (1.0 it/s)
[Epoch 1/15] step 650/1599 (1.0 it/s)
[Epoch 1/15] step 700/1599 (1.0 it/s)
[Epoch 1/15] step 700/1599 (1.0 it/s)
[Epoch 1/15] step 700/1599 (1.0 it/s)
[Epoch 1/15] step 700/1599 (1.0 it/s)
[Epoch 1/15] step 700/1599 (1.0 it/s)
[Epoch 1/15] step 700/1599 (1.0 it/s)
[Epoch 1/15] step 700/1599 (1.0 it/s)
[Epoch 1/15] step 700/1599 (1.0 it/s)
[Epoch 1/15] step 750/1599 (1.0 it/s)
[Epoch 1/15] step 750/1599 (1.0 it/s)
[Epoch 1/15] step 750/1599 (1.0 it/s)
[Epoch 1/15] step 750/1599 (1.0 it/s)
[Epoch 1/15] step 750/1599 (1.0 it/s)
[Epoch 1/15] step 750/1599 (1.0 it/s)
[Epoch 1/15] step 750/1599 (1.0 it/s)
[Epoch 1/15] step 750/1599 (1.0 it/s)
[Epoch 1/15] step 800/1599 (1.0 it/s)
[Epoch 1/15] step 800/1599 (1.0 it/s)
[Epoch 1/15] step 800/1599 (1.0 it/s)
[Epoch 1/15] step 800/1599 (1.0 it/s)
[Epoch 1/15] step 800/1599 (1.0 it/s)
[Epoch 1/15] step 800/1599 (1.0 it/s)
[Epoch 1/15] step 800/1599 (1.0 it/s)
[Epoch 1/15] step 800/1599 (1.0 it/s)
[Epoch 1/15] step 850/1599 (1.0 it/s)
[Epoch 1/15] step 850/1599 (1.0 it/s)
[Epoch 1/15] step 850/1599 (1.0 it/s)
[Epoch 1/15] step 850/1599 (1.0 it/s)
[Epoch 1/15] step 850/1599 (1.0 it/s)
[Epoch 1/15] step 850/1599 (1.0 it/s)
[Epoch 1/15] step 850/1599 (1.0 it/s)
[Epoch 1/15] step 850/1599 (1.0 it/s)
[Epoch 1/15] step 900/1599 (1.0 it/s)
[Epoch 1/15] step 900/1599 (1.0 it/s)
[Epoch 1/15] step 900/1599 (1.0 it/s)
[Epoch 1/15] step 900/1599 (1.0 it/s)
[Epoch 1/15] step 900/1599 (1.0 it/s)
[Epoch 1/15] step 900/1599 (1.0 it/s)
[Epoch 1/15] step 900/1599 (1.0 it/s)
[Epoch 1/15] step 900/1599 (1.0 it/s)
[Epoch 1/15] step 950/1599 (1.0 it/s)
[Epoch 1/15] step 950/1599 (1.0 it/s)
[Epoch 1/15] step 950/1599 (1.0 it/s)
[Epoch 1/15] step 950/1599 (1.0 it/s)
[Epoch 1/15] step 950/1599 (1.0 it/s)
[Epoch 1/15] step 950/1599 (1.0 it/s)
[Epoch 1/15] step 950/1599 (1.0 it/s)
[Epoch 1/15] step 950/1599 (1.0 it/s)
[Epoch 1/15] step 1000/1599 (1.0 it/s)
[Epoch 1/15] step 1000/1599 (1.0 it/s)
[Epoch 1/15] step 1000/1599 (1.0 it/s)
[Epoch 1/15] step 1000/1599 (1.0 it/s)
[Epoch 1/15] step 1000/1599 (1.0 it/s)
[Epoch 1/15] step 1000/1599 (1.0 it/s)
[Epoch 1/15] step 1000/1599 (1.0 it/s)
[Epoch 1/15] step 1000/1599 (1.0 it/s)
[Epoch 1/15] step 1050/1599 (1.0 it/s)
[Epoch 1/15] step 1050/1599 (1.0 it/s)
[Epoch 1/15] step 1050/1599 (1.0 it/s)
[Epoch 1/15] step 1050/1599 (1.0 it/s)
[Epoch 1/15] step 1050/1599 (1.0 it/s)
[Epoch 1/15] step 1050/1599 (1.0 it/s)
[Epoch 1/15] step 1050/1599 (1.0 it/s)
[Epoch 1/15] step 1050/1599 (1.0 it/s)
[Epoch 1/15] step 1100/1599 (1.0 it/s)
[Epoch 1/15] step 1100/1599 (1.0 it/s)
[Epoch 1/15] step 1100/1599 (1.0 it/s)
[Epoch 1/15] step 1100/1599 (1.0 it/s)
[Epoch 1/15] step 1100/1599 (1.0 it/s)
[Epoch 1/15] step 1100/1599 (1.0 it/s)
[Epoch 1/15] step 1100/1599 (1.0 it/s)
[Epoch 1/15] step 1100/1599 (1.0 it/s)
[Epoch 1/15] step 1150/1599 (1.0 it/s)
[Epoch 1/15] step 1150/1599 (1.0 it/s)
[Epoch 1/15] step 1150/1599 (1.0 it/s)
[Epoch 1/15] step 1150/1599 (1.0 it/s)
[Epoch 1/15] step 1150/1599 (1.0 it/s)
[Epoch 1/15] step 1150/1599 (1.0 it/s)
[Epoch 1/15] step 1150/1599 (1.0 it/s)
[Epoch 1/15] step 1150/1599 (1.0 it/s)
[Epoch 1/15] step 1200/1599 (1.0 it/s)
[Epoch 1/15] step 1200/1599 (1.0 it/s)
[Epoch 1/15] step 1200/1599 (1.0 it/s)
[Epoch 1/15] step 1200/1599 (1.0 it/s)
[Epoch 1/15] step 1200/1599 (1.0 it/s)
[Epoch 1/15] step 1200/1599 (1.0 it/s)
[Epoch 1/15] step 1200/1599 (1.0 it/s)
[Epoch 1/15] step 1200/1599 (1.0 it/s)
[Epoch 1/15] step 1250/1599 (1.0 it/s)
[Epoch 1/15] step 1250/1599 (1.0 it/s)
[Epoch 1/15] step 1250/1599 (1.0 it/s)
[Epoch 1/15] step 1250/1599 (1.0 it/s)
[Epoch 1/15] step 1250/1599 (1.0 it/s)
[Epoch 1/15] step 1250/1599 (1.0 it/s)
[Epoch 1/15] step 1250/1599 (1.0 it/s)
[Epoch 1/15] step 1250/1599 (1.0 it/s)
[Epoch 1/15] step 1300/1599 (1.0 it/s)
[Epoch 1/15] step 1300/1599 (1.0 it/s)
[Epoch 1/15] step 1300/1599 (1.0 it/s)
[Epoch 1/15] step 1300/1599 (1.0 it/s)
[Epoch 1/15] step 1300/1599 (1.0 it/s)
[Epoch 1/15] step 1300/1599 (1.0 it/s)
[Epoch 1/15] step 1300/1599 (1.0 it/s)
[Epoch 1/15] step 1300/1599 (1.0 it/s)
[Epoch 1/15] step 1350/1599 (1.0 it/s)
[Epoch 1/15] step 1350/1599 (1.0 it/s)
[Epoch 1/15] step 1350/1599 (1.0 it/s)
[Epoch 1/15] step 1350/1599 (1.0 it/s)
[Epoch 1/15] step 1350/1599 (1.0 it/s)
[Epoch 1/15] step 1350/1599 (1.0 it/s)
[Epoch 1/15] step 1350/1599 (1.0 it/s)
[Epoch 1/15] step 1350/1599 (1.0 it/s)
[Epoch 1/15] step 1400/1599 (1.0 it/s)
[Epoch 1/15] step 1400/1599 (1.0 it/s)
[Epoch 1/15] step 1400/1599 (1.0 it/s)
[Epoch 1/15] step 1400/1599 (1.0 it/s)
[Epoch 1/15] step 1400/1599 (1.0 it/s)
[Epoch 1/15] step 1400/1599 (1.0 it/s)
[Epoch 1/15] step 1400/1599 (1.0 it/s)
[Epoch 1/15] step 1400/1599 (1.0 it/s)
[Epoch 1/15] step 1450/1599 (1.0 it/s)
[Epoch 1/15] step 1450/1599 (1.0 it/s)
[Epoch 1/15] step 1450/1599 (1.0 it/s)
[Epoch 1/15] step 1450/1599 (1.0 it/s)
[Epoch 1/15] step 1450/1599 (1.0 it/s)
[Epoch 1/15] step 1450/1599 (1.0 it/s)
[Epoch 1/15] step 1450/1599 (1.0 it/s)
[Epoch 1/15] step 1450/1599 (1.0 it/s)
[Epoch 1/15] step 1500/1599 (1.0 it/s)
[Epoch 1/15] step 1500/1599 (1.0 it/s)
[Epoch 1/15] step 1500/1599 (1.0 it/s)
[Epoch 1/15] step 1500/1599 (1.0 it/s)
[Epoch 1/15] step 1500/1599 (1.0 it/s)
[Epoch 1/15] step 1500/1599 (1.0 it/s)
[Epoch 1/15] step 1500/1599 (1.0 it/s)
[Epoch 1/15] step 1500/1599 (1.0 it/s)
[Epoch 1/15] step 1550/1599 (1.0 it/s)
[Epoch 1/15] step 1550/1599 (1.0 it/s)
[Epoch 1/15] step 1550/1599 (1.0 it/s)
[Epoch 1/15] step 1550/1599 (1.0 it/s)
[Epoch 1/15] step 1550/1599 (1.0 it/s)
[Epoch 1/15] step 1550/1599 (1.0 it/s)
[Epoch 1/15] step 1550/1599 (1.0 it/s)
[Epoch 1/15] step 1550/1599 (1.0 it/s)
[Epoch 1/15] done in 1838.2s
[Epoch 1/15] done in 1838.2s
[Epoch 1/15] done in 1838.2s
[Epoch 1/15] done in 1838.2s
[Epoch 1/15] done in 1838.2s
[Epoch 1/15] done in 1838.2s
[Epoch 1/15] done in 1838.2s
16:11:06 | INFO  | trainer_inf~| \n+-----------------------------------------+------------------------+
|                  Metric                 |         Value          |
+-----------------------------------------+------------------------+
|           [0;34;40mfit/active_dim_count[0m          |         [0;32;40m192.0[0m          |
|             [0;34;40mfit/latent_mean[0m             | [0;32;40m0.0003863618476316333[0m  |
|             [0;34;40mfit/latent_norm[0m             |   [0;32;40m13.425005912780762[0m   |
|              [0;34;40mfit/latent_std[0m             |   [0;32;40m0.9728193283081055[0m   |
|           [0;34;40mfit/learning_rate_0[0m           | [0;32;40m4.810868267668411e-05[0m  |
|                 [0;34;40mfit/loss[0m                |   [0;32;40m0.2078515589237213[0m   |
|           [0;34;40mfit/loss_future_cos[0m           |  [0;32;40m0.022974014282226562[0m  |
|            [0;34;40mfit/loss_future_l1[0m           |      [0;32;40m0.1435546875[0m      |
|               [0;34;40mfit/loss_mse[0m              |  [0;32;40m0.04256836324930191[0m   |
|         [0;34;40mfit/loss_mse_horizon_01[0m         |  [0;32;40m0.08843250572681427[0m   |
|         [0;34;40mfit/loss_mse_horizon_02[0m         |  [0;32;40m0.019899919629096985[0m  |
|         [0;34;40mfit/loss_mse_horizon_03[0m         |  [0;32;40m0.019372668117284775[0m  |
|              [0;34;40mfit/loss_total[0m             |   [0;32;40m0.2078515589237213[0m   |
|       [0;34;40mfit/pairwise_cos_hist_bin_00[0m      |          [0;32;40m0.0[0m           |
|       [0;34;40mfit/pairwise_cos_hist_bin_01[0m      |          [0;32;40m0.0[0m           |
|       [0;34;40mfit/pairwise_cos_hist_bin_02[0m      |          [0;32;40m0.0[0m           |
|       [0;34;40mfit/pairwise_cos_hist_bin_03[0m      |          [0;32;40m0.0[0m           |
|       [0;34;40mfit/pairwise_cos_hist_bin_04[0m      |          [0;32;40m0.0[0m           |
|       [0;34;40mfit/pairwise_cos_hist_bin_05[0m      |  [0;32;40m9.55540599534288e-06[0m  |
|       [0;34;40mfit/pairwise_cos_hist_bin_06[0m      | [0;32;40m0.0034313462674617767[0m  |
|       [0;34;40mfit/pairwise_cos_hist_bin_07[0m      |  [0;32;40m0.046675290912389755[0m  |
|       [0;34;40mfit/pairwise_cos_hist_bin_08[0m      |  [0;32;40m0.21945901215076447[0m   |
|       [0;34;40mfit/pairwise_cos_hist_bin_09[0m      |   [0;32;40m0.3608599007129669[0m   |
|       [0;34;40mfit/pairwise_cos_hist_bin_10[0m      |  [0;32;40m0.21115536987781525[0m   |
|       [0;34;40mfit/pairwise_cos_hist_bin_11[0m      |  [0;32;40m0.07266981899738312[0m   |
|       [0;34;40mfit/pairwise_cos_hist_bin_12[0m      |  [0;32;40m0.028416821733117104[0m  |
|       [0;34;40mfit/pairwise_cos_hist_bin_13[0m      |  [0;32;40m0.015127163380384445[0m  |
|       [0;34;40mfit/pairwise_cos_hist_bin_14[0m      |  [0;32;40m0.009874556213617325[0m  |
|       [0;34;40mfit/pairwise_cos_hist_bin_15[0m      |  [0;32;40m0.00790136493742466[0m   |
|       [0;34;40mfit/pairwise_cos_hist_bin_16[0m      |  [0;32;40m0.006775738205760717[0m  |
|       [0;34;40mfit/pairwise_cos_hist_bin_17[0m      |  [0;32;40m0.005779109429568052[0m  |
|       [0;34;40mfit/pairwise_cos_hist_bin_18[0m      |  [0;32;40m0.005943462252616882[0m  |
|       [0;34;40mfit/pairwise_cos_hist_bin_19[0m      |  [0;32;40m0.005921484902501106[0m  |
|           [0;34;40mfit/pairwise_cos_max[0m          |          [0;32;40m1.0[0m           |
|          [0;34;40mfit/pairwise_cos_mean[0m          | [0;32;40m-0.0016717910766601562[0m |
|           [0;34;40mfit/pairwise_cos_min[0m          |    [0;32;40m-0.392822265625[0m     |
|           [0;34;40mfit/pairwise_cos_std[0m          |     [0;32;40m0.185302734375[0m     |
|              [0;34;40mfit/pred_loss[0m              |  [0;32;40m0.04256836324930191[0m   |
|           [0;34;40mfit/samples_per_sec[0m           |   [0;32;40m1707.3416748046875[0m   |
|             [0;34;40mfit/sigreg_loss[0m             |      [0;32;40m1.837890625[0m       |
|           [0;34;40mhardware/cpu_percent[0m          |   [0;32;40m35.099998474121094[0m   |
|         [0;34;40mhardware/disk_read_mb_s[0m         |          [0;32;40m0.0[0m           |
|         [0;34;40mhardware/disk_write_mb_s[0m        |   [0;32;40m0.7903858423233032[0m   |
|          [0;34;40mhardware/net_recv_mb_s[0m         |  [0;32;40m0.026386858895421028[0m  |
|          [0;34;40mhardware/net_sent_mb_s[0m         |   [0;32;40m8.056511878967285[0m    |
|           [0;34;40mhardware/ram_used_gb[0m          |   [0;32;40m511.7121276855469[0m    |
|          [0;34;40mhardware/ram_used_pct[0m          |   [0;32;40m27.399999618530273[0m   |
|           [0;34;40mhparams/lr_default_0[0m          | [0;32;40m4.8108679038705304e-05[0m |
|        [0;34;40mvalidate/active_dim_count[0m        |         [0;32;40m192.0[0m          |
|     [0;34;40mvalidate/active_dim_count_epoch[0m     |         [0;32;40m192.0[0m          |
|           [0;34;40mvalidate/latent_mean[0m          |  [0;32;40m-0.05596424266695976[0m  |
|        [0;34;40mvalidate/latent_mean_epoch[0m       |  [0;32;40m-0.05596424266695976[0m  |
|           [0;34;40mvalidate/latent_norm[0m          |   [0;32;40m16.334564208984375[0m   |
|        [0;34;40mvalidate/latent_norm_epoch[0m       |   [0;32;40m16.334564208984375[0m   |
|           [0;34;40mvalidate/latent_std[0m           |   [0;32;40m1.1934396028518677[0m   |
|        [0;34;40mvalidate/latent_std_epoch[0m        |   [0;32;40m1.1934396028518677[0m   |
|              [0;34;40mvalidate/loss[0m              |   [0;32;40m2.2306971549987793[0m   |
|           [0;34;40mvalidate/loss_epoch[0m           |   [0;32;40m2.2306971549987793[0m   |
|         [0;34;40mvalidate/loss_future_cos[0m        |  [0;32;40m0.09889796376228333[0m   |
|      [0;34;40mvalidate/loss_future_cos_epoch[0m     |  [0;32;40m0.09889796376228333[0m   |
|         [0;34;40mvalidate/loss_future_l1[0m         |  [0;32;40m0.42815712094306946[0m   |
|      [0;34;40mvalidate/loss_future_l1_epoch[0m      |  [0;32;40m0.42815712094306946[0m   |
|            [0;34;40mvalidate/loss_mse[0m            |  [0;32;40m0.30383676290512085[0m   |
|         [0;34;40mvalidate/loss_mse_epoch[0m         |  [0;32;40m0.30383676290512085[0m   |
|       [0;34;40mvalidate/loss_mse_horizon_01[0m      |  [0;32;40m0.33093106746673584[0m   |
|    [0;34;40mvalidate/loss_mse_horizon_01_epoch[0m   |  [0;32;40m0.33093106746673584[0m   |
|       [0;34;40mvalidate/loss_mse_horizon_02[0m      |   [0;32;40m0.2869858741760254[0m   |
|    [0;34;40mvalidate/loss_mse_horizon_02_epoch[0m   |   [0;32;40m0.2869858741760254[0m   |
|       [0;34;40mvalidate/loss_mse_horizon_03[0m      |   [0;32;40m0.2935933470726013[0m   |
|    [0;34;40mvalidate/loss_mse_horizon_03_epoch[0m   |   [0;32;40m0.2935933470726013[0m   |
|           [0;34;40mvalidate/loss_total[0m           |   [0;32;40m2.2306971549987793[0m   |
|        [0;34;40mvalidate/loss_total_epoch[0m        |   [0;32;40m2.2306971549987793[0m   |
|    [0;34;40mvalidate/pairwise_cos_hist_bin_00[0m    |          [0;32;40m0.0[0m           |
| [0;34;40mvalidate/pairwise_cos_hist_bin_00_epoch[0m |          [0;32;40m0.0[0m           |
|    [0;34;40mvalidate/pairwise_cos_hist_bin_01[0m    |          [0;32;40m0.0[0m           |
| [0;34;40mvalidate/pairwise_cos_hist_bin_01_epoch[0m |          [0;32;40m0.0[0m           |
|    [0;34;40mvalidate/pairwise_cos_hist_bin_02[0m    |          [0;32;40m0.0[0m           |
| [0;34;40mvalidate/pairwise_cos_hist_bin_02_epoch[0m |          [0;32;40m0.0[0m           |
|    [0;34;40mvalidate/pairwise_cos_hist_bin_03[0m    |          [0;32;40m0.0[0m           |
| [0;34;40mvalidate/pairwise_cos_hist_bin_03_epoch[0m |          [0;32;40m0.0[0m           |
|    [0;34;40mvalidate/pairwise_cos_hist_bin_04[0m    |          [0;32;40m0.0[0m           |
| [0;34;40mvalidate/pairwise_cos_hist_bin_04_epoch[0m |          [0;32;40m0.0[0m           |
|    [0;34;40mvalidate/pairwise_cos_hist_bin_05[0m    |          [0;32;40m0.0[0m           |
| [0;34;40mvalidate/pairwise_cos_hist_bin_05_epoch[0m |          [0;32;40m0.0[0m           |
|    [0;34;40mvalidate/pairwise_cos_hist_bin_06[0m    | [0;32;40m4.1934578121072263e-07[0m |
| [0;34;40mvalidate/pairwise_cos_hist_bin_06_epoch[0m | [0;32;40m4.1934578121072263e-07[0m |
|    [0;34;40mvalidate/pairwise_cos_hist_bin_07[0m    |  [0;32;40m0.000536545121576637[0m  |
| [0;34;40mvalidate/pairwise_cos_hist_bin_07_epoch[0m |  [0;32;40m0.000536545121576637[0m  |
|    [0;34;40mvalidate/pairwise_cos_hist_bin_08[0m    |  [0;32;40m0.008453658781945705[0m  |
| [0;34;40mvalidate/pairwise_cos_hist_bin_08_epoch[0m |  [0;32;40m0.008453658781945705[0m  |
|    [0;34;40mvalidate/pairwise_cos_hist_bin_09[0m    |  [0;32;40m0.05525677278637886[0m   |
| [0;34;40mvalidate/pairwise_cos_hist_bin_09_epoch[0m |  [0;32;40m0.05525677278637886[0m   |
|    [0;34;40mvalidate/pairwise_cos_hist_bin_10[0m    |   [0;32;40m0.176932692527771[0m    |
| [0;34;40mvalidate/pairwise_cos_hist_bin_10_epoch[0m |   [0;32;40m0.176932692527771[0m    |
|    [0;34;40mvalidate/pairwise_cos_hist_bin_11[0m    |  [0;32;40m0.24132636189460754[0m   |
| [0;34;40mvalidate/pairwise_cos_hist_bin_11_epoch[0m |  [0;32;40m0.24132636189460754[0m   |
|    [0;34;40mvalidate/pairwise_cos_hist_bin_12[0m    |   [0;32;40m0.199100062251091[0m    |
| [0;34;40mvalidate/pairwise_cos_hist_bin_12_epoch[0m |   [0;32;40m0.199100062251091[0m    |
|    [0;34;40mvalidate/pairwise_cos_hist_bin_13[0m    |  [0;32;40m0.12857502698898315[0m   |
| [0;34;40mvalidate/pairwise_cos_hist_bin_13_epoch[0m |  [0;32;40m0.12857502698898315[0m   |
|    [0;34;40mvalidate/pairwise_cos_hist_bin_14[0m    |  [0;32;40m0.08376108109951019[0m   |
| [0;34;40mvalidate/pairwise_cos_hist_bin_14_epoch[0m |  [0;32;40m0.08376108109951019[0m   |
|    [0;34;40mvalidate/pairwise_cos_hist_bin_15[0m    |  [0;32;40m0.047217901796102524[0m  |
| [0;34;40mvalidate/pairwise_cos_hist_bin_15_epoch[0m |  [0;32;40m0.047217901796102524[0m  |
|    [0;34;40mvalidate/pairwise_cos_hist_bin_16[0m    |  [0;32;40m0.02372550033032894[0m   |
| [0;34;40mvalidate/pairwise_cos_hist_bin_16_epoch[0m |  [0;32;40m0.02372550033032894[0m   |
|    [0;34;40mvalidate/pairwise_cos_hist_bin_17[0m    |  [0;32;40m0.014098118059337139[0m  |
| [0;34;40mvalidate/pairwise_cos_hist_bin_17_epoch[0m |  [0;32;40m0.014098118059337139[0m  |
|    [0;34;40mvalidate/pairwise_cos_hist_bin_18[0m    |  [0;32;40m0.010907581076025963[0m  |
| [0;34;40mvalidate/pairwise_cos_hist_bin_18_epoch[0m |  [0;32;40m0.010907581076025963[0m  |
|    [0;34;40mvalidate/pairwise_cos_hist_bin_19[0m    |  [0;32;40m0.010108307003974915[0m  |
| [0;34;40mvalidate/pairwise_cos_hist_bin_19_epoch[0m |  [0;32;40m0.010108307003974915[0m  |
|        [0;34;40mvalidate/pairwise_cos_max[0m        |          [0;32;40m1.0[0m           |
|     [0;34;40mvalidate/pairwise_cos_max_epoch[0m     |          [0;32;40m1.0[0m           |
|        [0;34;40mvalidate/pairwise_cos_mean[0m       |   [0;32;40m0.2440325766801834[0m   |
|     [0;34;40mvalidate/pairwise_cos_mean_epoch[0m    |   [0;32;40m0.2440325766801834[0m   |
|        [0;34;40mvalidate/pairwise_cos_min[0m        |  [0;32;40m-0.27051791548728943[0m  |
|     [0;34;40mvalidate/pairwise_cos_min_epoch[0m     |  [0;32;40m-0.27051791548728943[0m  |
|        [0;34;40mvalidate/pairwise_cos_std[0m        |  [0;32;40m0.20029857754707336[0m   |
|     [0;34;40mvalidate/pairwise_cos_std_epoch[0m     |  [0;32;40m0.20029857754707336[0m   |
|            [0;34;40mvalidate/pred_loss[0m           |  [0;32;40m0.30383676290512085[0m   |
|         [0;34;40mvalidate/pred_loss_epoch[0m        |  [0;32;40m0.30383676290512085[0m   |
|           [0;34;40mvalidate/sigreg_loss[0m          |   [0;32;40m21.410673141479492[0m   |
|        [0;34;40mvalidate/sigreg_loss_epoch[0m       |   [0;32;40m21.410673141479492[0m   |
+-----------------------------------------+------------------------+
16:11:06 | INFO  | utils.py    | 📦📦📦 Model saved to /data1/Johnny/challenge/wrf/homework/outputs/stable-wm/checkpoints/lewm_reacher_15/weights_epoch_2.pt 📦📦📦
[Epoch 1/15] done in 1838.3s
16:11:06 | INFO  | checkpoint_~|   Checking for non PyTorch modules to save
16:11:06 | INFO  | atomic_chec~| [atomic_save] → /data1/Johnny/challenge/wrf/homework/outputs/home/.cache/stable-pretraining/runs/20260715/150757/246fc50c1277/checkpoints/epoch=1-step=3198.ckpt
16:11:06 | INFO  | atomic_chec~| [atomic_save] ✓ epoch=1-step=3198.ckpt saved (206.8 MiB, serialise=0.34s write=0.19s rename=0.0ms)
16:11:06 | INFO  | checkpoint_~|   Checking for non PyTorch modules to save
16:11:06 | INFO  | atomic_chec~| [atomic_save] → /data1/Johnny/challenge/wrf/homework/outputs/home/.cache/stable-pretraining/runs/20260715/150757/246fc50c1277/checkpoints/last.ckpt
16:11:07 | INFO  | atomic_chec~| [atomic_save] ✓ last.ckpt saved (206.8 MiB, serialise=0.34s write=0.24s rename=20.9ms)
[Epoch 2/15] step 50/1599 (0.8 it/s)
[Epoch 2/15] step 50/1599 (0.8 it/s)
[Epoch 2/15] step 50/1599 (0.8 it/s)
[Epoch 2/15] step 50/1599 (0.8 it/s)
[Epoch 2/15] step 50/1599 (0.8 it/s)
[Epoch 2/15] step 50/1599 (0.8 it/s)
[Epoch 2/15] step 50/1599 (0.8 it/s)
[Epoch 2/15] step 50/1599 (0.8 it/s)
[Epoch 2/15] step 100/1599 (0.9 it/s)
[Epoch 2/15] step 100/1599 (0.9 it/s)
[Epoch 2/15] step 100/1599 (0.9 it/s)
[Epoch 2/15] step 100/1599 (0.9 it/s)
[Epoch 2/15] step 100/1599 (0.9 it/s)
[Epoch 2/15] step 100/1599 (0.9 it/s)
[Epoch 2/15] step 100/1599 (0.9 it/s)
[Epoch 2/15] step 100/1599 (0.9 it/s)
[Epoch 2/15] step 150/1599 (0.9 it/s)
[Epoch 2/15] step 150/1599 (0.9 it/s)
[Epoch 2/15] step 150/1599 (0.9 it/s)
[Epoch 2/15] step 150/1599 (0.9 it/s)
[Epoch 2/15] step 150/1599 (0.9 it/s)
[Epoch 2/15] step 150/1599 (0.9 it/s)
[Epoch 2/15] step 150/1599 (0.9 it/s)
[Epoch 2/15] step 150/1599 (0.9 it/s)
[Epoch 2/15] step 200/1599 (0.9 it/s)
[Epoch 2/15] step 200/1599 (0.9 it/s)
[Epoch 2/15] step 200/1599 (0.9 it/s)
[Epoch 2/15] step 200/1599 (0.9 it/s)
[Epoch 2/15] step 200/1599 (0.9 it/s)
[Epoch 2/15] step 200/1599 (0.9 it/s)
[Epoch 2/15] step 200/1599 (0.9 it/s)
[Epoch 2/15] step 200/1599 (0.9 it/s)
[Epoch 2/15] step 250/1599 (0.9 it/s)
[Epoch 2/15] step 250/1599 (0.9 it/s)
[Epoch 2/15] step 250/1599 (0.9 it/s)
[Epoch 2/15] step 250/1599 (0.9 it/s)
[Epoch 2/15] step 250/1599 (0.9 it/s)
[Epoch 2/15] step 250/1599 (0.9 it/s)
[Epoch 2/15] step 250/1599 (0.9 it/s)
[Epoch 2/15] step 250/1599 (0.9 it/s)
[Epoch 2/15] step 300/1599 (1.0 it/s)
[Epoch 2/15] step 300/1599 (1.0 it/s)
[Epoch 2/15] step 300/1599 (1.0 it/s)
[Epoch 2/15] step 300/1599 (1.0 it/s)
[Epoch 2/15] step 300/1599 (1.0 it/s)
[Epoch 2/15] step 300/1599 (1.0 it/s)
[Epoch 2/15] step 300/1599 (1.0 it/s)
[Epoch 2/15] step 300/1599 (1.0 it/s)
[Epoch 2/15] step 350/1599 (1.0 it/s)
[Epoch 2/15] step 350/1599 (1.0 it/s)
[Epoch 2/15] step 350/1599 (1.0 it/s)
[Epoch 2/15] step 350/1599 (1.0 it/s)
[Epoch 2/15] step 350/1599 (1.0 it/s)
[Epoch 2/15] step 350/1599 (1.0 it/s)
[Epoch 2/15] step 350/1599 (1.0 it/s)
[Epoch 2/15] step 350/1599 (1.0 it/s)
[Epoch 2/15] step 400/1599 (1.0 it/s)
[Epoch 2/15] step 400/1599 (1.0 it/s)
[Epoch 2/15] step 400/1599 (1.0 it/s)
[Epoch 2/15] step 400/1599 (1.0 it/s)
[Epoch 2/15] step 400/1599 (1.0 it/s)
[Epoch 2/15] step 400/1599 (1.0 it/s)
[Epoch 2/15] step 400/1599 (1.0 it/s)
[Epoch 2/15] step 400/1599 (1.0 it/s)
[Epoch 2/15] step 450/1599 (1.0 it/s)
[Epoch 2/15] step 450/1599 (1.0 it/s)
[Epoch 2/15] step 450/1599 (1.0 it/s)
[Epoch 2/15] step 450/1599 (1.0 it/s)
[Epoch 2/15] step 450/1599 (1.0 it/s)
[Epoch 2/15] step 450/1599 (1.0 it/s)
[Epoch 2/15] step 450/1599 (1.0 it/s)
[Epoch 2/15] step 450/1599 (1.0 it/s)
[Epoch 2/15] step 500/1599 (1.0 it/s)
[Epoch 2/15] step 500/1599 (1.0 it/s)
[Epoch 2/15] step 500/1599 (1.0 it/s)
[Epoch 2/15] step 500/1599 (1.0 it/s)
[Epoch 2/15] step 500/1599 (1.0 it/s)
[Epoch 2/15] step 500/1599 (1.0 it/s)
[Epoch 2/15] step 500/1599 (1.0 it/s)
[Epoch 2/15] step 500/1599 (1.0 it/s)
[Epoch 2/15] step 550/1599 (1.0 it/s)
[Epoch 2/15] step 550/1599 (1.0 it/s)
[Epoch 2/15] step 550/1599 (1.0 it/s)
[Epoch 2/15] step 550/1599 (1.0 it/s)
[Epoch 2/15] step 550/1599 (1.0 it/s)
[Epoch 2/15] step 550/1599 (1.0 it/s)
[Epoch 2/15] step 550/1599 (1.0 it/s)
[Epoch 2/15] step 550/1599 (1.0 it/s)
[Epoch 2/15] step 600/1599 (1.0 it/s)
[Epoch 2/15] step 600/1599 (1.0 it/s)
[Epoch 2/15] step 600/1599 (1.0 it/s)
[Epoch 2/15] step 600/1599 (1.0 it/s)
[Epoch 2/15] step 600/1599 (1.0 it/s)
[Epoch 2/15] step 600/1599 (1.0 it/s)
[Epoch 2/15] step 600/1599 (1.0 it/s)
[Epoch 2/15] step 600/1599 (1.0 it/s)
[Epoch 2/15] step 650/1599 (1.0 it/s)
[Epoch 2/15] step 650/1599 (1.0 it/s)
[Epoch 2/15] step 650/1599 (1.0 it/s)
[Epoch 2/15] step 650/1599 (1.0 it/s)
[Epoch 2/15] step 650/1599 (1.0 it/s)
[Epoch 2/15] step 650/1599 (1.0 it/s)
[Epoch 2/15] step 650/1599 (1.0 it/s)
[Epoch 2/15] step 650/1599 (1.0 it/s)
[Epoch 2/15] step 700/1599 (1.0 it/s)
[Epoch 2/15] step 700/1599 (1.0 it/s)
[Epoch 2/15] step 700/1599 (1.0 it/s)
[Epoch 2/15] step 700/1599 (1.0 it/s)
[Epoch 2/15] step 700/1599 (1.0 it/s)
[Epoch 2/15] step 700/1599 (1.0 it/s)
[Epoch 2/15] step 700/1599 (1.0 it/s)
[Epoch 2/15] step 700/1599 (1.0 it/s)
[Epoch 2/15] step 750/1599 (1.0 it/s)
[Epoch 2/15] step 750/1599 (1.0 it/s)
[Epoch 2/15] step 750/1599 (1.0 it/s)
[Epoch 2/15] step 750/1599 (1.0 it/s)
[Epoch 2/15] step 750/1599 (1.0 it/s)
[Epoch 2/15] step 750/1599 (1.0 it/s)
[Epoch 2/15] step 750/1599 (1.0 it/s)
[Epoch 2/15] step 750/1599 (1.0 it/s)
[Epoch 2/15] step 800/1599 (1.0 it/s)
[Epoch 2/15] step 800/1599 (1.0 it/s)
[Epoch 2/15] step 800/1599 (1.0 it/s)
[Epoch 2/15] step 800/1599 (1.0 it/s)
[Epoch 2/15] step 800/1599 (1.0 it/s)
[Epoch 2/15] step 800/1599 (1.0 it/s)
[Epoch 2/15] step 800/1599 (1.0 it/s)
[Epoch 2/15] step 800/1599 (1.0 it/s)
[Epoch 2/15] step 850/1599 (1.0 it/s)
[Epoch 2/15] step 850/1599 (1.0 it/s)
[Epoch 2/15] step 850/1599 (1.0 it/s)
[Epoch 2/15] step 850/1599 (1.0 it/s)
[Epoch 2/15] step 850/1599 (1.0 it/s)
[Epoch 2/15] step 850/1599 (1.0 it/s)
[Epoch 2/15] step 850/1599 (1.0 it/s)
[Epoch 2/15] step 850/1599 (1.0 it/s)
[Epoch 2/15] step 900/1599 (1.0 it/s)
[Epoch 2/15] step 900/1599 (1.0 it/s)
[Epoch 2/15] step 900/1599 (1.0 it/s)
[Epoch 2/15] step 900/1599 (1.0 it/s)
[Epoch 2/15] step 900/1599 (1.0 it/s)
[Epoch 2/15] step 900/1599 (1.0 it/s)
[Epoch 2/15] step 900/1599 (1.0 it/s)
[Epoch 2/15] step 900/1599 (1.0 it/s)
[Epoch 2/15] step 950/1599 (1.0 it/s)
[Epoch 2/15] step 950/1599 (1.0 it/s)
[Epoch 2/15] step 950/1599 (1.0 it/s)
[Epoch 2/15] step 950/1599 (1.0 it/s)
[Epoch 2/15] step 950/1599 (1.0 it/s)
[Epoch 2/15] step 950/1599 (1.0 it/s)
[Epoch 2/15] step 950/1599 (1.0 it/s)
[Epoch 2/15] step 950/1599 (1.0 it/s)
[Epoch 2/15] step 1000/1599 (1.0 it/s)
[Epoch 2/15] step 1000/1599 (1.0 it/s)
[Epoch 2/15] step 1000/1599 (1.0 it/s)
[Epoch 2/15] step 1000/1599 (1.0 it/s)
[Epoch 2/15] step 1000/1599 (1.0 it/s)
[Epoch 2/15] step 1000/1599 (1.0 it/s)
[Epoch 2/15] step 1000/1599 (1.0 it/s)
[Epoch 2/15] step 1000/1599 (1.0 it/s)
[Epoch 2/15] step 1050/1599 (1.0 it/s)
[Epoch 2/15] step 1050/1599 (1.0 it/s)
[Epoch 2/15] step 1050/1599 (1.0 it/s)
[Epoch 2/15] step 1050/1599 (1.0 it/s)
[Epoch 2/15] step 1050/1599 (1.0 it/s)
[Epoch 2/15] step 1050/1599 (1.0 it/s)
[Epoch 2/15] step 1050/1599 (1.0 it/s)
[Epoch 2/15] step 1050/1599 (1.0 it/s)
[Epoch 2/15] step 1100/1599 (1.0 it/s)
[Epoch 2/15] step 1100/1599 (1.0 it/s)
[Epoch 2/15] step 1100/1599 (1.0 it/s)
[Epoch 2/15] step 1100/1599 (1.0 it/s)
[Epoch 2/15] step 1100/1599 (1.0 it/s)
[Epoch 2/15] step 1100/1599 (1.0 it/s)
[Epoch 2/15] step 1100/1599 (1.0 it/s)
[Epoch 2/15] step 1100/1599 (1.0 it/s)
[Epoch 2/15] step 1150/1599 (1.0 it/s)
[Epoch 2/15] step 1150/1599 (1.0 it/s)
[Epoch 2/15] step 1150/1599 (1.0 it/s)
[Epoch 2/15] step 1150/1599 (1.0 it/s)
[Epoch 2/15] step 1150/1599 (1.0 it/s)
[Epoch 2/15] step 1150/1599 (1.0 it/s)
[Epoch 2/15] step 1150/1599 (1.0 it/s)
[Epoch 2/15] step 1150/1599 (1.0 it/s)
[Epoch 2/15] step 1200/1599 (1.0 it/s)
[Epoch 2/15] step 1200/1599 (1.0 it/s)
[Epoch 2/15] step 1200/1599 (1.0 it/s)
[Epoch 2/15] step 1200/1599 (1.0 it/s)
[Epoch 2/15] step 1200/1599 (1.0 it/s)
[Epoch 2/15] step 1200/1599 (1.0 it/s)
[Epoch 2/15] step 1200/1599 (1.0 it/s)
[Epoch 2/15] step 1200/1599 (1.0 it/s)
[Epoch 2/15] step 1250/1599 (1.0 it/s)
[Epoch 2/15] step 1250/1599 (1.0 it/s)
[Epoch 2/15] step 1250/1599 (1.0 it/s)
[Epoch 2/15] step 1250/1599 (1.0 it/s)
[Epoch 2/15] step 1250/1599 (1.0 it/s)
[Epoch 2/15] step 1250/1599 (1.0 it/s)
[Epoch 2/15] step 1250/1599 (1.0 it/s)
[Epoch 2/15] step 1250/1599 (1.0 it/s)
[Epoch 2/15] step 1300/1599 (1.0 it/s)
[Epoch 2/15] step 1300/1599 (1.0 it/s)
[Epoch 2/15] step 1300/1599 (1.0 it/s)
[Epoch 2/15] step 1300/1599 (1.0 it/s)
[Epoch 2/15] step 1300/1599 (1.0 it/s)
[Epoch 2/15] step 1300/1599 (1.0 it/s)
[Epoch 2/15] step 1300/1599 (1.0 it/s)
[Epoch 2/15] step 1300/1599 (1.0 it/s)
[Epoch 2/15] step 1350/1599 (1.0 it/s)
[Epoch 2/15] step 1350/1599 (1.0 it/s)
[Epoch 2/15] step 1350/1599 (1.0 it/s)
[Epoch 2/15] step 1350/1599 (1.0 it/s)
[Epoch 2/15] step 1350/1599 (1.0 it/s)
[Epoch 2/15] step 1350/1599 (1.0 it/s)
[Epoch 2/15] step 1350/1599 (1.0 it/s)
[Epoch 2/15] step 1350/1599 (1.0 it/s)
[Epoch 2/15] step 1400/1599 (1.0 it/s)
[Epoch 2/15] step 1400/1599 (1.0 it/s)
[Epoch 2/15] step 1400/1599 (1.0 it/s)
[Epoch 2/15] step 1400/1599 (1.0 it/s)
[Epoch 2/15] step 1400/1599 (1.0 it/s)
[Epoch 2/15] step 1400/1599 (1.0 it/s)
[Epoch 2/15] step 1400/1599 (1.0 it/s)
[Epoch 2/15] step 1400/1599 (1.0 it/s)
[Epoch 2/15] step 1450/1599 (1.0 it/s)
[Epoch 2/15] step 1450/1599 (1.0 it/s)
[Epoch 2/15] step 1450/1599 (1.0 it/s)
[Epoch 2/15] step 1450/1599 (1.0 it/s)
[Epoch 2/15] step 1450/1599 (1.0 it/s)
[Epoch 2/15] step 1450/1599 (1.0 it/s)
[Epoch 2/15] step 1450/1599 (1.0 it/s)
[Epoch 2/15] step 1450/1599 (1.0 it/s)
[Epoch 2/15] step 1500/1599 (1.0 it/s)
[Epoch 2/15] step 1500/1599 (1.0 it/s)
[Epoch 2/15] step 1500/1599 (1.0 it/s)
[Epoch 2/15] step 1500/1599 (1.0 it/s)
[Epoch 2/15] step 1500/1599 (1.0 it/s)
[Epoch 2/15] step 1500/1599 (1.0 it/s)
[Epoch 2/15] step 1500/1599 (1.0 it/s)
[Epoch 2/15] step 1500/1599 (1.0 it/s)
[Epoch 2/15] step 1550/1599 (1.0 it/s)
[Epoch 2/15] step 1550/1599 (1.0 it/s)
[Epoch 2/15] step 1550/1599 (1.0 it/s)
[Epoch 2/15] step 1550/1599 (1.0 it/s)
[Epoch 2/15] step 1550/1599 (1.0 it/s)
[Epoch 2/15] step 1550/1599 (1.0 it/s)
[Epoch 2/15] step 1550/1599 (1.0 it/s)
[Epoch 2/15] step 1550/1599 (1.0 it/s)
[Epoch 2/15] done in 1826.4s
[Epoch 2/15] done in 1826.4s
[Epoch 2/15] done in 1826.4s
[Epoch 2/15] done in 1826.4s
[Epoch 2/15] done in 1826.4s
[Epoch 2/15] done in 1826.4s
[Epoch 2/15] done in 1826.4s
16:41:33 | INFO  | trainer_inf~| \n+-----------------------------------------+------------------------+
|                  Metric                 |         Value          |
+-----------------------------------------+------------------------+
|           [0;34;40mfit/active_dim_count[0m          |         [0;32;40m192.0[0m          |
|             [0;34;40mfit/latent_mean[0m             | [0;32;40m0.0025320264976471663[0m  |
|             [0;34;40mfit/latent_norm[0m             |   [0;32;40m13.448113441467285[0m   |
|              [0;34;40mfit/latent_std[0m             |   [0;32;40m0.9738395810127258[0m   |
|           [0;34;40mfit/learning_rate_0[0m           | [0;32;40m4.5590626541525126e-05[0m |
|                 [0;34;40mfit/loss[0m                |   [0;32;40m0.1896442323923111[0m   |
|           [0;34;40mfit/loss_future_cos[0m           |  [0;32;40m0.021852850914001465[0m  |
|            [0;34;40mfit/loss_future_l1[0m           |     [0;32;40m0.139892578125[0m     |
|               [0;34;40mfit/loss_mse[0m              |   [0;32;40m0.0405963696539402[0m   |
|         [0;34;40mfit/loss_mse_horizon_01[0m         |   [0;32;40m0.0856919139623642[0m   |
|         [0;34;40mfit/loss_mse_horizon_02[0m         |  [0;32;40m0.01828898675739765[0m   |
|         [0;34;40mfit/loss_mse_horizon_03[0m         |   [0;32;40m0.0178082138299942[0m   |
|              [0;34;40mfit/loss_total[0m             |   [0;32;40m0.1896442323923111[0m   |
|       [0;34;40mfit/pairwise_cos_hist_bin_00[0m      |          [0;32;40m0.0[0m           |
|       [0;34;40mfit/pairwise_cos_hist_bin_01[0m      |          [0;32;40m0.0[0m           |
|       [0;34;40mfit/pairwise_cos_hist_bin_02[0m      |          [0;32;40m0.0[0m           |
|       [0;34;40mfit/pairwise_cos_hist_bin_03[0m      |          [0;32;40m0.0[0m           |
|       [0;34;40mfit/pairwise_cos_hist_bin_04[0m      |          [0;32;40m0.0[0m           |
|       [0;34;40mfit/pairwise_cos_hist_bin_05[0m      |          [0;32;40m0.0[0m           |
|       [0;34;40mfit/pairwise_cos_hist_bin_06[0m      | [0;32;40m0.0012508026557043195[0m  |
|       [0;34;40mfit/pairwise_cos_hist_bin_07[0m      |  [0;32;40m0.02665002830326557[0m   |
|       [0;34;40mfit/pairwise_cos_hist_bin_08[0m      |  [0;32;40m0.20114417374134064[0m   |
|       [0;34;40mfit/pairwise_cos_hist_bin_09[0m      |   [0;32;40m0.4129416346549988[0m   |
|       [0;34;40mfit/pairwise_cos_hist_bin_10[0m      |  [0;32;40m0.22465144097805023[0m   |
|       [0;34;40mfit/pairwise_cos_hist_bin_11[0m      |  [0;32;40m0.05843990668654442[0m   |
|       [0;34;40mfit/pairwise_cos_hist_bin_12[0m      |  [0;32;40m0.02388755790889263[0m   |
|       [0;34;40mfit/pairwise_cos_hist_bin_13[0m      |  [0;32;40m0.013279148377478123[0m  |
|       [0;34;40mfit/pairwise_cos_hist_bin_14[0m      |  [0;32;40m0.008612287230789661[0m  |
|       [0;34;40mfit/pairwise_cos_hist_bin_15[0m      | [0;32;40m0.0067203170619904995[0m  |
|       [0;34;40mfit/pairwise_cos_hist_bin_16[0m      |  [0;32;40m0.005727509502321482[0m  |
|       [0;34;40mfit/pairwise_cos_hist_bin_17[0m      |  [0;32;40m0.00541695998981595[0m   |
|       [0;34;40mfit/pairwise_cos_hist_bin_18[0m      |  [0;32;40m0.005535447038710117[0m  |
|       [0;34;40mfit/pairwise_cos_hist_bin_19[0m      |  [0;32;40m0.005742799490690231[0m  |
|           [0;34;40mfit/pairwise_cos_max[0m          |          [0;32;40m1.0[0m           |
|          [0;34;40mfit/pairwise_cos_mean[0m          | [0;32;40m-0.0016727447509765625[0m |
|           [0;34;40mfit/pairwise_cos_min[0m          |    [0;32;40m-0.365966796875[0m     |
|           [0;34;40mfit/pairwise_cos_std[0m          |     [0;32;40m0.17333984375[0m      |
|              [0;34;40mfit/pred_loss[0m              |   [0;32;40m0.0405963696539402[0m   |
|           [0;34;40mfit/samples_per_sec[0m           |   [0;32;40m1429.956787109375[0m    |
|             [0;34;40mfit/sigreg_loss[0m             |      [0;32;40m1.658203125[0m       |
|           [0;34;40mhardware/cpu_percent[0m          |   [0;32;40m42.20000076293945[0m    |
|         [0;34;40mhardware/disk_read_mb_s[0m         |  [0;32;40m0.11243424564599991[0m   |
|         [0;34;40mhardware/disk_write_mb_s[0m        |   [0;32;40m0.673434317111969[0m    |
|          [0;34;40mhardware/net_recv_mb_s[0m         |  [0;32;40m0.010275553911924362[0m  |
|          [0;34;40mhardware/net_sent_mb_s[0m         |  [0;32;40m0.014794090762734413[0m  |
|           [0;34;40mhardware/ram_used_gb[0m          |   [0;32;40m514.9913330078125[0m    |
|          [0;34;40mhardware/ram_used_pct[0m          |   [0;32;40m27.600000381469727[0m   |
|           [0;34;40mhparams/lr_default_0[0m          | [0;32;40m4.5590626541525126e-05[0m |
|        [0;34;40mvalidate/active_dim_count[0m        |         [0;32;40m192.0[0m          |
|     [0;34;40mvalidate/active_dim_count_epoch[0m     |         [0;32;40m192.0[0m          |
|           [0;34;40mvalidate/latent_mean[0m          | [0;32;40m-0.012613147497177124[0m  |
|        [0;34;40mvalidate/latent_mean_epoch[0m       | [0;32;40m-0.012613147497177124[0m  |
|           [0;34;40mvalidate/latent_norm[0m          |   [0;32;40m18.378782272338867[0m   |
|        [0;34;40mvalidate/latent_norm_epoch[0m       |   [0;32;40m18.378782272338867[0m   |
|           [0;34;40mvalidate/latent_std[0m           |   [0;32;40m1.3495771884918213[0m   |
|        [0;34;40mvalidate/latent_std_epoch[0m        |   [0;32;40m1.3495771884918213[0m   |
|              [0;34;40mvalidate/loss[0m              |   [0;32;40m3.607741117477417[0m    |
|           [0;34;40mvalidate/loss_epoch[0m           |   [0;32;40m3.607741117477417[0m    |
|         [0;34;40mvalidate/loss_future_cos[0m        |   [0;32;40m0.1329357624053955[0m   |
|      [0;34;40mvalidate/loss_future_cos_epoch[0m     |   [0;32;40m0.1329357624053955[0m   |
|         [0;34;40mvalidate/loss_future_l1[0m         |   [0;32;40m0.5566646456718445[0m   |
|      [0;34;40mvalidate/loss_future_l1_epoch[0m      |   [0;32;40m0.5566646456718445[0m   |
|            [0;34;40mvalidate/loss_mse[0m            |   [0;32;40m0.5202386975288391[0m   |
|         [0;34;40mvalidate/loss_mse_epoch[0m         |   [0;32;40m0.5202386975288391[0m   |
|       [0;34;40mvalidate/loss_mse_horizon_01[0m      |   [0;32;40m0.5468095541000366[0m   |
|    [0;34;40mvalidate/loss_mse_horizon_01_epoch[0m   |   [0;32;40m0.5468095541000366[0m   |
|       [0;34;40mvalidate/loss_mse_horizon_02[0m      |   [0;32;40m0.5063295364379883[0m   |
|    [0;34;40mvalidate/loss_mse_horizon_02_epoch[0m   |   [0;32;40m0.5063295364379883[0m   |
|       [0;34;40mvalidate/loss_mse_horizon_03[0m      |   [0;32;40m0.5075767040252686[0m   |
|    [0;34;40mvalidate/loss_mse_horizon_03_epoch[0m   |   [0;32;40m0.5075767040252686[0m   |
|           [0;34;40mvalidate/loss_total[0m           |   [0;32;40m3.607741117477417[0m    |
|        [0;34;40mvalidate/loss_total_epoch[0m        |   [0;32;40m3.607741117477417[0m    |
|    [0;34;40mvalidate/pairwise_cos_hist_bin_00[0m    |          [0;32;40m0.0[0m           |
| [0;34;40mvalidate/pairwise_cos_hist_bin_00_epoch[0m |          [0;32;40m0.0[0m           |
|    [0;34;40mvalidate/pairwise_cos_hist_bin_01[0m    |          [0;32;40m0.0[0m           |
| [0;34;40mvalidate/pairwise_cos_hist_bin_01_epoch[0m |          [0;32;40m0.0[0m           |
|    [0;34;40mvalidate/pairwise_cos_hist_bin_02[0m    |          [0;32;40m0.0[0m           |
| [0;34;40mvalidate/pairwise_cos_hist_bin_02_epoch[0m |          [0;32;40m0.0[0m           |
|    [0;34;40mvalidate/pairwise_cos_hist_bin_03[0m    |          [0;32;40m0.0[0m           |
| [0;34;40mvalidate/pairwise_cos_hist_bin_03_epoch[0m |          [0;32;40m0.0[0m           |
|    [0;34;40mvalidate/pairwise_cos_hist_bin_04[0m    |          [0;32;40m0.0[0m           |
| [0;34;40mvalidate/pairwise_cos_hist_bin_04_epoch[0m |          [0;32;40m0.0[0m           |
|    [0;34;40mvalidate/pairwise_cos_hist_bin_05[0m    |          [0;32;40m0.0[0m           |
| [0;34;40mvalidate/pairwise_cos_hist_bin_05_epoch[0m |          [0;32;40m0.0[0m           |
|    [0;34;40mvalidate/pairwise_cos_hist_bin_06[0m    |          [0;32;40m0.0[0m           |
| [0;34;40mvalidate/pairwise_cos_hist_bin_06_epoch[0m |          [0;32;40m0.0[0m           |
|    [0;34;40mvalidate/pairwise_cos_hist_bin_07[0m    |          [0;32;40m0.0[0m           |
| [0;34;40mvalidate/pairwise_cos_hist_bin_07_epoch[0m |          [0;32;40m0.0[0m           |
|    [0;34;40mvalidate/pairwise_cos_hist_bin_08[0m    | [0;32;40m2.102347025356721e-05[0m  |
| [0;34;40mvalidate/pairwise_cos_hist_bin_08_epoch[0m | [0;32;40m2.102347025356721e-05[0m  |
|    [0;34;40mvalidate/pairwise_cos_hist_bin_09[0m    |  [0;32;40m0.002176901325583458[0m  |
| [0;34;40mvalidate/pairwise_cos_hist_bin_09_epoch[0m |  [0;32;40m0.002176901325583458[0m  |
|    [0;34;40mvalidate/pairwise_cos_hist_bin_10[0m    |  [0;32;40m0.03173763304948807[0m   |
| [0;34;40mvalidate/pairwise_cos_hist_bin_10_epoch[0m |  [0;32;40m0.03173763304948807[0m   |
|    [0;34;40mvalidate/pairwise_cos_hist_bin_11[0m    |  [0;32;40m0.14343596994876862[0m   |
| [0;34;40mvalidate/pairwise_cos_hist_bin_11_epoch[0m |  [0;32;40m0.14343596994876862[0m   |
|    [0;34;40mvalidate/pairwise_cos_hist_bin_12[0m    |  [0;32;40m0.23206280171871185[0m   |
| [0;34;40mvalidate/pairwise_cos_hist_bin_12_epoch[0m |  [0;32;40m0.23206280171871185[0m   |
|    [0;34;40mvalidate/pairwise_cos_hist_bin_13[0m    |  [0;32;40m0.21901379525661469[0m   |
| [0;34;40mvalidate/pairwise_cos_hist_bin_13_epoch[0m |  [0;32;40m0.21901379525661469[0m   |
|    [0;34;40mvalidate/pairwise_cos_hist_bin_14[0m    |   [0;32;40m0.1647997498512268[0m   |
| [0;34;40mvalidate/pairwise_cos_hist_bin_14_epoch[0m |   [0;32;40m0.1647997498512268[0m   |
|    [0;34;40mvalidate/pairwise_cos_hist_bin_15[0m    |  [0;32;40m0.10687021166086197[0m   |
| [0;34;40mvalidate/pairwise_cos_hist_bin_15_epoch[0m |  [0;32;40m0.10687021166086197[0m   |
|    [0;34;40mvalidate/pairwise_cos_hist_bin_16[0m    |  [0;32;40m0.04997694864869118[0m   |
| [0;34;40mvalidate/pairwise_cos_hist_bin_16_epoch[0m |  [0;32;40m0.04997694864869118[0m   |
|    [0;34;40mvalidate/pairwise_cos_hist_bin_17[0m    |  [0;32;40m0.023298298940062523[0m  |
| [0;34;40mvalidate/pairwise_cos_hist_bin_17_epoch[0m |  [0;32;40m0.023298298940062523[0m  |
|    [0;34;40mvalidate/pairwise_cos_hist_bin_18[0m    |  [0;32;40m0.014217618852853775[0m  |
| [0;34;40mvalidate/pairwise_cos_hist_bin_18_epoch[0m |  [0;32;40m0.014217618852853775[0m  |
|    [0;34;40mvalidate/pairwise_cos_hist_bin_19[0m    |  [0;32;40m0.012389090843498707[0m  |
| [0;34;40mvalidate/pairwise_cos_hist_bin_19_epoch[0m |  [0;32;40m0.012389090843498707[0m  |
|        [0;34;40mvalidate/pairwise_cos_max[0m        |          [0;32;40m1.0[0m           |
|     [0;34;40mvalidate/pairwise_cos_max_epoch[0m     |          [0;32;40m1.0[0m           |
|        [0;34;40mvalidate/pairwise_cos_mean[0m       |  [0;32;40m0.36415615677833557[0m   |
|     [0;34;40mvalidate/pairwise_cos_mean_epoch[0m    |  [0;32;40m0.36415615677833557[0m   |
|        [0;34;40mvalidate/pairwise_cos_min[0m        |  [0;32;40m-0.10165786743164062[0m  |
|     [0;34;40mvalidate/pairwise_cos_min_epoch[0m     |  [0;32;40m-0.10165786743164062[0m  |
|        [0;34;40mvalidate/pairwise_cos_std[0m        |  [0;32;40m0.17994347214698792[0m   |
|     [0;34;40mvalidate/pairwise_cos_std_epoch[0m     |  [0;32;40m0.17994347214698792[0m   |
|            [0;34;40mvalidate/pred_loss[0m           |   [0;32;40m0.5202386975288391[0m   |
|         [0;34;40mvalidate/pred_loss_epoch[0m        |   [0;32;40m0.5202386975288391[0m   |
|           [0;34;40mvalidate/sigreg_loss[0m          |   [0;32;40m34.30268096923828[0m    |
|        [0;34;40mvalidate/sigreg_loss_epoch[0m       |   [0;32;40m34.30268096923828[0m    |
+-----------------------------------------+------------------------+
16:41:34 | INFO  | utils.py    | 📦📦📦 Model saved to /data1/Johnny/challenge/wrf/homework/outputs/stable-wm/checkpoints/lewm_reacher_15/weights_epoch_3.pt 📦📦📦
[Epoch 2/15] done in 1826.5s
16:41:34 | INFO  | checkpoint_~|   Checking for non PyTorch modules to save
16:41:34 | INFO  | atomic_chec~| [atomic_save] → /data1/Johnny/challenge/wrf/homework/outputs/home/.cache/stable-pretraining/runs/20260715/150757/246fc50c1277/checkpoints/epoch=2-step=4797.ckpt
16:41:34 | INFO  | atomic_chec~| [atomic_save] ✓ epoch=2-step=4797.ckpt saved (206.8 MiB, serialise=0.34s write=0.23s rename=0.0ms)
16:41:34 | INFO  | checkpoint_~|   Checking for non PyTorch modules to save
16:41:34 | INFO  | atomic_chec~| [atomic_save] → /data1/Johnny/challenge/wrf/homework/outputs/home/.cache/stable-pretraining/runs/20260715/150757/246fc50c1277/checkpoints/last.ckpt
16:41:35 | INFO  | atomic_chec~| [atomic_save] ✓ last.ckpt saved (206.8 MiB, serialise=0.38s write=0.19s rename=17.5ms)
[Epoch 3/15] step 50/1599 (0.8 it/s)
[Epoch 3/15] step 50/1599 (0.8 it/s)
[Epoch 3/15] step 50/1599 (0.8 it/s)
[Epoch 3/15] step 50/1599 (0.8 it/s)
[Epoch 3/15] step 50/1599 (0.8 it/s)
[Epoch 3/15] step 50/1599 (0.8 it/s)
[Epoch 3/15] step 50/1599 (0.8 it/s)
[Epoch 3/15] step 50/1599 (0.8 it/s)
[Epoch 3/15] step 100/1599 (0.9 it/s)
[Epoch 3/15] step 100/1599 (0.9 it/s)
[Epoch 3/15] step 100/1599 (0.9 it/s)
[Epoch 3/15] step 100/1599 (0.9 it/s)
[Epoch 3/15] step 100/1599 (0.9 it/s)
[Epoch 3/15] step 100/1599 (0.9 it/s)
[Epoch 3/15] step 100/1599 (0.9 it/s)
[Epoch 3/15] step 100/1599 (0.9 it/s)
[Epoch 3/15] step 150/1599 (0.9 it/s)
[Epoch 3/15] step 150/1599 (0.9 it/s)
[Epoch 3/15] step 150/1599 (0.9 it/s)
[Epoch 3/15] step 150/1599 (0.9 it/s)
[Epoch 3/15] step 150/1599 (0.9 it/s)
[Epoch 3/15] step 150/1599 (0.9 it/s)
[Epoch 3/15] step 150/1599 (0.9 it/s)
[Epoch 3/15] step 150/1599 (0.9 it/s)
[Epoch 3/15] step 200/1599 (0.9 it/s)
[Epoch 3/15] step 200/1599 (0.9 it/s)
[Epoch 3/15] step 200/1599 (0.9 it/s)
[Epoch 3/15] step 200/1599 (0.9 it/s)
[Epoch 3/15] step 200/1599 (0.9 it/s)
[Epoch 3/15] step 200/1599 (0.9 it/s)
[Epoch 3/15] step 200/1599 (0.9 it/s)
[Epoch 3/15] step 200/1599 (0.9 it/s)
[Epoch 3/15] step 250/1599 (0.9 it/s)
[Epoch 3/15] step 250/1599 (0.9 it/s)
[Epoch 3/15] step 250/1599 (0.9 it/s)
[Epoch 3/15] step 250/1599 (0.9 it/s)
[Epoch 3/15] step 250/1599 (0.9 it/s)
[Epoch 3/15] step 250/1599 (0.9 it/s)
[Epoch 3/15] step 250/1599 (0.9 it/s)
[Epoch 3/15] step 250/1599 (0.9 it/s)
[Epoch 3/15] step 300/1599 (1.0 it/s)
[Epoch 3/15] step 300/1599 (1.0 it/s)
[Epoch 3/15] step 300/1599 (1.0 it/s)
[Epoch 3/15] step 300/1599 (1.0 it/s)
[Epoch 3/15] step 300/1599 (1.0 it/s)
[Epoch 3/15] step 300/1599 (1.0 it/s)
[Epoch 3/15] step 300/1599 (1.0 it/s)
[Epoch 3/15] step 300/1599 (1.0 it/s)
[Epoch 3/15] step 350/1599 (1.0 it/s)
[Epoch 3/15] step 350/1599 (1.0 it/s)
[Epoch 3/15] step 350/1599 (1.0 it/s)
[Epoch 3/15] step 350/1599 (1.0 it/s)
[Epoch 3/15] step 350/1599 (1.0 it/s)
[Epoch 3/15] step 350/1599 (1.0 it/s)
[Epoch 3/15] step 350/1599 (1.0 it/s)
[Epoch 3/15] step 350/1599 (1.0 it/s)
[Epoch 3/15] step 400/1599 (1.0 it/s)
[Epoch 3/15] step 400/1599 (1.0 it/s)
[Epoch 3/15] step 400/1599 (1.0 it/s)
[Epoch 3/15] step 400/1599 (1.0 it/s)
[Epoch 3/15] step 400/1599 (1.0 it/s)
[Epoch 3/15] step 400/1599 (1.0 it/s)
[Epoch 3/15] step 400/1599 (1.0 it/s)
[Epoch 3/15] step 400/1599 (1.0 it/s)
[Epoch 3/15] step 450/1599 (1.0 it/s)
[Epoch 3/15] step 450/1599 (1.0 it/s)
[Epoch 3/15] step 450/1599 (1.0 it/s)
[Epoch 3/15] step 450/1599 (1.0 it/s)
[Epoch 3/15] step 450/1599 (1.0 it/s)
[Epoch 3/15] step 450/1599 (1.0 it/s)
[Epoch 3/15] step 450/1599 (1.0 it/s)
[Epoch 3/15] step 450/1599 (1.0 it/s)
[Epoch 3/15] step 500/1599 (1.0 it/s)
[Epoch 3/15] step 500/1599 (1.0 it/s)
[Epoch 3/15] step 500/1599 (1.0 it/s)
[Epoch 3/15] step 500/1599 (1.0 it/s)
[Epoch 3/15] step 500/1599 (1.0 it/s)
[Epoch 3/15] step 500/1599 (1.0 it/s)
[Epoch 3/15] step 500/1599 (1.0 it/s)
[Epoch 3/15] step 500/1599 (1.0 it/s)
[Epoch 3/15] step 550/1599 (1.0 it/s)
[Epoch 3/15] step 550/1599 (1.0 it/s)
[Epoch 3/15] step 550/1599 (1.0 it/s)
[Epoch 3/15] step 550/1599 (1.0 it/s)
[Epoch 3/15] step 550/1599 (1.0 it/s)
[Epoch 3/15] step 550/1599 (1.0 it/s)
[Epoch 3/15] step 550/1599 (1.0 it/s)
[Epoch 3/15] step 550/1599 (1.0 it/s)
[Epoch 3/15] step 600/1599 (1.0 it/s)
[Epoch 3/15] step 600/1599 (1.0 it/s)
[Epoch 3/15] step 600/1599 (1.0 it/s)
[Epoch 3/15] step 600/1599 (1.0 it/s)
[Epoch 3/15] step 600/1599 (1.0 it/s)
[Epoch 3/15] step 600/1599 (1.0 it/s)
[Epoch 3/15] step 600/1599 (1.0 it/s)
[Epoch 3/15] step 600/1599 (1.0 it/s)
[Epoch 3/15] step 650/1599 (1.0 it/s)
[Epoch 3/15] step 650/1599 (1.0 it/s)
[Epoch 3/15] step 650/1599 (1.0 it/s)
[Epoch 3/15] step 650/1599 (1.0 it/s)
[Epoch 3/15] step 650/1599 (1.0 it/s)
[Epoch 3/15] step 650/1599 (1.0 it/s)
[Epoch 3/15] step 650/1599 (1.0 it/s)
[Epoch 3/15] step 650/1599 (1.0 it/s)
[Epoch 3/15] step 700/1599 (1.0 it/s)
[Epoch 3/15] step 700/1599 (1.0 it/s)
[Epoch 3/15] step 700/1599 (1.0 it/s)
[Epoch 3/15] step 700/1599 (1.0 it/s)
[Epoch 3/15] step 700/1599 (1.0 it/s)
[Epoch 3/15] step 700/1599 (1.0 it/s)
[Epoch 3/15] step 700/1599 (1.0 it/s)
[Epoch 3/15] step 700/1599 (1.0 it/s)
[Epoch 3/15] step 750/1599 (1.0 it/s)
[Epoch 3/15] step 750/1599 (1.0 it/s)
[Epoch 3/15] step 750/1599 (1.0 it/s)
[Epoch 3/15] step 750/1599 (1.0 it/s)
[Epoch 3/15] step 750/1599 (1.0 it/s)
[Epoch 3/15] step 750/1599 (1.0 it/s)
[Epoch 3/15] step 750/1599 (1.0 it/s)
[Epoch 3/15] step 750/1599 (1.0 it/s)
[Epoch 3/15] step 800/1599 (1.0 it/s)
[Epoch 3/15] step 800/1599 (1.0 it/s)
[Epoch 3/15] step 800/1599 (1.0 it/s)
[Epoch 3/15] step 800/1599 (1.0 it/s)
[Epoch 3/15] step 800/1599 (1.0 it/s)
[Epoch 3/15] step 800/1599 (1.0 it/s)
[Epoch 3/15] step 800/1599 (1.0 it/s)
[Epoch 3/15] step 800/1599 (1.0 it/s)
[Epoch 3/15] step 850/1599 (1.0 it/s)
[Epoch 3/15] step 850/1599 (1.0 it/s)
[Epoch 3/15] step 850/1599 (1.0 it/s)
[Epoch 3/15] step 850/1599 (1.0 it/s)
[Epoch 3/15] step 850/1599 (1.0 it/s)
[Epoch 3/15] step 850/1599 (1.0 it/s)
[Epoch 3/15] step 850/1599 (1.0 it/s)
[Epoch 3/15] step 850/1599 (1.0 it/s)
[Epoch 3/15] step 900/1599 (1.0 it/s)
[Epoch 3/15] step 900/1599 (1.0 it/s)
[Epoch 3/15] step 900/1599 (1.0 it/s)
[Epoch 3/15] step 900/1599 (1.0 it/s)
[Epoch 3/15] step 900/1599 (1.0 it/s)
[Epoch 3/15] step 900/1599 (1.0 it/s)
[Epoch 3/15] step 900/1599 (1.0 it/s)
[Epoch 3/15] step 900/1599 (1.0 it/s)
[Epoch 3/15] step 950/1599 (1.0 it/s)
[Epoch 3/15] step 950/1599 (1.0 it/s)
[Epoch 3/15] step 950/1599 (1.0 it/s)
[Epoch 3/15] step 950/1599 (1.0 it/s)
[Epoch 3/15] step 950/1599 (1.0 it/s)
[Epoch 3/15] step 950/1599 (1.0 it/s)
[Epoch 3/15] step 950/1599 (1.0 it/s)
[Epoch 3/15] step 950/1599 (1.0 it/s)
[Epoch 3/15] step 1000/1599 (1.0 it/s)
[Epoch 3/15] step 1000/1599 (1.0 it/s)
[Epoch 3/15] step 1000/1599 (1.0 it/s)
[Epoch 3/15] step 1000/1599 (1.0 it/s)
[Epoch 3/15] step 1000/1599 (1.0 it/s)
[Epoch 3/15] step 1000/1599 (1.0 it/s)
[Epoch 3/15] step 1000/1599 (1.0 it/s)
[Epoch 3/15] step 1000/1599 (1.0 it/s)
[Epoch 3/15] step 1050/1599 (1.0 it/s)
[Epoch 3/15] step 1050/1599 (1.0 it/s)
[Epoch 3/15] step 1050/1599 (1.0 it/s)
[Epoch 3/15] step 1050/1599 (1.0 it/s)
[Epoch 3/15] step 1050/1599 (1.0 it/s)
[Epoch 3/15] step 1050/1599 (1.0 it/s)
[Epoch 3/15] step 1050/1599 (1.0 it/s)
[Epoch 3/15] step 1050/1599 (1.0 it/s)
[Epoch 3/15] step 1100/1599 (1.0 it/s)
[Epoch 3/15] step 1100/1599 (1.0 it/s)
[Epoch 3/15] step 1100/1599 (1.0 it/s)
[Epoch 3/15] step 1100/1599 (1.0 it/s)
[Epoch 3/15] step 1100/1599 (1.0 it/s)
[Epoch 3/15] step 1100/1599 (1.0 it/s)
[Epoch 3/15] step 1100/1599 (1.0 it/s)
[Epoch 3/15] step 1100/1599 (1.0 it/s)
[Epoch 3/15] step 1150/1599 (1.0 it/s)
[Epoch 3/15] step 1150/1599 (1.0 it/s)
[Epoch 3/15] step 1150/1599 (1.0 it/s)
[Epoch 3/15] step 1150/1599 (1.0 it/s)
[Epoch 3/15] step 1150/1599 (1.0 it/s)
[Epoch 3/15] step 1150/1599 (1.0 it/s)
[Epoch 3/15] step 1150/1599 (1.0 it/s)
[Epoch 3/15] step 1150/1599 (1.0 it/s)
[Epoch 3/15] step 1200/1599 (1.0 it/s)
[Epoch 3/15] step 1200/1599 (1.0 it/s)
[Epoch 3/15] step 1200/1599 (1.0 it/s)
[Epoch 3/15] step 1200/1599 (1.0 it/s)
[Epoch 3/15] step 1200/1599 (1.0 it/s)
[Epoch 3/15] step 1200/1599 (1.0 it/s)
[Epoch 3/15] step 1200/1599 (1.0 it/s)
[Epoch 3/15] step 1200/1599 (1.0 it/s)
[Epoch 3/15] step 1250/1599 (1.0 it/s)
[Epoch 3/15] step 1250/1599 (1.0 it/s)
[Epoch 3/15] step 1250/1599 (1.0 it/s)
[Epoch 3/15] step 1250/1599 (1.0 it/s)
[Epoch 3/15] step 1250/1599 (1.0 it/s)
[Epoch 3/15] step 1250/1599 (1.0 it/s)
[Epoch 3/15] step 1250/1599 (1.0 it/s)
[Epoch 3/15] step 1250/1599 (1.0 it/s)
[Epoch 3/15] step 1300/1599 (1.0 it/s)
[Epoch 3/15] step 1300/1599 (1.0 it/s)
[Epoch 3/15] step 1300/1599 (1.0 it/s)
[Epoch 3/15] step 1300/1599 (1.0 it/s)
[Epoch 3/15] step 1300/1599 (1.0 it/s)
[Epoch 3/15] step 1300/1599 (1.0 it/s)
[Epoch 3/15] step 1300/1599 (1.0 it/s)
[Epoch 3/15] step 1300/1599 (1.0 it/s)
[Epoch 3/15] step 1350/1599 (1.0 it/s)
[Epoch 3/15] step 1350/1599 (1.0 it/s)
[Epoch 3/15] step 1350/1599 (1.0 it/s)
[Epoch 3/15] step 1350/1599 (1.0 it/s)
[Epoch 3/15] step 1350/1599 (1.0 it/s)
[Epoch 3/15] step 1350/1599 (1.0 it/s)
[Epoch 3/15] step 1350/1599 (1.0 it/s)
[Epoch 3/15] step 1350/1599 (1.0 it/s)
[Epoch 3/15] step 1400/1599 (1.0 it/s)
[Epoch 3/15] step 1400/1599 (1.0 it/s)
[Epoch 3/15] step 1400/1599 (1.0 it/s)
[Epoch 3/15] step 1400/1599 (1.0 it/s)
[Epoch 3/15] step 1400/1599 (1.0 it/s)
[Epoch 3/15] step 1400/1599 (1.0 it/s)
[Epoch 3/15] step 1400/1599 (1.0 it/s)
[Epoch 3/15] step 1400/1599 (1.0 it/s)
[Epoch 3/15] step 1450/1599 (1.0 it/s)
[Epoch 3/15] step 1450/1599 (1.0 it/s)
[Epoch 3/15] step 1450/1599 (1.0 it/s)
[Epoch 3/15] step 1450/1599 (1.0 it/s)
[Epoch 3/15] step 1450/1599 (1.0 it/s)
[Epoch 3/15] step 1450/1599 (1.0 it/s)
[Epoch 3/15] step 1450/1599 (1.0 it/s)
[Epoch 3/15] step 1450/1599 (1.0 it/s)
[Epoch 3/15] step 1500/1599 (1.0 it/s)
[Epoch 3/15] step 1500/1599 (1.0 it/s)
[Epoch 3/15] step 1500/1599 (1.0 it/s)
[Epoch 3/15] step 1500/1599 (1.0 it/s)
[Epoch 3/15] step 1500/1599 (1.0 it/s)
[Epoch 3/15] step 1500/1599 (1.0 it/s)
[Epoch 3/15] step 1500/1599 (1.0 it/s)
[Epoch 3/15] step 1500/1599 (1.0 it/s)
[Epoch 3/15] step 1550/1599 (1.0 it/s)
[Epoch 3/15] step 1550/1599 (1.0 it/s)
[Epoch 3/15] step 1550/1599 (1.0 it/s)
[Epoch 3/15] step 1550/1599 (1.0 it/s)
[Epoch 3/15] step 1550/1599 (1.0 it/s)
[Epoch 3/15] step 1550/1599 (1.0 it/s)
[Epoch 3/15] step 1550/1599 (1.0 it/s)
[Epoch 3/15] step 1550/1599 (1.0 it/s)
[Epoch 3/15] done in 1825.7s
[Epoch 3/15] done in 1825.7s
[Epoch 3/15] done in 1825.7s
[Epoch 3/15] done in 1825.7s
[Epoch 3/15] done in 1825.7s
[Epoch 3/15] done in 1825.7s
[Epoch 3/15] done in 1825.7s
17:12:00 | INFO  | trainer_inf~| \n+-----------------------------------------+------------------------+
|                  Metric                 |         Value          |
+-----------------------------------------+------------------------+
|           [0;34;40mfit/active_dim_count[0m          |         [0;32;40m192.0[0m          |
|             [0;34;40mfit/latent_mean[0m             | [0;32;40m0.0007534690084867179[0m  |
|             [0;34;40mfit/latent_norm[0m             |   [0;32;40m13.48190689086914[0m    |
|              [0;34;40mfit/latent_std[0m             |   [0;32;40m0.9758862853050232[0m   |
|           [0;34;40mfit/learning_rate_0[0m           | [0;32;40m4.2154526454396546e-05[0m |
|                 [0;34;40mfit/loss[0m                |  [0;32;40m0.18434104323387146[0m   |
|           [0;34;40mfit/loss_future_cos[0m           |  [0;32;40m0.020655103027820587[0m  |
|            [0;34;40mfit/loss_future_l1[0m           |     [0;32;40m0.134033203125[0m     |
|               [0;34;40mfit/loss_mse[0m              |  [0;32;40m0.03858908265829086[0m   |
|         [0;34;40mfit/loss_mse_horizon_01[0m         |  [0;32;40m0.08540160953998566[0m   |
|         [0;34;40mfit/loss_mse_horizon_02[0m         |  [0;32;40m0.015335059724748135[0m  |
|         [0;34;40mfit/loss_mse_horizon_03[0m         |  [0;32;40m0.015030566602945328[0m  |
|              [0;34;40mfit/loss_total[0m             |  [0;32;40m0.18434104323387146[0m   |
|       [0;34;40mfit/pairwise_cos_hist_bin_00[0m      |          [0;32;40m0.0[0m           |
|       [0;34;40mfit/pairwise_cos_hist_bin_01[0m      |          [0;32;40m0.0[0m           |
|       [0;34;40mfit/pairwise_cos_hist_bin_02[0m      |          [0;32;40m0.0[0m           |
|       [0;34;40mfit/pairwise_cos_hist_bin_03[0m      |          [0;32;40m0.0[0m           |
|       [0;34;40mfit/pairwise_cos_hist_bin_04[0m      |          [0;32;40m0.0[0m           |
|       [0;34;40mfit/pairwise_cos_hist_bin_05[0m      |          [0;32;40m0.0[0m           |
|       [0;34;40mfit/pairwise_cos_hist_bin_06[0m      | [0;32;40m0.0002493961073923856[0m  |
|       [0;34;40mfit/pairwise_cos_hist_bin_07[0m      |  [0;32;40m0.019169099628925323[0m  |
|       [0;34;40mfit/pairwise_cos_hist_bin_08[0m      |  [0;32;40m0.17917916178703308[0m   |
|       [0;34;40mfit/pairwise_cos_hist_bin_09[0m      |  [0;32;40m0.44457194209098816[0m   |
|       [0;34;40mfit/pairwise_cos_hist_bin_10[0m      |  [0;32;40m0.24019329249858856[0m   |
|       [0;34;40mfit/pairwise_cos_hist_bin_11[0m      |  [0;32;40m0.050401899963617325[0m  |
|       [0;34;40mfit/pairwise_cos_hist_bin_12[0m      |  [0;32;40m0.02040652558207512[0m   |
|       [0;34;40mfit/pairwise_cos_hist_bin_13[0m      |  [0;32;40m0.01080238539725542[0m   |
|       [0;34;40mfit/pairwise_cos_hist_bin_14[0m      |  [0;32;40m0.007373906672000885[0m  |
|       [0;34;40mfit/pairwise_cos_hist_bin_15[0m      |  [0;32;40m0.006064816378057003[0m  |
|       [0;34;40mfit/pairwise_cos_hist_bin_16[0m      |  [0;32;40m0.00569502217695117[0m   |
|       [0;34;40mfit/pairwise_cos_hist_bin_17[0m      |  [0;32;40m0.005120742134749889[0m  |
|       [0;34;40mfit/pairwise_cos_hist_bin_18[0m      |  [0;32;40m0.005385426804423332[0m  |
|       [0;34;40mfit/pairwise_cos_hist_bin_19[0m      |  [0;32;40m0.005386382341384888[0m  |
|           [0;34;40mfit/pairwise_cos_max[0m          |          [0;32;40m1.0[0m           |
|          [0;34;40mfit/pairwise_cos_mean[0m          | [0;32;40m-0.0016460418701171875[0m |
|           [0;34;40mfit/pairwise_cos_min[0m          |     [0;32;40m-0.33447265625[0m     |
|           [0;34;40mfit/pairwise_cos_std[0m          |    [0;32;40m0.1651611328125[0m     |
|              [0;34;40mfit/pred_loss[0m              |  [0;32;40m0.03858908265829086[0m   |
|           [0;34;40mfit/samples_per_sec[0m           |   [0;32;40m1424.168701171875[0m    |
|             [0;34;40mfit/sigreg_loss[0m             |      [0;32;40m1.619140625[0m       |
|           [0;34;40mhardware/cpu_percent[0m          |   [0;32;40m39.400001525878906[0m   |
|         [0;34;40mhardware/disk_read_mb_s[0m         |          [0;32;40m0.0[0m           |
|         [0;34;40mhardware/disk_write_mb_s[0m        |   [0;32;40m0.269835889339447[0m    |
|          [0;34;40mhardware/net_recv_mb_s[0m         | [0;32;40m0.0016913746949285269[0m  |
|          [0;34;40mhardware/net_sent_mb_s[0m         |  [0;32;40m0.001988254254683852[0m  |
|           [0;34;40mhardware/ram_used_gb[0m          |   [0;32;40m513.9649047851562[0m    |
|          [0;34;40mhardware/ram_used_pct[0m          |          [0;32;40m27.5[0m          |
|           [0;34;40mhparams/lr_default_0[0m          | [0;32;40m4.2154526454396546e-05[0m |
|        [0;34;40mvalidate/active_dim_count[0m        |         [0;32;40m192.0[0m          |
|     [0;34;40mvalidate/active_dim_count_epoch[0m     |         [0;32;40m192.0[0m          |
|           [0;34;40mvalidate/latent_mean[0m          | [0;32;40m-0.012186523526906967[0m  |
|        [0;34;40mvalidate/latent_mean_epoch[0m       | [0;32;40m-0.012186523526906967[0m  |
|           [0;34;40mvalidate/latent_norm[0m          |   [0;32;40m14.575906753540039[0m   |
|        [0;34;40mvalidate/latent_norm_epoch[0m       |   [0;32;40m14.575906753540039[0m   |
|           [0;34;40mvalidate/latent_std[0m           |   [0;32;40m1.0658257007598877[0m   |
|        [0;34;40mvalidate/latent_std_epoch[0m        |   [0;32;40m1.0658257007598877[0m   |
|              [0;34;40mvalidate/loss[0m              |   [0;32;40m0.9046300053596497[0m   |
|           [0;34;40mvalidate/loss_epoch[0m           |   [0;32;40m0.9046300053596497[0m   |
|         [0;34;40mvalidate/loss_future_cos[0m        |  [0;32;40m0.07385008037090302[0m   |
|      [0;34;40mvalidate/loss_future_cos_epoch[0m     |  [0;32;40m0.07385008037090302[0m   |
|         [0;34;40mvalidate/loss_future_l1[0m         |   [0;32;40m0.3189145028591156[0m   |
|      [0;34;40mvalidate/loss_future_l1_epoch[0m      |   [0;32;40m0.3189145028591156[0m   |
|            [0;34;40mvalidate/loss_mse[0m            |  [0;32;40m0.16788017749786377[0m   |
|         [0;34;40mvalidate/loss_mse_epoch[0m         |  [0;32;40m0.16788017749786377[0m   |
|       [0;34;40mvalidate/loss_mse_horizon_01[0m      |  [0;32;40m0.20394399762153625[0m   |
|    [0;34;40mvalidate/loss_mse_horizon_01_epoch[0m   |  [0;32;40m0.20394399762153625[0m   |
|       [0;34;40mvalidate/loss_mse_horizon_02[0m      |  [0;32;40m0.14977595210075378[0m   |
|    [0;34;40mvalidate/loss_mse_horizon_02_epoch[0m   |  [0;32;40m0.14977595210075378[0m   |
|       [0;34;40mvalidate/loss_mse_horizon_03[0m      |   [0;32;40m0.1499205082654953[0m   |
|    [0;34;40mvalidate/loss_mse_horizon_03_epoch[0m   |   [0;32;40m0.1499205082654953[0m   |
|           [0;34;40mvalidate/loss_total[0m           |   [0;32;40m0.9046300053596497[0m   |
|        [0;34;40mvalidate/loss_total_epoch[0m        |   [0;32;40m0.9046300053596497[0m   |
|    [0;34;40mvalidate/pairwise_cos_hist_bin_00[0m    |          [0;32;40m0.0[0m           |
| [0;34;40mvalidate/pairwise_cos_hist_bin_00_epoch[0m |          [0;32;40m0.0[0m           |
|    [0;34;40mvalidate/pairwise_cos_hist_bin_01[0m    |          [0;32;40m0.0[0m           |
| [0;34;40mvalidate/pairwise_cos_hist_bin_01_epoch[0m |          [0;32;40m0.0[0m           |
|    [0;34;40mvalidate/pairwise_cos_hist_bin_02[0m    |          [0;32;40m0.0[0m           |
| [0;34;40mvalidate/pairwise_cos_hist_bin_02_epoch[0m |          [0;32;40m0.0[0m           |
|    [0;34;40mvalidate/pairwise_cos_hist_bin_03[0m    |          [0;32;40m0.0[0m           |
| [0;34;40mvalidate/pairwise_cos_hist_bin_03_epoch[0m |          [0;32;40m0.0[0m           |
|    [0;34;40mvalidate/pairwise_cos_hist_bin_04[0m    |          [0;32;40m0.0[0m           |
| [0;34;40mvalidate/pairwise_cos_hist_bin_04_epoch[0m |          [0;32;40m0.0[0m           |
|    [0;34;40mvalidate/pairwise_cos_hist_bin_05[0m    |          [0;32;40m0.0[0m           |
| [0;34;40mvalidate/pairwise_cos_hist_bin_05_epoch[0m |          [0;32;40m0.0[0m           |
|    [0;34;40mvalidate/pairwise_cos_hist_bin_06[0m    | [0;32;40m3.190394272678532e-05[0m  |
| [0;34;40mvalidate/pairwise_cos_hist_bin_06_epoch[0m | [0;32;40m3.190394272678532e-05[0m  |
|    [0;34;40mvalidate/pairwise_cos_hist_bin_07[0m    |  [0;32;40m0.002139807678759098[0m  |
| [0;34;40mvalidate/pairwise_cos_hist_bin_07_epoch[0m |  [0;32;40m0.002139807678759098[0m  |
|    [0;34;40mvalidate/pairwise_cos_hist_bin_08[0m    |  [0;32;40m0.043608929961919785[0m  |
| [0;34;40mvalidate/pairwise_cos_hist_bin_08_epoch[0m |  [0;32;40m0.043608929961919785[0m  |
|    [0;34;40mvalidate/pairwise_cos_hist_bin_09[0m    |  [0;32;40m0.24186375737190247[0m   |
| [0;34;40mvalidate/pairwise_cos_hist_bin_09_epoch[0m |  [0;32;40m0.24186375737190247[0m   |
|    [0;34;40mvalidate/pairwise_cos_hist_bin_10[0m    |  [0;32;40m0.36094412207603455[0m   |
| [0;34;40mvalidate/pairwise_cos_hist_bin_10_epoch[0m |  [0;32;40m0.36094412207603455[0m   |
|    [0;34;40mvalidate/pairwise_cos_hist_bin_11[0m    |  [0;32;40m0.18099017441272736[0m   |
| [0;34;40mvalidate/pairwise_cos_hist_bin_11_epoch[0m |  [0;32;40m0.18099017441272736[0m   |
|    [0;34;40mvalidate/pairwise_cos_hist_bin_12[0m    |  [0;32;40m0.07733621448278427[0m   |
| [0;34;40mvalidate/pairwise_cos_hist_bin_12_epoch[0m |  [0;32;40m0.07733621448278427[0m   |
|    [0;34;40mvalidate/pairwise_cos_hist_bin_13[0m    |  [0;32;40m0.03791632130742073[0m   |
| [0;34;40mvalidate/pairwise_cos_hist_bin_13_epoch[0m |  [0;32;40m0.03791632130742073[0m   |
|    [0;34;40mvalidate/pairwise_cos_hist_bin_14[0m    |  [0;32;40m0.01726541481912136[0m   |
| [0;34;40mvalidate/pairwise_cos_hist_bin_14_epoch[0m |  [0;32;40m0.01726541481912136[0m   |
|    [0;34;40mvalidate/pairwise_cos_hist_bin_15[0m    |  [0;32;40m0.010367210023105145[0m  |
| [0;34;40mvalidate/pairwise_cos_hist_bin_15_epoch[0m |  [0;32;40m0.010367210023105145[0m  |
|    [0;34;40mvalidate/pairwise_cos_hist_bin_16[0m    |  [0;32;40m0.007638696581125259[0m  |
| [0;34;40mvalidate/pairwise_cos_hist_bin_16_epoch[0m |  [0;32;40m0.007638696581125259[0m  |
|    [0;34;40mvalidate/pairwise_cos_hist_bin_17[0m    | [0;32;40m0.0065154507756233215[0m  |
| [0;34;40mvalidate/pairwise_cos_hist_bin_17_epoch[0m | [0;32;40m0.0065154507756233215[0m  |
|    [0;34;40mvalidate/pairwise_cos_hist_bin_18[0m    |  [0;32;40m0.006636863574385643[0m  |
| [0;34;40mvalidate/pairwise_cos_hist_bin_18_epoch[0m |  [0;32;40m0.006636863574385643[0m  |
|    [0;34;40mvalidate/pairwise_cos_hist_bin_19[0m    |  [0;32;40m0.006745149847120047[0m  |
| [0;34;40mvalidate/pairwise_cos_hist_bin_19_epoch[0m |  [0;32;40m0.006745149847120047[0m  |
|        [0;34;40mvalidate/pairwise_cos_max[0m        |          [0;32;40m1.0[0m           |
|     [0;34;40mvalidate/pairwise_cos_max_epoch[0m     |          [0;32;40m1.0[0m           |
|        [0;34;40mvalidate/pairwise_cos_mean[0m       |  [0;32;40m0.09392958879470825[0m   |
|     [0;34;40mvalidate/pairwise_cos_mean_epoch[0m    |  [0;32;40m0.09392958879470825[0m   |
|        [0;34;40mvalidate/pairwise_cos_min[0m        |  [0;32;40m-0.3198670446872711[0m   |
|     [0;34;40mvalidate/pairwise_cos_min_epoch[0m     |  [0;32;40m-0.3198670446872711[0m   |
|        [0;34;40mvalidate/pairwise_cos_std[0m        |  [0;32;40m0.17585186660289764[0m   |
|     [0;34;40mvalidate/pairwise_cos_std_epoch[0m     |  [0;32;40m0.17585186660289764[0m   |
|            [0;34;40mvalidate/pred_loss[0m           |  [0;32;40m0.16788017749786377[0m   |
|         [0;34;40mvalidate/pred_loss_epoch[0m        |  [0;32;40m0.16788017749786377[0m   |
|           [0;34;40mvalidate/sigreg_loss[0m          |   [0;32;40m8.185619354248047[0m    |
|        [0;34;40mvalidate/sigreg_loss_epoch[0m       |   [0;32;40m8.185619354248047[0m    |
+-----------------------------------------+------------------------+
17:12:01 | INFO  | utils.py    | 📦📦📦 Model saved to /data1/Johnny/challenge/wrf/homework/outputs/stable-wm/checkpoints/lewm_reacher_15/weights_epoch_4.pt 📦📦📦
[Epoch 3/15] done in 1825.8s
17:12:01 | INFO  | checkpoint_~|   Checking for non PyTorch modules to save
17:12:01 | INFO  | atomic_chec~| [atomic_save] → /data1/Johnny/challenge/wrf/homework/outputs/home/.cache/stable-pretraining/runs/20260715/150757/246fc50c1277/checkpoints/epoch=3-step=6396.ckpt
17:12:01 | INFO  | atomic_chec~| [atomic_save] ✓ epoch=3-step=6396.ckpt saved (206.8 MiB, serialise=0.31s write=0.20s rename=0.0ms)
17:12:01 | INFO  | checkpoint_~|   Checking for non PyTorch modules to save
17:12:01 | INFO  | atomic_chec~| [atomic_save] → /data1/Johnny/challenge/wrf/homework/outputs/home/.cache/stable-pretraining/runs/20260715/150757/246fc50c1277/checkpoints/last.ckpt
17:12:02 | INFO  | atomic_chec~| [atomic_save] ✓ last.ckpt saved (206.8 MiB, serialise=0.31s write=0.18s rename=15.6ms)
[Epoch 4/15] step 50/1599 (0.8 it/s)
[Epoch 4/15] step 50/1599 (0.8 it/s)
[Epoch 4/15] step 50/1599 (0.8 it/s)
[Epoch 4/15] step 50/1599 (0.8 it/s)
[Epoch 4/15] step 50/1599 (0.8 it/s)
[Epoch 4/15] step 50/1599 (0.8 it/s)
[Epoch 4/15] step 50/1599 (0.8 it/s)
[Epoch 4/15] step 50/1599 (0.8 it/s)
[Epoch 4/15] step 100/1599 (0.9 it/s)
[Epoch 4/15] step 100/1599 (0.9 it/s)
[Epoch 4/15] step 100/1599 (0.9 it/s)
[Epoch 4/15] step 100/1599 (0.9 it/s)
[Epoch 4/15] step 100/1599 (0.9 it/s)
[Epoch 4/15] step 100/1599 (0.9 it/s)
[Epoch 4/15] step 100/1599 (0.9 it/s)
[Epoch 4/15] step 100/1599 (0.9 it/s)
[Epoch 4/15] step 150/1599 (0.9 it/s)
[Epoch 4/15] step 150/1599 (0.9 it/s)
[Epoch 4/15] step 150/1599 (0.9 it/s)
[Epoch 4/15] step 150/1599 (0.9 it/s)
[Epoch 4/15] step 150/1599 (0.9 it/s)
[Epoch 4/15] step 150/1599 (0.9 it/s)
[Epoch 4/15] step 150/1599 (0.9 it/s)
[Epoch 4/15] step 150/1599 (0.9 it/s)
[Epoch 4/15] step 200/1599 (0.9 it/s)
[Epoch 4/15] step 200/1599 (0.9 it/s)
[Epoch 4/15] step 200/1599 (0.9 it/s)
[Epoch 4/15] step 200/1599 (0.9 it/s)
[Epoch 4/15] step 200/1599 (0.9 it/s)
[Epoch 4/15] step 200/1599 (0.9 it/s)
[Epoch 4/15] step 200/1599 (0.9 it/s)
[Epoch 4/15] step 200/1599 (0.9 it/s)
[Epoch 4/15] step 250/1599 (0.9 it/s)
[Epoch 4/15] step 250/1599 (0.9 it/s)
[Epoch 4/15] step 250/1599 (0.9 it/s)
[Epoch 4/15] step 250/1599 (0.9 it/s)
[Epoch 4/15] step 250/1599 (0.9 it/s)
[Epoch 4/15] step 250/1599 (0.9 it/s)
[Epoch 4/15] step 250/1599 (0.9 it/s)
[Epoch 4/15] step 250/1599 (0.9 it/s)
[Epoch 4/15] step 300/1599 (0.9 it/s)
[Epoch 4/15] step 300/1599 (0.9 it/s)
[Epoch 4/15] step 300/1599 (0.9 it/s)
[Epoch 4/15] step 300/1599 (0.9 it/s)
[Epoch 4/15] step 300/1599 (0.9 it/s)
[Epoch 4/15] step 300/1599 (0.9 it/s)
[Epoch 4/15] step 300/1599 (0.9 it/s)
[Epoch 4/15] step 300/1599 (0.9 it/s)
[Epoch 4/15] step 350/1599 (0.9 it/s)
[Epoch 4/15] step 350/1599 (0.9 it/s)
[Epoch 4/15] step 350/1599 (0.9 it/s)
[Epoch 4/15] step 350/1599 (0.9 it/s)
[Epoch 4/15] step 350/1599 (0.9 it/s)
[Epoch 4/15] step 350/1599 (0.9 it/s)
[Epoch 4/15] step 350/1599 (0.9 it/s)
[Epoch 4/15] step 350/1599 (0.9 it/s)
[Epoch 4/15] step 400/1599 (0.9 it/s)
[Epoch 4/15] step 400/1599 (0.9 it/s)
[Epoch 4/15] step 400/1599 (0.9 it/s)
[Epoch 4/15] step 400/1599 (0.9 it/s)
[Epoch 4/15] step 400/1599 (0.9 it/s)
[Epoch 4/15] step 400/1599 (0.9 it/s)
[Epoch 4/15] step 400/1599 (0.9 it/s)
[Epoch 4/15] step 400/1599 (0.9 it/s)
[Epoch 4/15] step 450/1599 (1.0 it/s)
[Epoch 4/15] step 450/1599 (1.0 it/s)
[Epoch 4/15] step 450/1599 (1.0 it/s)
[Epoch 4/15] step 450/1599 (1.0 it/s)
[Epoch 4/15] step 450/1599 (1.0 it/s)
[Epoch 4/15] step 450/1599 (1.0 it/s)
[Epoch 4/15] step 450/1599 (1.0 it/s)
[Epoch 4/15] step 450/1599 (1.0 it/s)
[Epoch 4/15] step 500/1599 (1.0 it/s)
[Epoch 4/15] step 500/1599 (1.0 it/s)
[Epoch 4/15] step 500/1599 (1.0 it/s)
[Epoch 4/15] step 500/1599 (1.0 it/s)
[Epoch 4/15] step 500/1599 (1.0 it/s)
[Epoch 4/15] step 500/1599 (1.0 it/s)
[Epoch 4/15] step 500/1599 (1.0 it/s)
[Epoch 4/15] step 500/1599 (1.0 it/s)
[Epoch 4/15] step 550/1599 (1.0 it/s)
[Epoch 4/15] step 550/1599 (1.0 it/s)
[Epoch 4/15] step 550/1599 (1.0 it/s)
[Epoch 4/15] step 550/1599 (1.0 it/s)
[Epoch 4/15] step 550/1599 (1.0 it/s)
[Epoch 4/15] step 550/1599 (1.0 it/s)
[Epoch 4/15] step 550/1599 (1.0 it/s)
[Epoch 4/15] step 550/1599 (1.0 it/s)
[Epoch 4/15] step 600/1599 (1.0 it/s)
[Epoch 4/15] step 600/1599 (1.0 it/s)
[Epoch 4/15] step 600/1599 (1.0 it/s)
[Epoch 4/15] step 600/1599 (1.0 it/s)
[Epoch 4/15] step 600/1599 (1.0 it/s)
[Epoch 4/15] step 600/1599 (1.0 it/s)
[Epoch 4/15] step 600/1599 (1.0 it/s)
[Epoch 4/15] step 600/1599 (1.0 it/s)
[Epoch 4/15] step 650/1599 (1.0 it/s)
[Epoch 4/15] step 650/1599 (1.0 it/s)
[Epoch 4/15] step 650/1599 (1.0 it/s)
[Epoch 4/15] step 650/1599 (1.0 it/s)
[Epoch 4/15] step 650/1599 (1.0 it/s)
[Epoch 4/15] step 650/1599 (1.0 it/s)
[Epoch 4/15] step 650/1599 (1.0 it/s)
[Epoch 4/15] step 650/1599 (1.0 it/s)
[Epoch 4/15] step 700/1599 (1.0 it/s)
[Epoch 4/15] step 700/1599 (1.0 it/s)
[Epoch 4/15] step 700/1599 (1.0 it/s)
[Epoch 4/15] step 700/1599 (1.0 it/s)
[Epoch 4/15] step 700/1599 (1.0 it/s)
[Epoch 4/15] step 700/1599 (1.0 it/s)
[Epoch 4/15] step 700/1599 (1.0 it/s)
[Epoch 4/15] step 700/1599 (1.0 it/s)
[Epoch 4/15] step 750/1599 (1.0 it/s)
[Epoch 4/15] step 750/1599 (1.0 it/s)
[Epoch 4/15] step 750/1599 (1.0 it/s)
[Epoch 4/15] step 750/1599 (1.0 it/s)
[Epoch 4/15] step 750/1599 (1.0 it/s)
[Epoch 4/15] step 750/1599 (1.0 it/s)
[Epoch 4/15] step 750/1599 (1.0 it/s)
[Epoch 4/15] step 750/1599 (1.0 it/s)
[Epoch 4/15] step 800/1599 (1.0 it/s)
[Epoch 4/15] step 800/1599 (1.0 it/s)
[Epoch 4/15] step 800/1599 (1.0 it/s)
[Epoch 4/15] step 800/1599 (1.0 it/s)
[Epoch 4/15] step 800/1599 (1.0 it/s)
[Epoch 4/15] step 800/1599 (1.0 it/s)
[Epoch 4/15] step 800/1599 (1.0 it/s)
[Epoch 4/15] step 800/1599 (1.0 it/s)
[Epoch 4/15] step 850/1599 (1.0 it/s)
[Epoch 4/15] step 850/1599 (1.0 it/s)
[Epoch 4/15] step 850/1599 (1.0 it/s)
[Epoch 4/15] step 850/1599 (1.0 it/s)
[Epoch 4/15] step 850/1599 (1.0 it/s)
[Epoch 4/15] step 850/1599 (1.0 it/s)
[Epoch 4/15] step 850/1599 (1.0 it/s)
[Epoch 4/15] step 850/1599 (1.0 it/s)
[Epoch 4/15] step 900/1599 (1.0 it/s)
[Epoch 4/15] step 900/1599 (1.0 it/s)
[Epoch 4/15] step 900/1599 (1.0 it/s)
[Epoch 4/15] step 900/1599 (1.0 it/s)
[Epoch 4/15] step 900/1599 (1.0 it/s)
[Epoch 4/15] step 900/1599 (1.0 it/s)
[Epoch 4/15] step 900/1599 (1.0 it/s)
[Epoch 4/15] step 900/1599 (1.0 it/s)
[Epoch 4/15] step 950/1599 (1.0 it/s)
[Epoch 4/15] step 950/1599 (1.0 it/s)
[Epoch 4/15] step 950/1599 (1.0 it/s)
[Epoch 4/15] step 950/1599 (1.0 it/s)
[Epoch 4/15] step 950/1599 (1.0 it/s)
[Epoch 4/15] step 950/1599 (1.0 it/s)
[Epoch 4/15] step 950/1599 (1.0 it/s)
[Epoch 4/15] step 950/1599 (1.0 it/s)
[Epoch 4/15] step 1000/1599 (1.0 it/s)
[Epoch 4/15] step 1000/1599 (1.0 it/s)
[Epoch 4/15] step 1000/1599 (1.0 it/s)
[Epoch 4/15] step 1000/1599 (1.0 it/s)
[Epoch 4/15] step 1000/1599 (1.0 it/s)
[Epoch 4/15] step 1000/1599 (1.0 it/s)
[Epoch 4/15] step 1000/1599 (1.0 it/s)
[Epoch 4/15] step 1000/1599 (1.0 it/s)
[Epoch 4/15] step 1050/1599 (1.0 it/s)
[Epoch 4/15] step 1050/1599 (1.0 it/s)
[Epoch 4/15] step 1050/1599 (1.0 it/s)
[Epoch 4/15] step 1050/1599 (1.0 it/s)
[Epoch 4/15] step 1050/1599 (1.0 it/s)
[Epoch 4/15] step 1050/1599 (1.0 it/s)
[Epoch 4/15] step 1050/1599 (1.0 it/s)
[Epoch 4/15] step 1050/1599 (1.0 it/s)
[Epoch 4/15] step 1100/1599 (1.0 it/s)
[Epoch 4/15] step 1100/1599 (1.0 it/s)
[Epoch 4/15] step 1100/1599 (1.0 it/s)
[Epoch 4/15] step 1100/1599 (1.0 it/s)
[Epoch 4/15] step 1100/1599 (1.0 it/s)
[Epoch 4/15] step 1100/1599 (1.0 it/s)
[Epoch 4/15] step 1100/1599 (1.0 it/s)
[Epoch 4/15] step 1100/1599 (1.0 it/s)
[Epoch 4/15] step 1150/1599 (1.0 it/s)
[Epoch 4/15] step 1150/1599 (1.0 it/s)
[Epoch 4/15] step 1150/1599 (1.0 it/s)
[Epoch 4/15] step 1150/1599 (1.0 it/s)
[Epoch 4/15] step 1150/1599 (1.0 it/s)
[Epoch 4/15] step 1150/1599 (1.0 it/s)
[Epoch 4/15] step 1150/1599 (1.0 it/s)
[Epoch 4/15] step 1150/1599 (1.0 it/s)
[Epoch 4/15] step 1200/1599 (1.0 it/s)
[Epoch 4/15] step 1200/1599 (1.0 it/s)
[Epoch 4/15] step 1200/1599 (1.0 it/s)
[Epoch 4/15] step 1200/1599 (1.0 it/s)
[Epoch 4/15] step 1200/1599 (1.0 it/s)
[Epoch 4/15] step 1200/1599 (1.0 it/s)
[Epoch 4/15] step 1200/1599 (1.0 it/s)
[Epoch 4/15] step 1200/1599 (1.0 it/s)
[Epoch 4/15] step 1250/1599 (1.0 it/s)
[Epoch 4/15] step 1250/1599 (1.0 it/s)
[Epoch 4/15] step 1250/1599 (1.0 it/s)
[Epoch 4/15] step 1250/1599 (1.0 it/s)
[Epoch 4/15] step 1250/1599 (1.0 it/s)
[Epoch 4/15] step 1250/1599 (1.0 it/s)
[Epoch 4/15] step 1250/1599 (1.0 it/s)
[Epoch 4/15] step 1250/1599 (1.0 it/s)
[Epoch 4/15] step 1300/1599 (1.0 it/s)
[Epoch 4/15] step 1300/1599 (1.0 it/s)
[Epoch 4/15] step 1300/1599 (1.0 it/s)
[Epoch 4/15] step 1300/1599 (1.0 it/s)
[Epoch 4/15] step 1300/1599 (1.0 it/s)
[Epoch 4/15] step 1300/1599 (1.0 it/s)
[Epoch 4/15] step 1300/1599 (1.0 it/s)
[Epoch 4/15] step 1300/1599 (1.0 it/s)
[Epoch 4/15] step 1350/1599 (1.0 it/s)
[Epoch 4/15] step 1350/1599 (1.0 it/s)
[Epoch 4/15] step 1350/1599 (1.0 it/s)
[Epoch 4/15] step 1350/1599 (1.0 it/s)
[Epoch 4/15] step 1350/1599 (1.0 it/s)
[Epoch 4/15] step 1350/1599 (1.0 it/s)
[Epoch 4/15] step 1350/1599 (1.0 it/s)
[Epoch 4/15] step 1350/1599 (1.0 it/s)
[Epoch 4/15] step 1400/1599 (1.0 it/s)
[Epoch 4/15] step 1400/1599 (1.0 it/s)
[Epoch 4/15] step 1400/1599 (1.0 it/s)
[Epoch 4/15] step 1400/1599 (1.0 it/s)
[Epoch 4/15] step 1400/1599 (1.0 it/s)
[Epoch 4/15] step 1400/1599 (1.0 it/s)
[Epoch 4/15] step 1400/1599 (1.0 it/s)
[Epoch 4/15] step 1400/1599 (1.0 it/s)
[Epoch 4/15] step 1450/1599 (1.0 it/s)
[Epoch 4/15] step 1450/1599 (1.0 it/s)
[Epoch 4/15] step 1450/1599 (1.0 it/s)
[Epoch 4/15] step 1450/1599 (1.0 it/s)
[Epoch 4/15] step 1450/1599 (1.0 it/s)
[Epoch 4/15] step 1450/1599 (1.0 it/s)
[Epoch 4/15] step 1450/1599 (1.0 it/s)
[Epoch 4/15] step 1450/1599 (1.0 it/s)
[Epoch 4/15] step 1500/1599 (1.0 it/s)
[Epoch 4/15] step 1500/1599 (1.0 it/s)
[Epoch 4/15] step 1500/1599 (1.0 it/s)
[Epoch 4/15] step 1500/1599 (1.0 it/s)
[Epoch 4/15] step 1500/1599 (1.0 it/s)
[Epoch 4/15] step 1500/1599 (1.0 it/s)
[Epoch 4/15] step 1500/1599 (1.0 it/s)
[Epoch 4/15] step 1500/1599 (1.0 it/s)
[Epoch 4/15] step 1550/1599 (1.0 it/s)
[Epoch 4/15] step 1550/1599 (1.0 it/s)
[Epoch 4/15] step 1550/1599 (1.0 it/s)
[Epoch 4/15] step 1550/1599 (1.0 it/s)
[Epoch 4/15] step 1550/1599 (1.0 it/s)
[Epoch 4/15] step 1550/1599 (1.0 it/s)
[Epoch 4/15] step 1550/1599 (1.0 it/s)
[Epoch 4/15] step 1550/1599 (1.0 it/s)
[Epoch 4/15] done in 1827.1s
[Epoch 4/15] done in 1827.1s
[Epoch 4/15] done in 1827.1s
[Epoch 4/15] done in 1827.1s
[Epoch 4/15] done in 1827.1s
[Epoch 4/15] done in 1827.1s
[Epoch 4/15] done in 1827.1s
17:42:29 | INFO  | trainer_inf~| \n+-----------------------------------------+------------------------+
|                  Metric                 |         Value          |
+-----------------------------------------+------------------------+
|           [0;34;40mfit/active_dim_count[0m          |         [0;32;40m192.0[0m          |
|             [0;34;40mfit/latent_mean[0m             | [0;32;40m8.851542952470481e-05[0m  |
|             [0;34;40mfit/latent_norm[0m             |   [0;32;40m13.492640495300293[0m   |
|              [0;34;40mfit/latent_std[0m             |   [0;32;40m0.9759831428527832[0m   |
|           [0;34;40mfit/learning_rate_0[0m           | [0;32;40m3.795358134084381e-05[0m  |
|                 [0;34;40mfit/loss[0m                |   [0;32;40m0.1780451238155365[0m   |
|           [0;34;40mfit/loss_future_cos[0m           |  [0;32;40m0.021276749670505524[0m  |
|            [0;34;40mfit/loss_future_l1[0m           |     [0;32;40m0.13232421875[0m      |
|               [0;34;40mfit/loss_mse[0m              |  [0;32;40m0.039495330303907394[0m  |
|         [0;34;40mfit/loss_mse_horizon_01[0m         |  [0;32;40m0.09132519364356995[0m   |
|         [0;34;40mfit/loss_mse_horizon_02[0m         |  [0;32;40m0.013937750831246376[0m  |
|         [0;34;40mfit/loss_mse_horizon_03[0m         |  [0;32;40m0.013223044574260712[0m  |
|              [0;34;40mfit/loss_total[0m             |   [0;32;40m0.1780451238155365[0m   |
|       [0;34;40mfit/pairwise_cos_hist_bin_00[0m      |          [0;32;40m0.0[0m           |
|       [0;34;40mfit/pairwise_cos_hist_bin_01[0m      |          [0;32;40m0.0[0m           |
|       [0;34;40mfit/pairwise_cos_hist_bin_02[0m      |          [0;32;40m0.0[0m           |
|       [0;34;40mfit/pairwise_cos_hist_bin_03[0m      |          [0;32;40m0.0[0m           |
|       [0;34;40mfit/pairwise_cos_hist_bin_04[0m      |          [0;32;40m0.0[0m           |
|       [0;34;40mfit/pairwise_cos_hist_bin_05[0m      |          [0;32;40m0.0[0m           |
|       [0;34;40mfit/pairwise_cos_hist_bin_06[0m      | [0;32;40m0.00012422027066349983[0m |
|       [0;34;40mfit/pairwise_cos_hist_bin_07[0m      |  [0;32;40m0.016016770154237747[0m  |
|       [0;34;40mfit/pairwise_cos_hist_bin_08[0m      |   [0;32;40m0.1651279181241989[0m   |
|       [0;34;40mfit/pairwise_cos_hist_bin_09[0m      |   [0;32;40m0.4680715799331665[0m   |
|       [0;34;40mfit/pairwise_cos_hist_bin_10[0m      |  [0;32;40m0.24353960156440735[0m   |
|       [0;34;40mfit/pairwise_cos_hist_bin_11[0m      |  [0;32;40m0.04574650898575783[0m   |
|       [0;34;40mfit/pairwise_cos_hist_bin_12[0m      |  [0;32;40m0.017545636743307114[0m  |
|       [0;34;40mfit/pairwise_cos_hist_bin_13[0m      |  [0;32;40m0.009252499788999557[0m  |
|       [0;34;40mfit/pairwise_cos_hist_bin_14[0m      |  [0;32;40m0.006726050283759832[0m  |
|       [0;34;40mfit/pairwise_cos_hist_bin_15[0m      |  [0;32;40m0.006003661546856165[0m  |
|       [0;34;40mfit/pairwise_cos_hist_bin_16[0m      |  [0;32;40m0.005626223050057888[0m  |
|       [0;34;40mfit/pairwise_cos_hist_bin_17[0m      |  [0;32;40m0.005323316436260939[0m  |
|       [0;34;40mfit/pairwise_cos_hist_bin_18[0m      |  [0;32;40m0.005436070263385773[0m  |
|       [0;34;40mfit/pairwise_cos_hist_bin_19[0m      |  [0;32;40m0.005459959153085947[0m  |
|           [0;34;40mfit/pairwise_cos_max[0m          |          [0;32;40m1.0[0m           |
|          [0;34;40mfit/pairwise_cos_mean[0m          | [0;32;40m-0.0017004013061523438[0m |
|           [0;34;40mfit/pairwise_cos_min[0m          |     [0;32;40m-0.3291015625[0m      |
|           [0;34;40mfit/pairwise_cos_std[0m          |    [0;32;40m0.1624755859375[0m     |
|              [0;34;40mfit/pred_loss[0m              |  [0;32;40m0.039495330303907394[0m  |
|           [0;34;40mfit/samples_per_sec[0m           |    [0;32;40m1305.09033203125[0m    |
|             [0;34;40mfit/sigreg_loss[0m             |      [0;32;40m1.5400390625[0m      |
|           [0;34;40mhardware/cpu_percent[0m          |   [0;32;40m31.200000762939453[0m   |
|         [0;34;40mhardware/disk_read_mb_s[0m         |          [0;32;40m0.0[0m           |
|         [0;34;40mhardware/disk_write_mb_s[0m        |   [0;32;40m0.1515236496925354[0m   |
|          [0;34;40mhardware/net_recv_mb_s[0m         |  [0;32;40m0.00228451332077384[0m   |
|          [0;34;40mhardware/net_sent_mb_s[0m         |  [0;32;40m0.002337333280593157[0m  |
|           [0;34;40mhardware/ram_used_gb[0m          |   [0;32;40m513.2299194335938[0m    |
|          [0;34;40mhardware/ram_used_pct[0m          |          [0;32;40m27.5[0m          |
|           [0;34;40mhparams/lr_default_0[0m          | [0;32;40m3.795358134084381e-05[0m  |
|        [0;34;40mvalidate/active_dim_count[0m        |         [0;32;40m192.0[0m          |
|     [0;34;40mvalidate/active_dim_count_epoch[0m     |         [0;32;40m192.0[0m          |
|           [0;34;40mvalidate/latent_mean[0m          |  [0;32;40m-0.02895369939506054[0m  |
|        [0;34;40mvalidate/latent_mean_epoch[0m       |  [0;32;40m-0.02895369939506054[0m  |
|           [0;34;40mvalidate/latent_norm[0m          |   [0;32;40m15.560688018798828[0m   |
|        [0;34;40mvalidate/latent_norm_epoch[0m       |   [0;32;40m15.560688018798828[0m   |
|           [0;34;40mvalidate/latent_std[0m           |   [0;32;40m1.1395130157470703[0m   |
|        [0;34;40mvalidate/latent_std_epoch[0m        |   [0;32;40m1.1395130157470703[0m   |
|              [0;34;40mvalidate/loss[0m              |   [0;32;40m1.7793245315551758[0m   |
|           [0;34;40mvalidate/loss_epoch[0m           |   [0;32;40m1.7793245315551758[0m   |
|         [0;34;40mvalidate/loss_future_cos[0m        |  [0;32;40m0.10474415868520737[0m   |
|      [0;34;40mvalidate/loss_future_cos_epoch[0m     |  [0;32;40m0.10474415868520737[0m   |
|         [0;34;40mvalidate/loss_future_l1[0m         |   [0;32;40m0.4001956582069397[0m   |
|      [0;34;40mvalidate/loss_future_l1_epoch[0m      |   [0;32;40m0.4001956582069397[0m   |
|            [0;34;40mvalidate/loss_mse[0m            |   [0;32;40m0.2600117027759552[0m   |
|         [0;34;40mvalidate/loss_mse_epoch[0m         |   [0;32;40m0.2600117027759552[0m   |
|       [0;34;40mvalidate/loss_mse_horizon_01[0m      |  [0;32;40m0.29073432087898254[0m   |
|    [0;34;40mvalidate/loss_mse_horizon_01_epoch[0m   |  [0;32;40m0.29073432087898254[0m   |
|       [0;34;40mvalidate/loss_mse_horizon_02[0m      |  [0;32;40m0.24470961093902588[0m   |
|    [0;34;40mvalidate/loss_mse_horizon_02_epoch[0m   |  [0;32;40m0.24470961093902588[0m   |
|       [0;34;40mvalidate/loss_mse_horizon_03[0m      |  [0;32;40m0.24459117650985718[0m   |
|    [0;34;40mvalidate/loss_mse_horizon_03_epoch[0m   |  [0;32;40m0.24459117650985718[0m   |
|           [0;34;40mvalidate/loss_total[0m           |   [0;32;40m1.7793245315551758[0m   |
|        [0;34;40mvalidate/loss_total_epoch[0m        |   [0;32;40m1.7793245315551758[0m   |
|    [0;34;40mvalidate/pairwise_cos_hist_bin_00[0m    |          [0;32;40m0.0[0m           |
| [0;34;40mvalidate/pairwise_cos_hist_bin_00_epoch[0m |          [0;32;40m0.0[0m           |
|    [0;34;40mvalidate/pairwise_cos_hist_bin_01[0m    |          [0;32;40m0.0[0m           |
| [0;34;40mvalidate/pairwise_cos_hist_bin_01_epoch[0m |          [0;32;40m0.0[0m           |
|    [0;34;40mvalidate/pairwise_cos_hist_bin_02[0m    |          [0;32;40m0.0[0m           |
| [0;34;40mvalidate/pairwise_cos_hist_bin_02_epoch[0m |          [0;32;40m0.0[0m           |
|    [0;34;40mvalidate/pairwise_cos_hist_bin_03[0m    |          [0;32;40m0.0[0m           |
| [0;34;40mvalidate/pairwise_cos_hist_bin_03_epoch[0m |          [0;32;40m0.0[0m           |
|    [0;34;40mvalidate/pairwise_cos_hist_bin_04[0m    |          [0;32;40m0.0[0m           |
| [0;34;40mvalidate/pairwise_cos_hist_bin_04_epoch[0m |          [0;32;40m0.0[0m           |
|    [0;34;40mvalidate/pairwise_cos_hist_bin_05[0m    |          [0;32;40m0.0[0m           |
| [0;34;40mvalidate/pairwise_cos_hist_bin_05_epoch[0m |          [0;32;40m0.0[0m           |
|    [0;34;40mvalidate/pairwise_cos_hist_bin_06[0m    |          [0;32;40m0.0[0m           |
| [0;34;40mvalidate/pairwise_cos_hist_bin_06_epoch[0m |          [0;32;40m0.0[0m           |
|    [0;34;40mvalidate/pairwise_cos_hist_bin_07[0m    | [0;32;40m2.7839991162181832e-05[0m |
| [0;34;40mvalidate/pairwise_cos_hist_bin_07_epoch[0m | [0;32;40m2.7839991162181832e-05[0m |
|    [0;34;40mvalidate/pairwise_cos_hist_bin_08[0m    |  [0;32;40m0.006090428680181503[0m  |
| [0;34;40mvalidate/pairwise_cos_hist_bin_08_epoch[0m |  [0;32;40m0.006090428680181503[0m  |
|    [0;34;40mvalidate/pairwise_cos_hist_bin_09[0m    |  [0;32;40m0.08931542187929153[0m   |
| [0;34;40mvalidate/pairwise_cos_hist_bin_09_epoch[0m |  [0;32;40m0.08931542187929153[0m   |
|    [0;34;40mvalidate/pairwise_cos_hist_bin_10[0m    |  [0;32;40m0.23805494606494904[0m   |
| [0;34;40mvalidate/pairwise_cos_hist_bin_10_epoch[0m |  [0;32;40m0.23805494606494904[0m   |
|    [0;34;40mvalidate/pairwise_cos_hist_bin_11[0m    |   [0;32;40m0.2323179692029953[0m   |
| [0;34;40mvalidate/pairwise_cos_hist_bin_11_epoch[0m |   [0;32;40m0.2323179692029953[0m   |
|    [0;34;40mvalidate/pairwise_cos_hist_bin_12[0m    |  [0;32;40m0.18859495222568512[0m   |
| [0;34;40mvalidate/pairwise_cos_hist_bin_12_epoch[0m |  [0;32;40m0.18859495222568512[0m   |
|    [0;34;40mvalidate/pairwise_cos_hist_bin_13[0m    |  [0;32;40m0.12311287224292755[0m   |
| [0;34;40mvalidate/pairwise_cos_hist_bin_13_epoch[0m |  [0;32;40m0.12311287224292755[0m   |
|    [0;34;40mvalidate/pairwise_cos_hist_bin_14[0m    |   [0;32;40m0.0521576926112175[0m   |
| [0;34;40mvalidate/pairwise_cos_hist_bin_14_epoch[0m |   [0;32;40m0.0521576926112175[0m   |
|    [0;34;40mvalidate/pairwise_cos_hist_bin_15[0m    |  [0;32;40m0.026507601141929626[0m  |
| [0;34;40mvalidate/pairwise_cos_hist_bin_15_epoch[0m |  [0;32;40m0.026507601141929626[0m  |
|    [0;34;40mvalidate/pairwise_cos_hist_bin_16[0m    |  [0;32;40m0.01715887524187565[0m   |
| [0;34;40mvalidate/pairwise_cos_hist_bin_16_epoch[0m |  [0;32;40m0.01715887524187565[0m   |
|    [0;34;40mvalidate/pairwise_cos_hist_bin_17[0m    |  [0;32;40m0.010457794182002544[0m  |
| [0;34;40mvalidate/pairwise_cos_hist_bin_17_epoch[0m |  [0;32;40m0.010457794182002544[0m  |
|    [0;34;40mvalidate/pairwise_cos_hist_bin_18[0m    |  [0;32;40m0.008012734353542328[0m  |
| [0;34;40mvalidate/pairwise_cos_hist_bin_18_epoch[0m |  [0;32;40m0.008012734353542328[0m  |
|    [0;34;40mvalidate/pairwise_cos_hist_bin_19[0m    |  [0;32;40m0.008190876804292202[0m  |
| [0;34;40mvalidate/pairwise_cos_hist_bin_19_epoch[0m |  [0;32;40m0.008190876804292202[0m  |
|        [0;34;40mvalidate/pairwise_cos_max[0m        |          [0;32;40m1.0[0m           |
|     [0;34;40mvalidate/pairwise_cos_max_epoch[0m     |          [0;32;40m1.0[0m           |
|        [0;34;40mvalidate/pairwise_cos_mean[0m       |   [0;32;40m0.2031170129776001[0m   |
|     [0;34;40mvalidate/pairwise_cos_mean_epoch[0m    |   [0;32;40m0.2031170129776001[0m   |
|        [0;34;40mvalidate/pairwise_cos_min[0m        |  [0;32;40m-0.20912902057170868[0m  |
|     [0;34;40mvalidate/pairwise_cos_min_epoch[0m     |  [0;32;40m-0.20912902057170868[0m  |
|        [0;34;40mvalidate/pairwise_cos_std[0m        |  [0;32;40m0.18917754292488098[0m   |
|     [0;34;40mvalidate/pairwise_cos_std_epoch[0m     |  [0;32;40m0.18917754292488098[0m   |
|            [0;34;40mvalidate/pred_loss[0m           |   [0;32;40m0.2600117027759552[0m   |
|         [0;34;40mvalidate/pred_loss_epoch[0m        |   [0;32;40m0.2600117027759552[0m   |
|           [0;34;40mvalidate/sigreg_loss[0m          |     [0;32;40m16.88037109375[0m     |
|        [0;34;40mvalidate/sigreg_loss_epoch[0m       |     [0;32;40m16.88037109375[0m     |
+-----------------------------------------+------------------------+
17:42:29 | INFO  | utils.py    | 📦📦📦 Model saved to /data1/Johnny/challenge/wrf/homework/outputs/stable-wm/checkpoints/lewm_reacher_15/weights_epoch_5.pt 📦📦📦
[Epoch 4/15] done in 1827.2s
17:42:29 | INFO  | checkpoint_~|   Checking for non PyTorch modules to save
17:42:29 | INFO  | atomic_chec~| [atomic_save] → /data1/Johnny/challenge/wrf/homework/outputs/home/.cache/stable-pretraining/runs/20260715/150757/246fc50c1277/checkpoints/epoch=4-step=7995.ckpt
17:42:29 | INFO  | atomic_chec~| [atomic_save] ✓ epoch=4-step=7995.ckpt saved (206.8 MiB, serialise=0.34s write=0.21s rename=0.1ms)
17:42:30 | INFO  | checkpoint_~|   Checking for non PyTorch modules to save
17:42:30 | INFO  | atomic_chec~| [atomic_save] → /data1/Johnny/challenge/wrf/homework/outputs/home/.cache/stable-pretraining/runs/20260715/150757/246fc50c1277/checkpoints/last.ckpt
17:42:30 | INFO  | atomic_chec~| [atomic_save] ✓ last.ckpt saved (206.8 MiB, serialise=0.34s write=0.20s rename=19.3ms)
[Epoch 5/15] step 50/1599 (0.8 it/s)
[Epoch 5/15] step 50/1599 (0.8 it/s)
[Epoch 5/15] step 50/1599 (0.8 it/s)
[Epoch 5/15] step 50/1599 (0.8 it/s)
[Epoch 5/15] step 50/1599 (0.8 it/s)
[Epoch 5/15] step 50/1599 (0.8 it/s)
[Epoch 5/15] step 50/1599 (0.8 it/s)
[Epoch 5/15] step 50/1599 (0.8 it/s)
[Epoch 5/15] step 100/1599 (0.9 it/s)
[Epoch 5/15] step 100/1599 (0.9 it/s)
[Epoch 5/15] step 100/1599 (0.9 it/s)
[Epoch 5/15] step 100/1599 (0.9 it/s)
[Epoch 5/15] step 100/1599 (0.9 it/s)
[Epoch 5/15] step 100/1599 (0.9 it/s)
[Epoch 5/15] step 100/1599 (0.9 it/s)
[Epoch 5/15] step 100/1599 (0.9 it/s)
[Epoch 5/15] step 150/1599 (0.9 it/s)
[Epoch 5/15] step 150/1599 (0.9 it/s)
[Epoch 5/15] step 150/1599 (0.9 it/s)
[Epoch 5/15] step 150/1599 (0.9 it/s)
[Epoch 5/15] step 150/1599 (0.9 it/s)
[Epoch 5/15] step 150/1599 (0.9 it/s)
[Epoch 5/15] step 150/1599 (0.9 it/s)
[Epoch 5/15] step 150/1599 (0.9 it/s)
[Epoch 5/15] step 200/1599 (0.9 it/s)
[Epoch 5/15] step 200/1599 (0.9 it/s)
[Epoch 5/15] step 200/1599 (0.9 it/s)
[Epoch 5/15] step 200/1599 (0.9 it/s)
[Epoch 5/15] step 200/1599 (0.9 it/s)
[Epoch 5/15] step 200/1599 (0.9 it/s)
[Epoch 5/15] step 200/1599 (0.9 it/s)
[Epoch 5/15] step 200/1599 (0.9 it/s)
[Epoch 5/15] step 250/1599 (0.9 it/s)
[Epoch 5/15] step 250/1599 (0.9 it/s)
[Epoch 5/15] step 250/1599 (0.9 it/s)
[Epoch 5/15] step 250/1599 (0.9 it/s)
[Epoch 5/15] step 250/1599 (0.9 it/s)
[Epoch 5/15] step 250/1599 (0.9 it/s)
[Epoch 5/15] step 250/1599 (0.9 it/s)
[Epoch 5/15] step 250/1599 (0.9 it/s)
[Epoch 5/15] step 300/1599 (0.9 it/s)
[Epoch 5/15] step 300/1599 (0.9 it/s)
[Epoch 5/15] step 300/1599 (0.9 it/s)
[Epoch 5/15] step 300/1599 (0.9 it/s)
[Epoch 5/15] step 300/1599 (0.9 it/s)
[Epoch 5/15] step 300/1599 (0.9 it/s)
[Epoch 5/15] step 300/1599 (0.9 it/s)
[Epoch 5/15] step 300/1599 (0.9 it/s)
[Epoch 5/15] step 350/1599 (0.9 it/s)
[Epoch 5/15] step 350/1599 (0.9 it/s)
[Epoch 5/15] step 350/1599 (0.9 it/s)
[Epoch 5/15] step 350/1599 (0.9 it/s)
[Epoch 5/15] step 350/1599 (0.9 it/s)
[Epoch 5/15] step 350/1599 (0.9 it/s)
[Epoch 5/15] step 350/1599 (0.9 it/s)
[Epoch 5/15] step 350/1599 (0.9 it/s)
[Epoch 5/15] step 400/1599 (1.0 it/s)
[Epoch 5/15] step 400/1599 (1.0 it/s)
[Epoch 5/15] step 400/1599 (1.0 it/s)
[Epoch 5/15] step 400/1599 (1.0 it/s)
[Epoch 5/15] step 400/1599 (1.0 it/s)
[Epoch 5/15] step 400/1599 (1.0 it/s)
[Epoch 5/15] step 400/1599 (1.0 it/s)
[Epoch 5/15] step 400/1599 (1.0 it/s)
[Epoch 5/15] step 450/1599 (1.0 it/s)
[Epoch 5/15] step 450/1599 (1.0 it/s)
[Epoch 5/15] step 450/1599 (1.0 it/s)
[Epoch 5/15] step 450/1599 (1.0 it/s)
[Epoch 5/15] step 450/1599 (1.0 it/s)
[Epoch 5/15] step 450/1599 (1.0 it/s)
[Epoch 5/15] step 450/1599 (1.0 it/s)
[Epoch 5/15] step 450/1599 (1.0 it/s)
[Epoch 5/15] step 500/1599 (1.0 it/s)
[Epoch 5/15] step 500/1599 (1.0 it/s)
[Epoch 5/15] step 500/1599 (1.0 it/s)
[Epoch 5/15] step 500/1599 (1.0 it/s)
[Epoch 5/15] step 500/1599 (1.0 it/s)
[Epoch 5/15] step 500/1599 (1.0 it/s)
[Epoch 5/15] step 500/1599 (1.0 it/s)
[Epoch 5/15] step 500/1599 (1.0 it/s)
[Epoch 5/15] step 550/1599 (1.0 it/s)
[Epoch 5/15] step 550/1599 (1.0 it/s)
[Epoch 5/15] step 550/1599 (1.0 it/s)
[Epoch 5/15] step 550/1599 (1.0 it/s)
[Epoch 5/15] step 550/1599 (1.0 it/s)
[Epoch 5/15] step 550/1599 (1.0 it/s)
[Epoch 5/15] step 550/1599 (1.0 it/s)
[Epoch 5/15] step 550/1599 (1.0 it/s)
[Epoch 5/15] step 600/1599 (1.0 it/s)
[Epoch 5/15] step 600/1599 (1.0 it/s)
[Epoch 5/15] step 600/1599 (1.0 it/s)
[Epoch 5/15] step 600/1599 (1.0 it/s)
[Epoch 5/15] step 600/1599 (1.0 it/s)
[Epoch 5/15] step 600/1599 (1.0 it/s)
[Epoch 5/15] step 600/1599 (1.0 it/s)
[Epoch 5/15] step 600/1599 (1.0 it/s)
[Epoch 5/15] step 650/1599 (1.0 it/s)
[Epoch 5/15] step 650/1599 (1.0 it/s)
[Epoch 5/15] step 650/1599 (1.0 it/s)
[Epoch 5/15] step 650/1599 (1.0 it/s)
[Epoch 5/15] step 650/1599 (1.0 it/s)
[Epoch 5/15] step 650/1599 (1.0 it/s)
[Epoch 5/15] step 650/1599 (1.0 it/s)
[Epoch 5/15] step 650/1599 (1.0 it/s)
[Epoch 5/15] step 700/1599 (1.0 it/s)
[Epoch 5/15] step 700/1599 (1.0 it/s)
[Epoch 5/15] step 700/1599 (1.0 it/s)
[Epoch 5/15] step 700/1599 (1.0 it/s)
[Epoch 5/15] step 700/1599 (1.0 it/s)
[Epoch 5/15] step 700/1599 (1.0 it/s)
[Epoch 5/15] step 700/1599 (1.0 it/s)
[Epoch 5/15] step 700/1599 (1.0 it/s)
[Epoch 5/15] step 750/1599 (1.0 it/s)
[Epoch 5/15] step 750/1599 (1.0 it/s)
[Epoch 5/15] step 750/1599 (1.0 it/s)
[Epoch 5/15] step 750/1599 (1.0 it/s)
[Epoch 5/15] step 750/1599 (1.0 it/s)
[Epoch 5/15] step 750/1599 (1.0 it/s)
[Epoch 5/15] step 750/1599 (1.0 it/s)
[Epoch 5/15] step 750/1599 (1.0 it/s)
[Epoch 5/15] step 800/1599 (1.0 it/s)
[Epoch 5/15] step 800/1599 (1.0 it/s)
[Epoch 5/15] step 800/1599 (1.0 it/s)
[Epoch 5/15] step 800/1599 (1.0 it/s)
[Epoch 5/15] step 800/1599 (1.0 it/s)
[Epoch 5/15] step 800/1599 (1.0 it/s)
[Epoch 5/15] step 800/1599 (1.0 it/s)
[Epoch 5/15] step 800/1599 (1.0 it/s)
[Epoch 5/15] step 850/1599 (1.0 it/s)
[Epoch 5/15] step 850/1599 (1.0 it/s)
[Epoch 5/15] step 850/1599 (1.0 it/s)
[Epoch 5/15] step 850/1599 (1.0 it/s)
[Epoch 5/15] step 850/1599 (1.0 it/s)
[Epoch 5/15] step 850/1599 (1.0 it/s)
[Epoch 5/15] step 850/1599 (1.0 it/s)
[Epoch 5/15] step 850/1599 (1.0 it/s)
[Epoch 5/15] step 900/1599 (1.0 it/s)
[Epoch 5/15] step 900/1599 (1.0 it/s)
[Epoch 5/15] step 900/1599 (1.0 it/s)
[Epoch 5/15] step 900/1599 (1.0 it/s)
[Epoch 5/15] step 900/1599 (1.0 it/s)
[Epoch 5/15] step 900/1599 (1.0 it/s)
[Epoch 5/15] step 900/1599 (1.0 it/s)
[Epoch 5/15] step 900/1599 (1.0 it/s)
[Epoch 5/15] step 950/1599 (1.0 it/s)
[Epoch 5/15] step 950/1599 (1.0 it/s)
[Epoch 5/15] step 950/1599 (1.0 it/s)
[Epoch 5/15] step 950/1599 (1.0 it/s)
[Epoch 5/15] step 950/1599 (1.0 it/s)
[Epoch 5/15] step 950/1599 (1.0 it/s)
[Epoch 5/15] step 950/1599 (1.0 it/s)
[Epoch 5/15] step 950/1599 (1.0 it/s)
[Epoch 5/15] step 1000/1599 (1.0 it/s)
[Epoch 5/15] step 1000/1599 (1.0 it/s)
[Epoch 5/15] step 1000/1599 (1.0 it/s)
[Epoch 5/15] step 1000/1599 (1.0 it/s)
[Epoch 5/15] step 1000/1599 (1.0 it/s)
[Epoch 5/15] step 1000/1599 (1.0 it/s)
[Epoch 5/15] step 1000/1599 (1.0 it/s)
[Epoch 5/15] step 1000/1599 (1.0 it/s)
[Epoch 5/15] step 1050/1599 (1.0 it/s)
[Epoch 5/15] step 1050/1599 (1.0 it/s)
[Epoch 5/15] step 1050/1599 (1.0 it/s)
[Epoch 5/15] step 1050/1599 (1.0 it/s)
[Epoch 5/15] step 1050/1599 (1.0 it/s)
[Epoch 5/15] step 1050/1599 (1.0 it/s)
[Epoch 5/15] step 1050/1599 (1.0 it/s)
[Epoch 5/15] step 1050/1599 (1.0 it/s)
[Epoch 5/15] step 1100/1599 (1.0 it/s)
[Epoch 5/15] step 1100/1599 (1.0 it/s)
[Epoch 5/15] step 1100/1599 (1.0 it/s)
[Epoch 5/15] step 1100/1599 (1.0 it/s)
[Epoch 5/15] step 1100/1599 (1.0 it/s)
[Epoch 5/15] step 1100/1599 (1.0 it/s)
[Epoch 5/15] step 1100/1599 (1.0 it/s)
[Epoch 5/15] step 1100/1599 (1.0 it/s)
[Epoch 5/15] step 1150/1599 (1.0 it/s)
[Epoch 5/15] step 1150/1599 (1.0 it/s)
[Epoch 5/15] step 1150/1599 (1.0 it/s)
[Epoch 5/15] step 1150/1599 (1.0 it/s)
[Epoch 5/15] step 1150/1599 (1.0 it/s)
[Epoch 5/15] step 1150/1599 (1.0 it/s)
[Epoch 5/15] step 1150/1599 (1.0 it/s)
[Epoch 5/15] step 1150/1599 (1.0 it/s)
[Epoch 5/15] step 1200/1599 (1.0 it/s)
[Epoch 5/15] step 1200/1599 (1.0 it/s)
[Epoch 5/15] step 1200/1599 (1.0 it/s)
[Epoch 5/15] step 1200/1599 (1.0 it/s)
[Epoch 5/15] step 1200/1599 (1.0 it/s)
[Epoch 5/15] step 1200/1599 (1.0 it/s)
[Epoch 5/15] step 1200/1599 (1.0 it/s)
[Epoch 5/15] step 1200/1599 (1.0 it/s)
[Epoch 5/15] step 1250/1599 (1.0 it/s)
[Epoch 5/15] step 1250/1599 (1.0 it/s)
[Epoch 5/15] step 1250/1599 (1.0 it/s)
[Epoch 5/15] step 1250/1599 (1.0 it/s)
[Epoch 5/15] step 1250/1599 (1.0 it/s)
[Epoch 5/15] step 1250/1599 (1.0 it/s)
[Epoch 5/15] step 1250/1599 (1.0 it/s)
[Epoch 5/15] step 1250/1599 (1.0 it/s)
[Epoch 5/15] step 1300/1599 (1.0 it/s)
[Epoch 5/15] step 1300/1599 (1.0 it/s)
[Epoch 5/15] step 1300/1599 (1.0 it/s)
[Epoch 5/15] step 1300/1599 (1.0 it/s)
[Epoch 5/15] step 1300/1599 (1.0 it/s)
[Epoch 5/15] step 1300/1599 (1.0 it/s)
[Epoch 5/15] step 1300/1599 (1.0 it/s)
[Epoch 5/15] step 1300/1599 (1.0 it/s)
[Epoch 5/15] step 1350/1599 (1.0 it/s)
[Epoch 5/15] step 1350/1599 (1.0 it/s)
[Epoch 5/15] step 1350/1599 (1.0 it/s)
[Epoch 5/15] step 1350/1599 (1.0 it/s)
[Epoch 5/15] step 1350/1599 (1.0 it/s)
[Epoch 5/15] step 1350/1599 (1.0 it/s)
[Epoch 5/15] step 1350/1599 (1.0 it/s)
[Epoch 5/15] step 1350/1599 (1.0 it/s)
[Epoch 5/15] step 1400/1599 (1.0 it/s)
[Epoch 5/15] step 1400/1599 (1.0 it/s)
[Epoch 5/15] step 1400/1599 (1.0 it/s)
[Epoch 5/15] step 1400/1599 (1.0 it/s)
[Epoch 5/15] step 1400/1599 (1.0 it/s)
[Epoch 5/15] step 1400/1599 (1.0 it/s)
[Epoch 5/15] step 1400/1599 (1.0 it/s)
[Epoch 5/15] step 1400/1599 (1.0 it/s)
[Epoch 5/15] step 1450/1599 (1.0 it/s)
[Epoch 5/15] step 1450/1599 (1.0 it/s)
[Epoch 5/15] step 1450/1599 (1.0 it/s)
[Epoch 5/15] step 1450/1599 (1.0 it/s)
[Epoch 5/15] step 1450/1599 (1.0 it/s)
[Epoch 5/15] step 1450/1599 (1.0 it/s)
[Epoch 5/15] step 1450/1599 (1.0 it/s)
[Epoch 5/15] step 1450/1599 (1.0 it/s)
[Epoch 5/15] step 1500/1599 (1.0 it/s)
[Epoch 5/15] step 1500/1599 (1.0 it/s)
[Epoch 5/15] step 1500/1599 (1.0 it/s)
[Epoch 5/15] step 1500/1599 (1.0 it/s)
[Epoch 5/15] step 1500/1599 (1.0 it/s)
[Epoch 5/15] step 1500/1599 (1.0 it/s)
[Epoch 5/15] step 1500/1599 (1.0 it/s)
[Epoch 5/15] step 1500/1599 (1.0 it/s)
[Epoch 5/15] step 1550/1599 (1.0 it/s)
[Epoch 5/15] step 1550/1599 (1.0 it/s)
[Epoch 5/15] step 1550/1599 (1.0 it/s)
[Epoch 5/15] step 1550/1599 (1.0 it/s)
[Epoch 5/15] step 1550/1599 (1.0 it/s)
[Epoch 5/15] step 1550/1599 (1.0 it/s)
[Epoch 5/15] step 1550/1599 (1.0 it/s)
[Epoch 5/15] step 1550/1599 (1.0 it/s)
[Epoch 5/15] done in 1835.9s
[Epoch 5/15] done in 1835.9s
[Epoch 5/15] done in 1835.9s
[Epoch 5/15] done in 1835.9s
[Epoch 5/15] done in 1835.9s
[Epoch 5/15] done in 1835.9s
[Epoch 5/15] done in 1835.9s
18:13:06 | INFO  | trainer_inf~| \n+-----------------------------------------+-------------------------+
|                  Metric                 |          Value          |
+-----------------------------------------+-------------------------+
|           [0;34;40mfit/active_dim_count[0m          |          [0;32;40m192.0[0m          |
|             [0;34;40mfit/latent_mean[0m             | [0;32;40m-0.00012389350740704685[0m |
|             [0;34;40mfit/latent_norm[0m             |    [0;32;40m13.547738075256348[0m   |
|              [0;34;40mfit/latent_std[0m             |    [0;32;40m0.9799900650978088[0m   |
|           [0;34;40mfit/learning_rate_0[0m           |  [0;32;40m3.317508890177123e-05[0m  |
|                 [0;34;40mfit/loss[0m                |   [0;32;40m0.17195437848567963[0m   |
|           [0;34;40mfit/loss_future_cos[0m           |   [0;32;40m0.018983006477355957[0m  |
|            [0;34;40mfit/loss_future_l1[0m           |     [0;32;40m0.1248779296875[0m     |
|               [0;34;40mfit/loss_mse[0m              |   [0;32;40m0.03560185432434082[0m   |
|         [0;34;40mfit/loss_mse_horizon_01[0m         |   [0;32;40m0.08288416266441345[0m   |
|         [0;34;40mfit/loss_mse_horizon_02[0m         |   [0;32;40m0.012131580151617527[0m  |
|         [0;34;40mfit/loss_mse_horizon_03[0m         |   [0;32;40m0.01178981363773346[0m   |
|              [0;34;40mfit/loss_total[0m             |   [0;32;40m0.17195437848567963[0m   |
|       [0;34;40mfit/pairwise_cos_hist_bin_00[0m      |           [0;32;40m0.0[0m           |
|       [0;34;40mfit/pairwise_cos_hist_bin_01[0m      |           [0;32;40m0.0[0m           |
|       [0;34;40mfit/pairwise_cos_hist_bin_02[0m      |           [0;32;40m0.0[0m           |
|       [0;34;40mfit/pairwise_cos_hist_bin_03[0m      |           [0;32;40m0.0[0m           |
|       [0;34;40mfit/pairwise_cos_hist_bin_04[0m      |           [0;32;40m0.0[0m           |
|       [0;34;40mfit/pairwise_cos_hist_bin_05[0m      |           [0;32;40m0.0[0m           |
|       [0;34;40mfit/pairwise_cos_hist_bin_06[0m      |  [0;32;40m0.00013282014697324485[0m |
|       [0;34;40mfit/pairwise_cos_hist_bin_07[0m      |   [0;32;40m0.014020646922290325[0m  |
|       [0;34;40mfit/pairwise_cos_hist_bin_08[0m      |   [0;32;40m0.14712552726268768[0m   |
|       [0;34;40mfit/pairwise_cos_hist_bin_09[0m      |   [0;32;40m0.48908868432044983[0m   |
|       [0;34;40mfit/pairwise_cos_hist_bin_10[0m      |    [0;32;40m0.2471543848514557[0m   |
|       [0;34;40mfit/pairwise_cos_hist_bin_11[0m      |   [0;32;40m0.04498780891299248[0m   |
|       [0;34;40mfit/pairwise_cos_hist_bin_12[0m      |   [0;32;40m0.016257567331194878[0m  |
|       [0;34;40mfit/pairwise_cos_hist_bin_13[0m      |   [0;32;40m0.008677264675498009[0m  |
|       [0;34;40mfit/pairwise_cos_hist_bin_14[0m      |   [0;32;40m0.006602785550057888[0m  |
|       [0;34;40mfit/pairwise_cos_hist_bin_15[0m      |   [0;32;40m0.005817331373691559[0m  |
|       [0;34;40mfit/pairwise_cos_hist_bin_16[0m      |  [0;32;40m0.0052057853899896145[0m  |
|       [0;34;40mfit/pairwise_cos_hist_bin_17[0m      |  [0;32;40m0.0048149689100682735[0m  |
|       [0;34;40mfit/pairwise_cos_hist_bin_18[0m      |   [0;32;40m0.005077742971479893[0m  |
|       [0;34;40mfit/pairwise_cos_hist_bin_19[0m      |   [0;32;40m0.00503665441647172[0m   |
|           [0;34;40mfit/pairwise_cos_max[0m          |           [0;32;40m1.0[0m           |
|          [0;34;40mfit/pairwise_cos_mean[0m          |  [0;32;40m-0.0017271041870117188[0m |
|           [0;34;40mfit/pairwise_cos_min[0m          |     [0;32;40m-0.329833984375[0m     |
|           [0;34;40mfit/pairwise_cos_std[0m          |     [0;32;40m0.1568603515625[0m     |
|              [0;34;40mfit/pred_loss[0m              |   [0;32;40m0.03560185432434082[0m   |
|           [0;34;40mfit/samples_per_sec[0m           |      [0;32;40m1280.14453125[0m      |
|             [0;34;40mfit/sigreg_loss[0m             |       [0;32;40m1.513671875[0m       |
|           [0;34;40mhardware/cpu_percent[0m          |           [0;32;40m33.5[0m          |
|         [0;34;40mhardware/disk_read_mb_s[0m         |           [0;32;40m0.0[0m           |
|         [0;34;40mhardware/disk_write_mb_s[0m        |   [0;32;40m0.40881824493408203[0m   |
|          [0;34;40mhardware/net_recv_mb_s[0m         |   [0;32;40m0.004887597635388374[0m  |
|          [0;34;40mhardware/net_sent_mb_s[0m         |   [0;32;40m0.004918769933283329[0m  |
|           [0;34;40mhardware/ram_used_gb[0m          |    [0;32;40m526.8758544921875[0m    |
|          [0;34;40mhardware/ram_used_pct[0m          |    [0;32;40m28.200000762939453[0m   |
|           [0;34;40mhparams/lr_default_0[0m          |  [0;32;40m3.317508890177123e-05[0m  |
|        [0;34;40mvalidate/active_dim_count[0m        |          [0;32;40m192.0[0m          |
|     [0;34;40mvalidate/active_dim_count_epoch[0m     |          [0;32;40m192.0[0m          |
|           [0;34;40mvalidate/latent_mean[0m          |   [0;32;40m-0.0384133905172348[0m   |
|        [0;34;40mvalidate/latent_mean_epoch[0m       |   [0;32;40m-0.0384133905172348[0m   |
|           [0;34;40mvalidate/latent_norm[0m          |    [0;32;40m14.567895889282227[0m   |
|        [0;34;40mvalidate/latent_norm_epoch[0m       |    [0;32;40m14.567895889282227[0m   |
|           [0;34;40mvalidate/latent_std[0m           |      [0;32;40m1.061279296875[0m     |
|        [0;34;40mvalidate/latent_std_epoch[0m        |      [0;32;40m1.061279296875[0m     |
|              [0;34;40mvalidate/loss[0m              |    [0;32;40m1.2267334461212158[0m   |
|           [0;34;40mvalidate/loss_epoch[0m           |    [0;32;40m1.2267334461212158[0m   |
|         [0;34;40mvalidate/loss_future_cos[0m        |   [0;32;40m0.08429885655641556[0m   |
|      [0;34;40mvalidate/loss_future_cos_epoch[0m     |   [0;32;40m0.08429885655641556[0m   |
|         [0;34;40mvalidate/loss_future_l1[0m         |    [0;32;40m0.3361181616783142[0m   |
|      [0;34;40mvalidate/loss_future_l1_epoch[0m      |    [0;32;40m0.3361181616783142[0m   |
|            [0;34;40mvalidate/loss_mse[0m            |    [0;32;40m0.1856011599302292[0m   |
|         [0;34;40mvalidate/loss_mse_epoch[0m         |    [0;32;40m0.1856011599302292[0m   |
|       [0;34;40mvalidate/loss_mse_horizon_01[0m      |   [0;32;40m0.22150953114032745[0m   |
|    [0;34;40mvalidate/loss_mse_horizon_01_epoch[0m   |   [0;32;40m0.22150953114032745[0m   |
|       [0;34;40mvalidate/loss_mse_horizon_02[0m      |   [0;32;40m0.16709494590759277[0m   |
|    [0;34;40mvalidate/loss_mse_horizon_02_epoch[0m   |   [0;32;40m0.16709494590759277[0m   |
|       [0;34;40mvalidate/loss_mse_horizon_03[0m      |   [0;32;40m0.16819898784160614[0m   |
|    [0;34;40mvalidate/loss_mse_horizon_03_epoch[0m   |   [0;32;40m0.16819898784160614[0m   |
|           [0;34;40mvalidate/loss_total[0m           |    [0;32;40m1.2267334461212158[0m   |
|        [0;34;40mvalidate/loss_total_epoch[0m        |    [0;32;40m1.2267334461212158[0m   |
|    [0;34;40mvalidate/pairwise_cos_hist_bin_00[0m    |           [0;32;40m0.0[0m           |
| [0;34;40mvalidate/pairwise_cos_hist_bin_00_epoch[0m |           [0;32;40m0.0[0m           |
|    [0;34;40mvalidate/pairwise_cos_hist_bin_01[0m    |           [0;32;40m0.0[0m           |
| [0;34;40mvalidate/pairwise_cos_hist_bin_01_epoch[0m |           [0;32;40m0.0[0m           |
|    [0;34;40mvalidate/pairwise_cos_hist_bin_02[0m    |           [0;32;40m0.0[0m           |
| [0;34;40mvalidate/pairwise_cos_hist_bin_02_epoch[0m |           [0;32;40m0.0[0m           |
|    [0;34;40mvalidate/pairwise_cos_hist_bin_03[0m    |           [0;32;40m0.0[0m           |
| [0;34;40mvalidate/pairwise_cos_hist_bin_03_epoch[0m |           [0;32;40m0.0[0m           |
|    [0;34;40mvalidate/pairwise_cos_hist_bin_04[0m    |           [0;32;40m0.0[0m           |
| [0;34;40mvalidate/pairwise_cos_hist_bin_04_epoch[0m |           [0;32;40m0.0[0m           |
|    [0;34;40mvalidate/pairwise_cos_hist_bin_05[0m    |           [0;32;40m0.0[0m           |
| [0;34;40mvalidate/pairwise_cos_hist_bin_05_epoch[0m |           [0;32;40m0.0[0m           |
|    [0;34;40mvalidate/pairwise_cos_hist_bin_06[0m    |           [0;32;40m0.0[0m           |
| [0;34;40mvalidate/pairwise_cos_hist_bin_06_epoch[0m |           [0;32;40m0.0[0m           |
|    [0;34;40mvalidate/pairwise_cos_hist_bin_07[0m    |  [0;32;40m0.0002589711220934987[0m  |
| [0;34;40mvalidate/pairwise_cos_hist_bin_07_epoch[0m |  [0;32;40m0.0002589711220934987[0m  |
|    [0;34;40mvalidate/pairwise_cos_hist_bin_08[0m    |   [0;32;40m0.01248344499617815[0m   |
| [0;34;40mvalidate/pairwise_cos_hist_bin_08_epoch[0m |   [0;32;40m0.01248344499617815[0m   |
|    [0;34;40mvalidate/pairwise_cos_hist_bin_09[0m    |   [0;32;40m0.12404993176460266[0m   |
| [0;34;40mvalidate/pairwise_cos_hist_bin_09_epoch[0m |   [0;32;40m0.12404993176460266[0m   |
|    [0;34;40mvalidate/pairwise_cos_hist_bin_10[0m    |   [0;32;40m0.33813679218292236[0m   |
| [0;34;40mvalidate/pairwise_cos_hist_bin_10_epoch[0m |   [0;32;40m0.33813679218292236[0m   |
|    [0;34;40mvalidate/pairwise_cos_hist_bin_11[0m    |   [0;32;40m0.26986342668533325[0m   |
| [0;34;40mvalidate/pairwise_cos_hist_bin_11_epoch[0m |   [0;32;40m0.26986342668533325[0m   |
|    [0;34;40mvalidate/pairwise_cos_hist_bin_12[0m    |    [0;32;40m0.1322917342185974[0m   |
| [0;34;40mvalidate/pairwise_cos_hist_bin_12_epoch[0m |    [0;32;40m0.1322917342185974[0m   |
|    [0;34;40mvalidate/pairwise_cos_hist_bin_13[0m    |   [0;32;40m0.05838629975914955[0m   |
| [0;34;40mvalidate/pairwise_cos_hist_bin_13_epoch[0m |   [0;32;40m0.05838629975914955[0m   |
|    [0;34;40mvalidate/pairwise_cos_hist_bin_14[0m    |   [0;32;40m0.023508360609412193[0m  |
| [0;34;40mvalidate/pairwise_cos_hist_bin_14_epoch[0m |   [0;32;40m0.023508360609412193[0m  |
|    [0;34;40mvalidate/pairwise_cos_hist_bin_15[0m    |   [0;32;40m0.012051933445036411[0m  |
| [0;34;40mvalidate/pairwise_cos_hist_bin_15_epoch[0m |   [0;32;40m0.012051933445036411[0m  |
|    [0;34;40mvalidate/pairwise_cos_hist_bin_16[0m    |   [0;32;40m0.008234219625592232[0m  |
| [0;34;40mvalidate/pairwise_cos_hist_bin_16_epoch[0m |   [0;32;40m0.008234219625592232[0m  |
|    [0;34;40mvalidate/pairwise_cos_hist_bin_17[0m    |  [0;32;40m0.0068113296292722225[0m  |
| [0;34;40mvalidate/pairwise_cos_hist_bin_17_epoch[0m |  [0;32;40m0.0068113296292722225[0m  |
|    [0;34;40mvalidate/pairwise_cos_hist_bin_18[0m    |  [0;32;40m0.0068975226022303104[0m  |
| [0;34;40mvalidate/pairwise_cos_hist_bin_18_epoch[0m |  [0;32;40m0.0068975226022303104[0m  |
|    [0;34;40mvalidate/pairwise_cos_hist_bin_19[0m    |   [0;32;40m0.007025918923318386[0m  |
| [0;34;40mvalidate/pairwise_cos_hist_bin_19_epoch[0m |   [0;32;40m0.007025918923318386[0m  |
|        [0;34;40mvalidate/pairwise_cos_max[0m        |           [0;32;40m1.0[0m           |
|     [0;34;40mvalidate/pairwise_cos_max_epoch[0m     |           [0;32;40m1.0[0m           |
|        [0;34;40mvalidate/pairwise_cos_mean[0m       |   [0;32;40m0.14288529753684998[0m   |
|     [0;34;40mvalidate/pairwise_cos_mean_epoch[0m    |   [0;32;40m0.14288529753684998[0m   |
|        [0;34;40mvalidate/pairwise_cos_min[0m        |   [0;32;40m-0.2437829226255417[0m   |
|     [0;34;40mvalidate/pairwise_cos_min_epoch[0m     |   [0;32;40m-0.2437829226255417[0m   |
|        [0;34;40mvalidate/pairwise_cos_std[0m        |   [0;32;40m0.16946767270565033[0m   |
|     [0;34;40mvalidate/pairwise_cos_std_epoch[0m     |   [0;32;40m0.16946767270565033[0m   |
|            [0;34;40mvalidate/pred_loss[0m           |    [0;32;40m0.1856011599302292[0m   |
|         [0;34;40mvalidate/pred_loss_epoch[0m        |    [0;32;40m0.1856011599302292[0m   |
|           [0;34;40mvalidate/sigreg_loss[0m          |    [0;32;40m11.568071365356445[0m   |
|        [0;34;40mvalidate/sigreg_loss_epoch[0m       |    [0;32;40m11.568071365356445[0m   |
+-----------------------------------------+-------------------------+
18:13:06 | INFO  | utils.py    | 📦📦📦 Model saved to /data1/Johnny/challenge/wrf/homework/outputs/stable-wm/checkpoints/lewm_reacher_15/weights_epoch_6.pt 📦📦📦
[Epoch 5/15] done in 1836.0s
18:13:06 | INFO  | checkpoint_~|   Checking for non PyTorch modules to save
18:13:06 | INFO  | atomic_chec~| [atomic_save] → /data1/Johnny/challenge/wrf/homework/outputs/home/.cache/stable-pretraining/runs/20260715/150757/246fc50c1277/checkpoints/epoch=5-step=9594.ckpt
18:13:07 | INFO  | atomic_chec~| [atomic_save] ✓ epoch=5-step=9594.ckpt saved (206.8 MiB, serialise=0.33s write=0.22s rename=0.0ms)
18:13:07 | INFO  | checkpoint_~|   Checking for non PyTorch modules to save
18:13:07 | INFO  | atomic_chec~| [atomic_save] → /data1/Johnny/challenge/wrf/homework/outputs/home/.cache/stable-pretraining/runs/20260715/150757/246fc50c1277/checkpoints/last.ckpt
18:13:07 | INFO  | atomic_chec~| [atomic_save] ✓ last.ckpt saved (206.8 MiB, serialise=0.34s write=0.19s rename=17.0ms)
[Epoch 6/15] step 50/1599 (0.8 it/s)
[Epoch 6/15] step 50/1599 (0.8 it/s)
[Epoch 6/15] step 50/1599 (0.8 it/s)
[Epoch 6/15] step 50/1599 (0.8 it/s)
[Epoch 6/15] step 50/1599 (0.8 it/s)
[Epoch 6/15] step 50/1599 (0.8 it/s)
[Epoch 6/15] step 50/1599 (0.8 it/s)
[Epoch 6/15] step 50/1599 (0.8 it/s)
[Epoch 6/15] step 100/1599 (0.9 it/s)
[Epoch 6/15] step 100/1599 (0.9 it/s)
[Epoch 6/15] step 100/1599 (0.9 it/s)
[Epoch 6/15] step 100/1599 (0.9 it/s)
[Epoch 6/15] step 100/1599 (0.9 it/s)
[Epoch 6/15] step 100/1599 (0.9 it/s)
[Epoch 6/15] step 100/1599 (0.9 it/s)
[Epoch 6/15] step 100/1599 (0.9 it/s)
[Epoch 6/15] step 150/1599 (0.9 it/s)
[Epoch 6/15] step 150/1599 (0.9 it/s)
[Epoch 6/15] step 150/1599 (0.9 it/s)
[Epoch 6/15] step 150/1599 (0.9 it/s)
[Epoch 6/15] step 150/1599 (0.9 it/s)
[Epoch 6/15] step 150/1599 (0.9 it/s)
[Epoch 6/15] step 150/1599 (0.9 it/s)
[Epoch 6/15] step 150/1599 (0.9 it/s)
[Epoch 6/15] step 200/1599 (0.9 it/s)
[Epoch 6/15] step 200/1599 (0.9 it/s)
[Epoch 6/15] step 200/1599 (0.9 it/s)
[Epoch 6/15] step 200/1599 (0.9 it/s)
[Epoch 6/15] step 200/1599 (0.9 it/s)
[Epoch 6/15] step 200/1599 (0.9 it/s)
[Epoch 6/15] step 200/1599 (0.9 it/s)
[Epoch 6/15] step 200/1599 (0.9 it/s)
[Epoch 6/15] step 250/1599 (0.9 it/s)
[Epoch 6/15] step 250/1599 (0.9 it/s)
[Epoch 6/15] step 250/1599 (0.9 it/s)
[Epoch 6/15] step 250/1599 (0.9 it/s)
[Epoch 6/15] step 250/1599 (0.9 it/s)
[Epoch 6/15] step 250/1599 (0.9 it/s)
[Epoch 6/15] step 250/1599 (0.9 it/s)
[Epoch 6/15] step 250/1599 (0.9 it/s)
[Epoch 6/15] step 300/1599 (1.0 it/s)
[Epoch 6/15] step 300/1599 (1.0 it/s)
[Epoch 6/15] step 300/1599 (1.0 it/s)
[Epoch 6/15] step 300/1599 (1.0 it/s)
[Epoch 6/15] step 300/1599 (1.0 it/s)
[Epoch 6/15] step 300/1599 (1.0 it/s)
[Epoch 6/15] step 300/1599 (1.0 it/s)
[Epoch 6/15] step 300/1599 (1.0 it/s)
[Epoch 6/15] step 350/1599 (1.0 it/s)
[Epoch 6/15] step 350/1599 (1.0 it/s)
[Epoch 6/15] step 350/1599 (1.0 it/s)
[Epoch 6/15] step 350/1599 (1.0 it/s)
[Epoch 6/15] step 350/1599 (1.0 it/s)
[Epoch 6/15] step 350/1599 (1.0 it/s)
[Epoch 6/15] step 350/1599 (1.0 it/s)
[Epoch 6/15] step 350/1599 (1.0 it/s)
[Epoch 6/15] step 400/1599 (1.0 it/s)
[Epoch 6/15] step 400/1599 (1.0 it/s)
[Epoch 6/15] step 400/1599 (1.0 it/s)
[Epoch 6/15] step 400/1599 (1.0 it/s)
[Epoch 6/15] step 400/1599 (1.0 it/s)
[Epoch 6/15] step 400/1599 (1.0 it/s)
[Epoch 6/15] step 400/1599 (1.0 it/s)
[Epoch 6/15] step 400/1599 (1.0 it/s)
[Epoch 6/15] step 450/1599 (1.0 it/s)
[Epoch 6/15] step 450/1599 (1.0 it/s)
[Epoch 6/15] step 450/1599 (1.0 it/s)
[Epoch 6/15] step 450/1599 (1.0 it/s)
[Epoch 6/15] step 450/1599 (1.0 it/s)
[Epoch 6/15] step 450/1599 (1.0 it/s)
[Epoch 6/15] step 450/1599 (1.0 it/s)
[Epoch 6/15] step 450/1599 (1.0 it/s)
[Epoch 6/15] step 500/1599 (1.0 it/s)
[Epoch 6/15] step 500/1599 (1.0 it/s)
[Epoch 6/15] step 500/1599 (1.0 it/s)
[Epoch 6/15] step 500/1599 (1.0 it/s)
[Epoch 6/15] step 500/1599 (1.0 it/s)
[Epoch 6/15] step 500/1599 (1.0 it/s)
[Epoch 6/15] step 500/1599 (1.0 it/s)
[Epoch 6/15] step 500/1599 (1.0 it/s)
[Epoch 6/15] step 550/1599 (1.0 it/s)
[Epoch 6/15] step 550/1599 (1.0 it/s)
[Epoch 6/15] step 550/1599 (1.0 it/s)
[Epoch 6/15] step 550/1599 (1.0 it/s)
[Epoch 6/15] step 550/1599 (1.0 it/s)
[Epoch 6/15] step 550/1599 (1.0 it/s)
[Epoch 6/15] step 550/1599 (1.0 it/s)
[Epoch 6/15] step 550/1599 (1.0 it/s)
[Epoch 6/15] step 600/1599 (1.0 it/s)
[Epoch 6/15] step 600/1599 (1.0 it/s)
[Epoch 6/15] step 600/1599 (1.0 it/s)
[Epoch 6/15] step 600/1599 (1.0 it/s)
[Epoch 6/15] step 600/1599 (1.0 it/s)
[Epoch 6/15] step 600/1599 (1.0 it/s)
[Epoch 6/15] step 600/1599 (1.0 it/s)
[Epoch 6/15] step 600/1599 (1.0 it/s)
[Epoch 6/15] step 650/1599 (1.0 it/s)
[Epoch 6/15] step 650/1599 (1.0 it/s)
[Epoch 6/15] step 650/1599 (1.0 it/s)
[Epoch 6/15] step 650/1599 (1.0 it/s)
[Epoch 6/15] step 650/1599 (1.0 it/s)
[Epoch 6/15] step 650/1599 (1.0 it/s)
[Epoch 6/15] step 650/1599 (1.0 it/s)
[Epoch 6/15] step 650/1599 (1.0 it/s)
[Epoch 6/15] step 700/1599 (1.0 it/s)
[Epoch 6/15] step 700/1599 (1.0 it/s)
[Epoch 6/15] step 700/1599 (1.0 it/s)
[Epoch 6/15] step 700/1599 (1.0 it/s)
[Epoch 6/15] step 700/1599 (1.0 it/s)
[Epoch 6/15] step 700/1599 (1.0 it/s)
[Epoch 6/15] step 700/1599 (1.0 it/s)
[Epoch 6/15] step 700/1599 (1.0 it/s)
[Epoch 6/15] step 750/1599 (1.0 it/s)
[Epoch 6/15] step 750/1599 (1.0 it/s)
[Epoch 6/15] step 750/1599 (1.0 it/s)
[Epoch 6/15] step 750/1599 (1.0 it/s)
[Epoch 6/15] step 750/1599 (1.0 it/s)
[Epoch 6/15] step 750/1599 (1.0 it/s)
[Epoch 6/15] step 750/1599 (1.0 it/s)
[Epoch 6/15] step 750/1599 (1.0 it/s)
[Epoch 6/15] step 800/1599 (1.0 it/s)
[Epoch 6/15] step 800/1599 (1.0 it/s)
[Epoch 6/15] step 800/1599 (1.0 it/s)
[Epoch 6/15] step 800/1599 (1.0 it/s)
[Epoch 6/15] step 800/1599 (1.0 it/s)
[Epoch 6/15] step 800/1599 (1.0 it/s)
[Epoch 6/15] step 800/1599 (1.0 it/s)
[Epoch 6/15] step 800/1599 (1.0 it/s)
[Epoch 6/15] step 850/1599 (1.0 it/s)
[Epoch 6/15] step 850/1599 (1.0 it/s)
[Epoch 6/15] step 850/1599 (1.0 it/s)
[Epoch 6/15] step 850/1599 (1.0 it/s)
[Epoch 6/15] step 850/1599 (1.0 it/s)
[Epoch 6/15] step 850/1599 (1.0 it/s)
[Epoch 6/15] step 850/1599 (1.0 it/s)
[Epoch 6/15] step 850/1599 (1.0 it/s)
[Epoch 6/15] step 900/1599 (1.0 it/s)
[Epoch 6/15] step 900/1599 (1.0 it/s)
[Epoch 6/15] step 900/1599 (1.0 it/s)
[Epoch 6/15] step 900/1599 (1.0 it/s)
[Epoch 6/15] step 900/1599 (1.0 it/s)
[Epoch 6/15] step 900/1599 (1.0 it/s)
[Epoch 6/15] step 900/1599 (1.0 it/s)
[Epoch 6/15] step 900/1599 (1.0 it/s)
[Epoch 6/15] step 950/1599 (1.0 it/s)
[Epoch 6/15] step 950/1599 (1.0 it/s)
[Epoch 6/15] step 950/1599 (1.0 it/s)
[Epoch 6/15] step 950/1599 (1.0 it/s)
[Epoch 6/15] step 950/1599 (1.0 it/s)
[Epoch 6/15] step 950/1599 (1.0 it/s)
[Epoch 6/15] step 950/1599 (1.0 it/s)
[Epoch 6/15] step 950/1599 (1.0 it/s)
[Epoch 6/15] step 1000/1599 (1.0 it/s)
[Epoch 6/15] step 1000/1599 (1.0 it/s)
[Epoch 6/15] step 1000/1599 (1.0 it/s)
[Epoch 6/15] step 1000/1599 (1.0 it/s)
[Epoch 6/15] step 1000/1599 (1.0 it/s)
[Epoch 6/15] step 1000/1599 (1.0 it/s)
[Epoch 6/15] step 1000/1599 (1.0 it/s)
[Epoch 6/15] step 1000/1599 (1.0 it/s)
[Epoch 6/15] step 1050/1599 (1.0 it/s)
[Epoch 6/15] step 1050/1599 (1.0 it/s)
[Epoch 6/15] step 1050/1599 (1.0 it/s)
[Epoch 6/15] step 1050/1599 (1.0 it/s)
[Epoch 6/15] step 1050/1599 (1.0 it/s)
[Epoch 6/15] step 1050/1599 (1.0 it/s)
[Epoch 6/15] step 1050/1599 (1.0 it/s)
[Epoch 6/15] step 1050/1599 (1.0 it/s)
[Epoch 6/15] step 1100/1599 (1.0 it/s)
[Epoch 6/15] step 1100/1599 (1.0 it/s)
[Epoch 6/15] step 1100/1599 (1.0 it/s)
[Epoch 6/15] step 1100/1599 (1.0 it/s)
[Epoch 6/15] step 1100/1599 (1.0 it/s)
[Epoch 6/15] step 1100/1599 (1.0 it/s)
[Epoch 6/15] step 1100/1599 (1.0 it/s)
[Epoch 6/15] step 1100/1599 (1.0 it/s)
[Epoch 6/15] step 1150/1599 (1.0 it/s)
[Epoch 6/15] step 1150/1599 (1.0 it/s)
[Epoch 6/15] step 1150/1599 (1.0 it/s)
[Epoch 6/15] step 1150/1599 (1.0 it/s)
[Epoch 6/15] step 1150/1599 (1.0 it/s)
[Epoch 6/15] step 1150/1599 (1.0 it/s)
[Epoch 6/15] step 1150/1599 (1.0 it/s)
[Epoch 6/15] step 1150/1599 (1.0 it/s)
[Epoch 6/15] step 1200/1599 (1.0 it/s)
[Epoch 6/15] step 1200/1599 (1.0 it/s)
[Epoch 6/15] step 1200/1599 (1.0 it/s)
[Epoch 6/15] step 1200/1599 (1.0 it/s)
[Epoch 6/15] step 1200/1599 (1.0 it/s)
[Epoch 6/15] step 1200/1599 (1.0 it/s)
[Epoch 6/15] step 1200/1599 (1.0 it/s)
[Epoch 6/15] step 1200/1599 (1.0 it/s)
[Epoch 6/15] step 1250/1599 (1.0 it/s)
[Epoch 6/15] step 1250/1599 (1.0 it/s)
[Epoch 6/15] step 1250/1599 (1.0 it/s)
[Epoch 6/15] step 1250/1599 (1.0 it/s)
[Epoch 6/15] step 1250/1599 (1.0 it/s)
[Epoch 6/15] step 1250/1599 (1.0 it/s)
[Epoch 6/15] step 1250/1599 (1.0 it/s)
[Epoch 6/15] step 1250/1599 (1.0 it/s)
[Epoch 6/15] step 1300/1599 (1.0 it/s)
[Epoch 6/15] step 1300/1599 (1.0 it/s)
[Epoch 6/15] step 1300/1599 (1.0 it/s)
[Epoch 6/15] step 1300/1599 (1.0 it/s)
[Epoch 6/15] step 1300/1599 (1.0 it/s)
[Epoch 6/15] step 1300/1599 (1.0 it/s)
[Epoch 6/15] step 1300/1599 (1.0 it/s)
[Epoch 6/15] step 1300/1599 (1.0 it/s)
[Epoch 6/15] step 1350/1599 (1.0 it/s)
[Epoch 6/15] step 1350/1599 (1.0 it/s)
[Epoch 6/15] step 1350/1599 (1.0 it/s)
[Epoch 6/15] step 1350/1599 (1.0 it/s)
[Epoch 6/15] step 1350/1599 (1.0 it/s)
[Epoch 6/15] step 1350/1599 (1.0 it/s)
[Epoch 6/15] step 1350/1599 (1.0 it/s)
[Epoch 6/15] step 1350/1599 (1.0 it/s)
[Epoch 6/15] step 1400/1599 (1.0 it/s)
[Epoch 6/15] step 1400/1599 (1.0 it/s)
[Epoch 6/15] step 1400/1599 (1.0 it/s)
[Epoch 6/15] step 1400/1599 (1.0 it/s)
[Epoch 6/15] step 1400/1599 (1.0 it/s)
[Epoch 6/15] step 1400/1599 (1.0 it/s)
[Epoch 6/15] step 1400/1599 (1.0 it/s)
[Epoch 6/15] step 1400/1599 (1.0 it/s)
[Epoch 6/15] step 1450/1599 (1.0 it/s)
[Epoch 6/15] step 1450/1599 (1.0 it/s)
[Epoch 6/15] step 1450/1599 (1.0 it/s)
[Epoch 6/15] step 1450/1599 (1.0 it/s)
[Epoch 6/15] step 1450/1599 (1.0 it/s)
[Epoch 6/15] step 1450/1599 (1.0 it/s)
[Epoch 6/15] step 1450/1599 (1.0 it/s)
[Epoch 6/15] step 1450/1599 (1.0 it/s)
[Epoch 6/15] step 1500/1599 (1.0 it/s)
[Epoch 6/15] step 1500/1599 (1.0 it/s)
[Epoch 6/15] step 1500/1599 (1.0 it/s)
[Epoch 6/15] step 1500/1599 (1.0 it/s)
[Epoch 6/15] step 1500/1599 (1.0 it/s)
[Epoch 6/15] step 1500/1599 (1.0 it/s)
[Epoch 6/15] step 1500/1599 (1.0 it/s)
[Epoch 6/15] step 1500/1599 (1.0 it/s)
[Epoch 6/15] step 1550/1599 (1.0 it/s)
[Epoch 6/15] step 1550/1599 (1.0 it/s)
[Epoch 6/15] step 1550/1599 (1.0 it/s)
[Epoch 6/15] step 1550/1599 (1.0 it/s)
[Epoch 6/15] step 1550/1599 (1.0 it/s)
[Epoch 6/15] step 1550/1599 (1.0 it/s)
[Epoch 6/15] step 1550/1599 (1.0 it/s)
[Epoch 6/15] step 1550/1599 (1.0 it/s)
[Epoch 6/15] done in 1857.5s
[Epoch 6/15] done in 1857.5s
[Epoch 6/15] done in 1857.5s
[Epoch 6/15] done in 1857.5s
[Epoch 6/15] done in 1857.5s
[Epoch 6/15] done in 1857.5s
[Epoch 6/15] done in 1857.5s
18:44:05 | INFO  | trainer_inf~| \n+-----------------------------------------+------------------------+
|                  Metric                 |         Value          |
+-----------------------------------------+------------------------+
|           [0;34;40mfit/active_dim_count[0m          |         [0;32;40m192.0[0m          |
|             [0;34;40mfit/latent_mean[0m             | [0;32;40m0.0002167739876313135[0m  |
|             [0;34;40mfit/latent_norm[0m             |   [0;32;40m13.53479290008545[0m    |
|              [0;34;40mfit/latent_std[0m             |   [0;32;40m0.9792313575744629[0m   |
|           [0;34;40mfit/learning_rate_0[0m           | [0;32;40m2.8032107366016135e-05[0m |
|                 [0;34;40mfit/loss[0m                |  [0;32;40m0.17867431044578552[0m   |
|           [0;34;40mfit/loss_future_cos[0m           |  [0;32;40m0.019332535564899445[0m  |
|            [0;34;40mfit/loss_future_l1[0m           |     [0;32;40m0.123779296875[0m     |
|               [0;34;40mfit/loss_mse[0m              |  [0;32;40m0.03597409650683403[0m   |
|         [0;34;40mfit/loss_mse_horizon_01[0m         |   [0;32;40m0.0856221616268158[0m   |
|         [0;34;40mfit/loss_mse_horizon_02[0m         |  [0;32;40m0.011396251618862152[0m  |
|         [0;34;40mfit/loss_mse_horizon_03[0m         |  [0;32;40m0.010903875343501568[0m  |
|              [0;34;40mfit/loss_total[0m             |  [0;32;40m0.17867431044578552[0m   |
|       [0;34;40mfit/pairwise_cos_hist_bin_00[0m      |          [0;32;40m0.0[0m           |
|       [0;34;40mfit/pairwise_cos_hist_bin_01[0m      |          [0;32;40m0.0[0m           |
|       [0;34;40mfit/pairwise_cos_hist_bin_02[0m      |          [0;32;40m0.0[0m           |
|       [0;34;40mfit/pairwise_cos_hist_bin_03[0m      |          [0;32;40m0.0[0m           |
|       [0;34;40mfit/pairwise_cos_hist_bin_04[0m      |          [0;32;40m0.0[0m           |
|       [0;34;40mfit/pairwise_cos_hist_bin_05[0m      |          [0;32;40m0.0[0m           |
|       [0;34;40mfit/pairwise_cos_hist_bin_06[0m      | [0;32;40m3.057729918509722e-05[0m  |
|       [0;34;40mfit/pairwise_cos_hist_bin_07[0m      |  [0;32;40m0.01341388002038002[0m   |
|       [0;34;40mfit/pairwise_cos_hist_bin_08[0m      |   [0;32;40m0.140658438205719[0m    |
|       [0;34;40mfit/pairwise_cos_hist_bin_09[0m      |   [0;32;40m0.5003220438957214[0m   |
|       [0;34;40mfit/pairwise_cos_hist_bin_10[0m      |  [0;32;40m0.24569623172283173[0m   |
|       [0;34;40mfit/pairwise_cos_hist_bin_11[0m      |  [0;32;40m0.04428357630968094[0m   |
|       [0;34;40mfit/pairwise_cos_hist_bin_12[0m      |  [0;32;40m0.014528995379805565[0m  |
|       [0;34;40mfit/pairwise_cos_hist_bin_13[0m      |  [0;32;40m0.00825204886496067[0m   |
|       [0;34;40mfit/pairwise_cos_hist_bin_14[0m      |  [0;32;40m0.006608519237488508[0m  |
|       [0;34;40mfit/pairwise_cos_hist_bin_15[0m      |  [0;32;40m0.005853641778230667[0m  |
|       [0;34;40mfit/pairwise_cos_hist_bin_16[0m      |  [0;32;40m0.005340516101568937[0m  |
|       [0;34;40mfit/pairwise_cos_hist_bin_17[0m      |  [0;32;40m0.004966899752616882[0m  |
|       [0;34;40mfit/pairwise_cos_hist_bin_18[0m      |  [0;32;40m0.005016588605940342[0m  |
|       [0;34;40mfit/pairwise_cos_hist_bin_19[0m      |  [0;32;40m0.00502805458381772[0m   |
|           [0;34;40mfit/pairwise_cos_max[0m          |          [0;32;40m1.0[0m           |
|          [0;34;40mfit/pairwise_cos_mean[0m          |  [0;32;40m-0.00174713134765625[0m  |
|           [0;34;40mfit/pairwise_cos_min[0m          |    [0;32;40m-0.305419921875[0m     |
|           [0;34;40mfit/pairwise_cos_std[0m          |    [0;32;40m0.1561279296875[0m     |
|              [0;34;40mfit/pred_loss[0m              |  [0;32;40m0.03597409650683403[0m   |
|           [0;34;40mfit/samples_per_sec[0m           |   [0;32;40m1248.631591796875[0m    |
|             [0;34;40mfit/sigreg_loss[0m             |      [0;32;40m1.5869140625[0m      |
|           [0;34;40mhardware/cpu_percent[0m          |          [0;32;40m56.0[0m          |
|         [0;34;40mhardware/disk_read_mb_s[0m         |  [0;32;40m0.19987386465072632[0m   |
|         [0;34;40mhardware/disk_write_mb_s[0m        |  [0;32;40m0.48797330260276794[0m   |
|          [0;34;40mhardware/net_recv_mb_s[0m         |  [0;32;40m0.005377904046326876[0m  |
|          [0;34;40mhardware/net_sent_mb_s[0m         | [0;32;40m0.0063746278174221516[0m  |
|           [0;34;40mhardware/ram_used_gb[0m          |   [0;32;40m529.2376708984375[0m    |
|          [0;34;40mhardware/ram_used_pct[0m          |   [0;32;40m28.299999237060547[0m   |
|           [0;34;40mhparams/lr_default_0[0m          | [0;32;40m2.803210554702673e-05[0m  |
|        [0;34;40mvalidate/active_dim_count[0m        |         [0;32;40m192.0[0m          |
|     [0;34;40mvalidate/active_dim_count_epoch[0m     |         [0;32;40m192.0[0m          |
|           [0;34;40mvalidate/latent_mean[0m          | [0;32;40m-0.0069243949837982655[0m |
|        [0;34;40mvalidate/latent_mean_epoch[0m       | [0;32;40m-0.0069243949837982655[0m |
|           [0;34;40mvalidate/latent_norm[0m          |   [0;32;40m14.377738952636719[0m   |
|        [0;34;40mvalidate/latent_norm_epoch[0m       |   [0;32;40m14.377738952636719[0m   |
|           [0;34;40mvalidate/latent_std[0m           |    [0;32;40m1.04547119140625[0m    |
|        [0;34;40mvalidate/latent_std_epoch[0m        |    [0;32;40m1.04547119140625[0m    |
|              [0;34;40mvalidate/loss[0m              |   [0;32;40m0.6397016048431396[0m   |
|           [0;34;40mvalidate/loss_epoch[0m           |   [0;32;40m0.6397016048431396[0m   |
|         [0;34;40mvalidate/loss_future_cos[0m        |  [0;32;40m0.054170116782188416[0m  |
|      [0;34;40mvalidate/loss_future_cos_epoch[0m     |  [0;32;40m0.054170116782188416[0m  |
|         [0;34;40mvalidate/loss_future_l1[0m         |   [0;32;40m0.2693057060241699[0m   |
|      [0;34;40mvalidate/loss_future_l1_epoch[0m      |   [0;32;40m0.2693057060241699[0m   |
|            [0;34;40mvalidate/loss_mse[0m            |  [0;32;40m0.12082172930240631[0m   |
|         [0;34;40mvalidate/loss_mse_epoch[0m         |  [0;32;40m0.12082172930240631[0m   |
|       [0;34;40mvalidate/loss_mse_horizon_01[0m      |   [0;32;40m0.1651475429534912[0m   |
|    [0;34;40mvalidate/loss_mse_horizon_01_epoch[0m   |   [0;32;40m0.1651475429534912[0m   |
|       [0;34;40mvalidate/loss_mse_horizon_02[0m      |  [0;32;40m0.09885847568511963[0m   |
|    [0;34;40mvalidate/loss_mse_horizon_02_epoch[0m   |  [0;32;40m0.09885847568511963[0m   |
|       [0;34;40mvalidate/loss_mse_horizon_03[0m      |  [0;32;40m0.09845919907093048[0m   |
|    [0;34;40mvalidate/loss_mse_horizon_03_epoch[0m   |  [0;32;40m0.09845919907093048[0m   |
|           [0;34;40mvalidate/loss_total[0m           |   [0;32;40m0.6397016048431396[0m   |
|        [0;34;40mvalidate/loss_total_epoch[0m        |   [0;32;40m0.6397016048431396[0m   |
|    [0;34;40mvalidate/pairwise_cos_hist_bin_00[0m    |          [0;32;40m0.0[0m           |
| [0;34;40mvalidate/pairwise_cos_hist_bin_00_epoch[0m |          [0;32;40m0.0[0m           |
|    [0;34;40mvalidate/pairwise_cos_hist_bin_01[0m    |          [0;32;40m0.0[0m           |
| [0;34;40mvalidate/pairwise_cos_hist_bin_01_epoch[0m |          [0;32;40m0.0[0m           |
|    [0;34;40mvalidate/pairwise_cos_hist_bin_02[0m    |          [0;32;40m0.0[0m           |
| [0;34;40mvalidate/pairwise_cos_hist_bin_02_epoch[0m |          [0;32;40m0.0[0m           |
|    [0;34;40mvalidate/pairwise_cos_hist_bin_03[0m    |          [0;32;40m0.0[0m           |
| [0;34;40mvalidate/pairwise_cos_hist_bin_03_epoch[0m |          [0;32;40m0.0[0m           |
|    [0;34;40mvalidate/pairwise_cos_hist_bin_04[0m    |          [0;32;40m0.0[0m           |
| [0;34;40mvalidate/pairwise_cos_hist_bin_04_epoch[0m |          [0;32;40m0.0[0m           |
|    [0;34;40mvalidate/pairwise_cos_hist_bin_05[0m    |          [0;32;40m0.0[0m           |
| [0;34;40mvalidate/pairwise_cos_hist_bin_05_epoch[0m |          [0;32;40m0.0[0m           |
|    [0;34;40mvalidate/pairwise_cos_hist_bin_06[0m    | [0;32;40m5.806797616969561e-06[0m  |
| [0;34;40mvalidate/pairwise_cos_hist_bin_06_epoch[0m | [0;32;40m5.806797616969561e-06[0m  |
|    [0;34;40mvalidate/pairwise_cos_hist_bin_07[0m    |  [0;32;40m0.00502140074968338[0m   |
| [0;34;40mvalidate/pairwise_cos_hist_bin_07_epoch[0m |  [0;32;40m0.00502140074968338[0m   |
|    [0;34;40mvalidate/pairwise_cos_hist_bin_08[0m    |  [0;32;40m0.06636252999305725[0m   |
| [0;34;40mvalidate/pairwise_cos_hist_bin_08_epoch[0m |  [0;32;40m0.06636252999305725[0m   |
|    [0;34;40mvalidate/pairwise_cos_hist_bin_09[0m    |   [0;32;40m0.3401619493961334[0m   |
| [0;34;40mvalidate/pairwise_cos_hist_bin_09_epoch[0m |   [0;32;40m0.3401619493961334[0m   |
|    [0;34;40mvalidate/pairwise_cos_hist_bin_10[0m    |   [0;32;40m0.3308868408203125[0m   |
| [0;34;40mvalidate/pairwise_cos_hist_bin_10_epoch[0m |   [0;32;40m0.3308868408203125[0m   |
|    [0;34;40mvalidate/pairwise_cos_hist_bin_11[0m    |  [0;32;40m0.13577322661876678[0m   |
| [0;34;40mvalidate/pairwise_cos_hist_bin_11_epoch[0m |  [0;32;40m0.13577322661876678[0m   |
|    [0;34;40mvalidate/pairwise_cos_hist_bin_12[0m    |  [0;32;40m0.056560810655355453[0m  |
| [0;34;40mvalidate/pairwise_cos_hist_bin_12_epoch[0m |  [0;32;40m0.056560810655355453[0m  |
|    [0;34;40mvalidate/pairwise_cos_hist_bin_13[0m    |  [0;32;40m0.021278049796819687[0m  |
| [0;34;40mvalidate/pairwise_cos_hist_bin_13_epoch[0m |  [0;32;40m0.021278049796819687[0m  |
|    [0;34;40mvalidate/pairwise_cos_hist_bin_14[0m    |  [0;32;40m0.01161525584757328[0m   |
| [0;34;40mvalidate/pairwise_cos_hist_bin_14_epoch[0m |  [0;32;40m0.01161525584757328[0m   |
|    [0;34;40mvalidate/pairwise_cos_hist_bin_15[0m    |  [0;32;40m0.007860053330659866[0m  |
| [0;34;40mvalidate/pairwise_cos_hist_bin_15_epoch[0m |  [0;32;40m0.007860053330659866[0m  |
|    [0;34;40mvalidate/pairwise_cos_hist_bin_16[0m    | [0;32;40m0.0065369317308068275[0m  |
| [0;34;40mvalidate/pairwise_cos_hist_bin_16_epoch[0m | [0;32;40m0.0065369317308068275[0m  |
|    [0;34;40mvalidate/pairwise_cos_hist_bin_17[0m    | [0;32;40m0.0058319722302258015[0m  |
| [0;34;40mvalidate/pairwise_cos_hist_bin_17_epoch[0m | [0;32;40m0.0058319722302258015[0m  |
|    [0;34;40mvalidate/pairwise_cos_hist_bin_18[0m    |  [0;32;40m0.00600509624928236[0m   |
| [0;34;40mvalidate/pairwise_cos_hist_bin_18_epoch[0m |  [0;32;40m0.00600509624928236[0m   |
|    [0;34;40mvalidate/pairwise_cos_hist_bin_19[0m    |  [0;32;40m0.006100101862102747[0m  |
| [0;34;40mvalidate/pairwise_cos_hist_bin_19_epoch[0m |  [0;32;40m0.006100101862102747[0m  |
|        [0;34;40mvalidate/pairwise_cos_max[0m        |          [0;32;40m1.0[0m           |
|     [0;34;40mvalidate/pairwise_cos_max_epoch[0m     |          [0;32;40m1.0[0m           |
|        [0;34;40mvalidate/pairwise_cos_mean[0m       |  [0;32;40m0.05934099853038788[0m   |
|     [0;34;40mvalidate/pairwise_cos_mean_epoch[0m    |  [0;32;40m0.05934099853038788[0m   |
|        [0;34;40mvalidate/pairwise_cos_min[0m        |  [0;32;40m-0.2966350317001343[0m   |
|     [0;34;40mvalidate/pairwise_cos_min_epoch[0m     |  [0;32;40m-0.2966350317001343[0m   |
|        [0;34;40mvalidate/pairwise_cos_std[0m        |  [0;32;40m0.17014506459236145[0m   |
|     [0;34;40mvalidate/pairwise_cos_std_epoch[0m     |  [0;32;40m0.17014506459236145[0m   |
|            [0;34;40mvalidate/pred_loss[0m           |  [0;32;40m0.12082172930240631[0m   |
|         [0;34;40mvalidate/pred_loss_epoch[0m        |  [0;32;40m0.12082172930240631[0m   |
|           [0;34;40mvalidate/sigreg_loss[0m          |   [0;32;40m5.764974117279053[0m    |
|        [0;34;40mvalidate/sigreg_loss_epoch[0m       |   [0;32;40m5.764974117279053[0m    |
+-----------------------------------------+------------------------+
18:44:05 | INFO  | utils.py    | 📦📦📦 Model saved to /data1/Johnny/challenge/wrf/homework/outputs/stable-wm/checkpoints/lewm_reacher_15/weights_epoch_7.pt 📦📦📦
[Epoch 6/15] done in 1857.6s
18:44:05 | INFO  | checkpoint_~|   Checking for non PyTorch modules to save
18:44:05 | INFO  | atomic_chec~| [atomic_save] → /data1/Johnny/challenge/wrf/homework/outputs/home/.cache/stable-pretraining/runs/20260715/150757/246fc50c1277/checkpoints/epoch=6-step=11193.ckpt
18:44:05 | INFO  | atomic_chec~| [atomic_save] ✓ epoch=6-step=11193.ckpt saved (206.8 MiB, serialise=0.30s write=0.15s rename=0.0ms)
18:44:05 | INFO  | checkpoint_~|   Checking for non PyTorch modules to save
18:44:05 | INFO  | atomic_chec~| [atomic_save] → /data1/Johnny/challenge/wrf/homework/outputs/home/.cache/stable-pretraining/runs/20260715/150757/246fc50c1277/checkpoints/last.ckpt
18:44:06 | INFO  | atomic_chec~| [atomic_save] ✓ last.ckpt saved (206.8 MiB, serialise=0.31s write=0.20s rename=19.0ms)
[Epoch 7/15] step 50/1599 (0.8 it/s)
[Epoch 7/15] step 50/1599 (0.8 it/s)
[Epoch 7/15] step 50/1599 (0.8 it/s)
[Epoch 7/15] step 50/1599 (0.8 it/s)
[Epoch 7/15] step 50/1599 (0.8 it/s)
[Epoch 7/15] step 50/1599 (0.8 it/s)
[Epoch 7/15] step 50/1599 (0.8 it/s)
[Epoch 7/15] step 50/1599 (0.8 it/s)
[Epoch 7/15] step 100/1599 (0.9 it/s)
[Epoch 7/15] step 100/1599 (0.9 it/s)
[Epoch 7/15] step 100/1599 (0.9 it/s)
[Epoch 7/15] step 100/1599 (0.9 it/s)
[Epoch 7/15] step 100/1599 (0.9 it/s)
[Epoch 7/15] step 100/1599 (0.9 it/s)
[Epoch 7/15] step 100/1599 (0.9 it/s)
[Epoch 7/15] step 100/1599 (0.9 it/s)
[Epoch 7/15] step 150/1599 (0.9 it/s)
[Epoch 7/15] step 150/1599 (0.9 it/s)
[Epoch 7/15] step 150/1599 (0.9 it/s)
[Epoch 7/15] step 150/1599 (0.9 it/s)
[Epoch 7/15] step 150/1599 (0.9 it/s)
[Epoch 7/15] step 150/1599 (0.9 it/s)
[Epoch 7/15] step 150/1599 (0.9 it/s)
[Epoch 7/15] step 150/1599 (0.9 it/s)
[Epoch 7/15] step 200/1599 (0.9 it/s)
[Epoch 7/15] step 200/1599 (0.9 it/s)
[Epoch 7/15] step 200/1599 (0.9 it/s)
[Epoch 7/15] step 200/1599 (0.9 it/s)
[Epoch 7/15] step 200/1599 (0.9 it/s)
[Epoch 7/15] step 200/1599 (0.9 it/s)
[Epoch 7/15] step 200/1599 (0.9 it/s)
[Epoch 7/15] step 200/1599 (0.9 it/s)
[Epoch 7/15] step 250/1599 (0.9 it/s)
[Epoch 7/15] step 250/1599 (0.9 it/s)
[Epoch 7/15] step 250/1599 (0.9 it/s)
[Epoch 7/15] step 250/1599 (0.9 it/s)
[Epoch 7/15] step 250/1599 (0.9 it/s)
[Epoch 7/15] step 250/1599 (0.9 it/s)
[Epoch 7/15] step 250/1599 (0.9 it/s)
[Epoch 7/15] step 250/1599 (0.9 it/s)
[Epoch 7/15] step 300/1599 (0.9 it/s)
[Epoch 7/15] step 300/1599 (0.9 it/s)
[Epoch 7/15] step 300/1599 (0.9 it/s)
[Epoch 7/15] step 300/1599 (0.9 it/s)
[Epoch 7/15] step 300/1599 (0.9 it/s)
[Epoch 7/15] step 300/1599 (0.9 it/s)
[Epoch 7/15] step 300/1599 (0.9 it/s)
[Epoch 7/15] step 300/1599 (0.9 it/s)
[Epoch 7/15] step 350/1599 (0.9 it/s)
[Epoch 7/15] step 350/1599 (0.9 it/s)
[Epoch 7/15] step 350/1599 (0.9 it/s)
[Epoch 7/15] step 350/1599 (0.9 it/s)
[Epoch 7/15] step 350/1599 (0.9 it/s)
[Epoch 7/15] step 350/1599 (0.9 it/s)
[Epoch 7/15] step 350/1599 (0.9 it/s)
[Epoch 7/15] step 350/1599 (0.9 it/s)
[Epoch 7/15] step 400/1599 (0.9 it/s)
[Epoch 7/15] step 400/1599 (0.9 it/s)
[Epoch 7/15] step 400/1599 (0.9 it/s)
[Epoch 7/15] step 400/1599 (0.9 it/s)
[Epoch 7/15] step 400/1599 (0.9 it/s)
[Epoch 7/15] step 400/1599 (0.9 it/s)
[Epoch 7/15] step 400/1599 (0.9 it/s)
[Epoch 7/15] step 400/1599 (0.9 it/s)
[Epoch 7/15] step 450/1599 (1.0 it/s)
[Epoch 7/15] step 450/1599 (1.0 it/s)
[Epoch 7/15] step 450/1599 (1.0 it/s)
[Epoch 7/15] step 450/1599 (1.0 it/s)
[Epoch 7/15] step 450/1599 (1.0 it/s)
[Epoch 7/15] step 450/1599 (1.0 it/s)
[Epoch 7/15] step 450/1599 (1.0 it/s)
[Epoch 7/15] step 450/1599 (1.0 it/s)
[Epoch 7/15] step 500/1599 (1.0 it/s)
[Epoch 7/15] step 500/1599 (1.0 it/s)
[Epoch 7/15] step 500/1599 (1.0 it/s)
[Epoch 7/15] step 500/1599 (1.0 it/s)
[Epoch 7/15] step 500/1599 (1.0 it/s)
[Epoch 7/15] step 500/1599 (1.0 it/s)
[Epoch 7/15] step 500/1599 (1.0 it/s)
[Epoch 7/15] step 500/1599 (1.0 it/s)
[Epoch 7/15] step 550/1599 (1.0 it/s)
[Epoch 7/15] step 550/1599 (1.0 it/s)
[Epoch 7/15] step 550/1599 (1.0 it/s)
[Epoch 7/15] step 550/1599 (1.0 it/s)
[Epoch 7/15] step 550/1599 (1.0 it/s)
[Epoch 7/15] step 550/1599 (1.0 it/s)
[Epoch 7/15] step 550/1599 (1.0 it/s)
[Epoch 7/15] step 550/1599 (1.0 it/s)
[Epoch 7/15] step 600/1599 (1.0 it/s)
[Epoch 7/15] step 600/1599 (1.0 it/s)
[Epoch 7/15] step 600/1599 (1.0 it/s)
[Epoch 7/15] step 600/1599 (1.0 it/s)
[Epoch 7/15] step 600/1599 (1.0 it/s)
[Epoch 7/15] step 600/1599 (1.0 it/s)
[Epoch 7/15] step 600/1599 (1.0 it/s)
[Epoch 7/15] step 600/1599 (1.0 it/s)
[Epoch 7/15] step 650/1599 (1.0 it/s)
[Epoch 7/15] step 650/1599 (1.0 it/s)
[Epoch 7/15] step 650/1599 (1.0 it/s)
[Epoch 7/15] step 650/1599 (1.0 it/s)
[Epoch 7/15] step 650/1599 (1.0 it/s)
[Epoch 7/15] step 650/1599 (1.0 it/s)
[Epoch 7/15] step 650/1599 (1.0 it/s)
[Epoch 7/15] step 650/1599 (1.0 it/s)
[Epoch 7/15] step 700/1599 (1.0 it/s)
[Epoch 7/15] step 700/1599 (1.0 it/s)
[Epoch 7/15] step 700/1599 (1.0 it/s)
[Epoch 7/15] step 700/1599 (1.0 it/s)
[Epoch 7/15] step 700/1599 (1.0 it/s)
[Epoch 7/15] step 700/1599 (1.0 it/s)
[Epoch 7/15] step 700/1599 (1.0 it/s)
[Epoch 7/15] step 700/1599 (1.0 it/s)
[Epoch 7/15] step 750/1599 (1.0 it/s)
[Epoch 7/15] step 750/1599 (1.0 it/s)
[Epoch 7/15] step 750/1599 (1.0 it/s)
[Epoch 7/15] step 750/1599 (1.0 it/s)
[Epoch 7/15] step 750/1599 (1.0 it/s)
[Epoch 7/15] step 750/1599 (1.0 it/s)
[Epoch 7/15] step 750/1599 (1.0 it/s)
[Epoch 7/15] step 750/1599 (1.0 it/s)
[Epoch 7/15] step 800/1599 (1.0 it/s)
[Epoch 7/15] step 800/1599 (1.0 it/s)
[Epoch 7/15] step 800/1599 (1.0 it/s)
[Epoch 7/15] step 800/1599 (1.0 it/s)
[Epoch 7/15] step 800/1599 (1.0 it/s)
[Epoch 7/15] step 800/1599 (1.0 it/s)
[Epoch 7/15] step 800/1599 (1.0 it/s)
[Epoch 7/15] step 800/1599 (1.0 it/s)
[Epoch 7/15] step 850/1599 (1.0 it/s)
[Epoch 7/15] step 850/1599 (1.0 it/s)
[Epoch 7/15] step 850/1599 (1.0 it/s)
[Epoch 7/15] step 850/1599 (1.0 it/s)
[Epoch 7/15] step 850/1599 (1.0 it/s)
[Epoch 7/15] step 850/1599 (1.0 it/s)
[Epoch 7/15] step 850/1599 (1.0 it/s)
[Epoch 7/15] step 850/1599 (1.0 it/s)
[Epoch 7/15] step 900/1599 (1.0 it/s)
[Epoch 7/15] step 900/1599 (1.0 it/s)
[Epoch 7/15] step 900/1599 (1.0 it/s)
[Epoch 7/15] step 900/1599 (1.0 it/s)
[Epoch 7/15] step 900/1599 (1.0 it/s)
[Epoch 7/15] step 900/1599 (1.0 it/s)
[Epoch 7/15] step 900/1599 (1.0 it/s)
[Epoch 7/15] step 900/1599 (1.0 it/s)
[Epoch 7/15] step 950/1599 (1.0 it/s)
[Epoch 7/15] step 950/1599 (1.0 it/s)
[Epoch 7/15] step 950/1599 (1.0 it/s)
[Epoch 7/15] step 950/1599 (1.0 it/s)
[Epoch 7/15] step 950/1599 (1.0 it/s)
[Epoch 7/15] step 950/1599 (1.0 it/s)
[Epoch 7/15] step 950/1599 (1.0 it/s)
[Epoch 7/15] step 950/1599 (1.0 it/s)
[Epoch 7/15] step 1000/1599 (1.0 it/s)
[Epoch 7/15] step 1000/1599 (1.0 it/s)
[Epoch 7/15] step 1000/1599 (1.0 it/s)
[Epoch 7/15] step 1000/1599 (1.0 it/s)
[Epoch 7/15] step 1000/1599 (1.0 it/s)
[Epoch 7/15] step 1000/1599 (1.0 it/s)
[Epoch 7/15] step 1000/1599 (1.0 it/s)
[Epoch 7/15] step 1000/1599 (1.0 it/s)
[Epoch 7/15] step 1050/1599 (1.0 it/s)
[Epoch 7/15] step 1050/1599 (1.0 it/s)
[Epoch 7/15] step 1050/1599 (1.0 it/s)
[Epoch 7/15] step 1050/1599 (1.0 it/s)
[Epoch 7/15] step 1050/1599 (1.0 it/s)
[Epoch 7/15] step 1050/1599 (1.0 it/s)
[Epoch 7/15] step 1050/1599 (1.0 it/s)
[Epoch 7/15] step 1050/1599 (1.0 it/s)
[Epoch 7/15] step 1100/1599 (1.0 it/s)
[Epoch 7/15] step 1100/1599 (1.0 it/s)
[Epoch 7/15] step 1100/1599 (1.0 it/s)
[Epoch 7/15] step 1100/1599 (1.0 it/s)
[Epoch 7/15] step 1100/1599 (1.0 it/s)
[Epoch 7/15] step 1100/1599 (1.0 it/s)
[Epoch 7/15] step 1100/1599 (1.0 it/s)
[Epoch 7/15] step 1100/1599 (1.0 it/s)
[Epoch 7/15] step 1150/1599 (1.0 it/s)
[Epoch 7/15] step 1150/1599 (1.0 it/s)
[Epoch 7/15] step 1150/1599 (1.0 it/s)
[Epoch 7/15] step 1150/1599 (1.0 it/s)
[Epoch 7/15] step 1150/1599 (1.0 it/s)
[Epoch 7/15] step 1150/1599 (1.0 it/s)
[Epoch 7/15] step 1150/1599 (1.0 it/s)
[Epoch 7/15] step 1150/1599 (1.0 it/s)
[Epoch 7/15] step 1200/1599 (1.0 it/s)
[Epoch 7/15] step 1200/1599 (1.0 it/s)
[Epoch 7/15] step 1200/1599 (1.0 it/s)
[Epoch 7/15] step 1200/1599 (1.0 it/s)
[Epoch 7/15] step 1200/1599 (1.0 it/s)
[Epoch 7/15] step 1200/1599 (1.0 it/s)
[Epoch 7/15] step 1200/1599 (1.0 it/s)
[Epoch 7/15] step 1200/1599 (1.0 it/s)
[Epoch 7/15] step 1250/1599 (1.0 it/s)
[Epoch 7/15] step 1250/1599 (1.0 it/s)
[Epoch 7/15] step 1250/1599 (1.0 it/s)
[Epoch 7/15] step 1250/1599 (1.0 it/s)
[Epoch 7/15] step 1250/1599 (1.0 it/s)
[Epoch 7/15] step 1250/1599 (1.0 it/s)
[Epoch 7/15] step 1250/1599 (1.0 it/s)
[Epoch 7/15] step 1250/1599 (1.0 it/s)
[Epoch 7/15] step 1300/1599 (1.0 it/s)
[Epoch 7/15] step 1300/1599 (1.0 it/s)
[Epoch 7/15] step 1300/1599 (1.0 it/s)
[Epoch 7/15] step 1300/1599 (1.0 it/s)
[Epoch 7/15] step 1300/1599 (1.0 it/s)
[Epoch 7/15] step 1300/1599 (1.0 it/s)
[Epoch 7/15] step 1300/1599 (1.0 it/s)
[Epoch 7/15] step 1300/1599 (1.0 it/s)
[Epoch 7/15] step 1350/1599 (1.0 it/s)
[Epoch 7/15] step 1350/1599 (1.0 it/s)
[Epoch 7/15] step 1350/1599 (1.0 it/s)
[Epoch 7/15] step 1350/1599 (1.0 it/s)
[Epoch 7/15] step 1350/1599 (1.0 it/s)
[Epoch 7/15] step 1350/1599 (1.0 it/s)
[Epoch 7/15] step 1350/1599 (1.0 it/s)
[Epoch 7/15] step 1350/1599 (1.0 it/s)
[Epoch 7/15] step 1400/1599 (1.0 it/s)
[Epoch 7/15] step 1400/1599 (1.0 it/s)
[Epoch 7/15] step 1400/1599 (1.0 it/s)
[Epoch 7/15] step 1400/1599 (1.0 it/s)
[Epoch 7/15] step 1400/1599 (1.0 it/s)
[Epoch 7/15] step 1400/1599 (1.0 it/s)
[Epoch 7/15] step 1400/1599 (1.0 it/s)
[Epoch 7/15] step 1400/1599 (1.0 it/s)
[Epoch 7/15] step 1450/1599 (1.0 it/s)
[Epoch 7/15] step 1450/1599 (1.0 it/s)
[Epoch 7/15] step 1450/1599 (1.0 it/s)
[Epoch 7/15] step 1450/1599 (1.0 it/s)
[Epoch 7/15] step 1450/1599 (1.0 it/s)
[Epoch 7/15] step 1450/1599 (1.0 it/s)
[Epoch 7/15] step 1450/1599 (1.0 it/s)
[Epoch 7/15] step 1450/1599 (1.0 it/s)
[Epoch 7/15] step 1500/1599 (1.0 it/s)
[Epoch 7/15] step 1500/1599 (1.0 it/s)
[Epoch 7/15] step 1500/1599 (1.0 it/s)
[Epoch 7/15] step 1500/1599 (1.0 it/s)
[Epoch 7/15] step 1500/1599 (1.0 it/s)
[Epoch 7/15] step 1500/1599 (1.0 it/s)
[Epoch 7/15] step 1500/1599 (1.0 it/s)
[Epoch 7/15] step 1500/1599 (1.0 it/s)
[Epoch 7/15] step 1550/1599 (1.0 it/s)
[Epoch 7/15] step 1550/1599 (1.0 it/s)
[Epoch 7/15] step 1550/1599 (1.0 it/s)
[Epoch 7/15] step 1550/1599 (1.0 it/s)
[Epoch 7/15] step 1550/1599 (1.0 it/s)
[Epoch 7/15] step 1550/1599 (1.0 it/s)
[Epoch 7/15] step 1550/1599 (1.0 it/s)
[Epoch 7/15] step 1550/1599 (1.0 it/s)
[Epoch 7/15] done in 1833.3s
[Epoch 7/15] done in 1833.3s
[Epoch 7/15] done in 1833.3s
[Epoch 7/15] done in 1833.3s
[Epoch 7/15] done in 1833.3s
[Epoch 7/15] done in 1833.3s
[Epoch 7/15] done in 1833.3s
19:14:39 | INFO  | trainer_inf~| \n+-----------------------------------------+------------------------+
|                  Metric                 |         Value          |
+-----------------------------------------+------------------------+
|           [0;34;40mfit/active_dim_count[0m          |         [0;32;40m192.0[0m          |
|             [0;34;40mfit/latent_mean[0m             | [0;32;40m0.0011681246105581522[0m  |
|             [0;34;40mfit/latent_norm[0m             |   [0;32;40m13.561549186706543[0m   |
|              [0;34;40mfit/latent_std[0m             |   [0;32;40m0.9815250635147095[0m   |
|           [0;34;40mfit/learning_rate_0[0m           |  [0;32;40m2.27539348998107e-05[0m  |
|                 [0;34;40mfit/loss[0m                |  [0;32;40m0.17451396584510803[0m   |
|           [0;34;40mfit/loss_future_cos[0m           |  [0;32;40m0.01950252056121826[0m   |
|            [0;34;40mfit/loss_future_l1[0m           |    [0;32;40m0.1226806640625[0m     |
|               [0;34;40mfit/loss_mse[0m              |  [0;32;40m0.036452461034059525[0m  |
|         [0;34;40mfit/loss_mse_horizon_01[0m         |  [0;32;40m0.08930636942386627[0m   |
|         [0;34;40mfit/loss_mse_horizon_02[0m         |  [0;32;40m0.010059370659291744[0m  |
|         [0;34;40mfit/loss_mse_horizon_03[0m         |  [0;32;40m0.009991641156375408[0m  |
|              [0;34;40mfit/loss_total[0m             |  [0;32;40m0.17451396584510803[0m   |
|       [0;34;40mfit/pairwise_cos_hist_bin_00[0m      |          [0;32;40m0.0[0m           |
|       [0;34;40mfit/pairwise_cos_hist_bin_01[0m      |          [0;32;40m0.0[0m           |
|       [0;34;40mfit/pairwise_cos_hist_bin_02[0m      |          [0;32;40m0.0[0m           |
|       [0;34;40mfit/pairwise_cos_hist_bin_03[0m      |          [0;32;40m0.0[0m           |
|       [0;34;40mfit/pairwise_cos_hist_bin_04[0m      |          [0;32;40m0.0[0m           |
|       [0;34;40mfit/pairwise_cos_hist_bin_05[0m      |          [0;32;40m0.0[0m           |
|       [0;34;40mfit/pairwise_cos_hist_bin_06[0m      | [0;32;40m0.0001442866341676563[0m  |
|       [0;34;40mfit/pairwise_cos_hist_bin_07[0m      |  [0;32;40m0.012859665788710117[0m  |
|       [0;34;40mfit/pairwise_cos_hist_bin_08[0m      |  [0;32;40m0.13602599501609802[0m   |
|       [0;34;40mfit/pairwise_cos_hist_bin_09[0m      |   [0;32;40m0.5087613463401794[0m   |
|       [0;34;40mfit/pairwise_cos_hist_bin_10[0m      |   [0;32;40m0.244003027677536[0m    |
|       [0;34;40mfit/pairwise_cos_hist_bin_11[0m      |  [0;32;40m0.04283497855067253[0m   |
|       [0;34;40mfit/pairwise_cos_hist_bin_12[0m      |  [0;32;40m0.014695257879793644[0m  |
|       [0;34;40mfit/pairwise_cos_hist_bin_13[0m      |  [0;32;40m0.008004562929272652[0m  |
|       [0;34;40mfit/pairwise_cos_hist_bin_14[0m      |  [0;32;40m0.006497676484286785[0m  |
|       [0;34;40mfit/pairwise_cos_hist_bin_15[0m      |  [0;32;40m0.005971173290163279[0m  |
|       [0;34;40mfit/pairwise_cos_hist_bin_16[0m      |  [0;32;40m0.005292739253491163[0m  |
|       [0;34;40mfit/pairwise_cos_hist_bin_17[0m      |  [0;32;40m0.004778658505529165[0m  |
|       [0;34;40mfit/pairwise_cos_hist_bin_18[0m      |  [0;32;40m0.005092076025903225[0m  |
|       [0;34;40mfit/pairwise_cos_hist_bin_19[0m      |  [0;32;40m0.005038565024733543[0m  |
|           [0;34;40mfit/pairwise_cos_max[0m          |          [0;32;40m1.0[0m           |
|          [0;34;40mfit/pairwise_cos_mean[0m          | [0;32;40m-0.0017137527465820312[0m |
|           [0;34;40mfit/pairwise_cos_min[0m          |    [0;32;40m-0.315673828125[0m     |
|           [0;34;40mfit/pairwise_cos_std[0m          |    [0;32;40m0.1556396484375[0m     |
|              [0;34;40mfit/pred_loss[0m              |  [0;32;40m0.036452461034059525[0m  |
|           [0;34;40mfit/samples_per_sec[0m           |   [0;32;40m1368.0196533203125[0m   |
|             [0;34;40mfit/sigreg_loss[0m             |      [0;32;40m1.533203125[0m       |
|           [0;34;40mhardware/cpu_percent[0m          |   [0;32;40m32.20000076293945[0m    |
|         [0;34;40mhardware/disk_read_mb_s[0m         |   [0;32;40m0.7747852206230164[0m   |
|         [0;34;40mhardware/disk_write_mb_s[0m        |   [0;32;40m0.1448817104101181[0m   |
|          [0;34;40mhardware/net_recv_mb_s[0m         |  [0;32;40m0.004522023722529411[0m  |
|          [0;34;40mhardware/net_sent_mb_s[0m         |  [0;32;40m0.003669770434498787[0m  |
|           [0;34;40mhardware/ram_used_gb[0m          |   [0;32;40m527.1235961914062[0m    |
|          [0;34;40mhardware/ram_used_pct[0m          |   [0;32;40m28.200000762939453[0m   |
|           [0;34;40mhparams/lr_default_0[0m          |  [0;32;40m2.27539348998107e-05[0m  |
|        [0;34;40mvalidate/active_dim_count[0m        |         [0;32;40m192.0[0m          |
|     [0;34;40mvalidate/active_dim_count_epoch[0m     |         [0;32;40m192.0[0m          |
|           [0;34;40mvalidate/latent_mean[0m          | [0;32;40m-0.027975736185908318[0m  |
|        [0;34;40mvalidate/latent_mean_epoch[0m       | [0;32;40m-0.027975736185908318[0m  |
|           [0;34;40mvalidate/latent_norm[0m          |   [0;32;40m14.776911735534668[0m   |
|        [0;34;40mvalidate/latent_norm_epoch[0m       |   [0;32;40m14.776911735534668[0m   |
|           [0;34;40mvalidate/latent_std[0m           |   [0;32;40m1.0782877206802368[0m   |
|        [0;34;40mvalidate/latent_std_epoch[0m        |   [0;32;40m1.0782877206802368[0m   |
|              [0;34;40mvalidate/loss[0m              |   [0;32;40m0.7038004994392395[0m   |
|           [0;34;40mvalidate/loss_epoch[0m           |   [0;32;40m0.7038004994392395[0m   |
|         [0;34;40mvalidate/loss_future_cos[0m        |  [0;32;40m0.06475500017404556[0m   |
|      [0;34;40mvalidate/loss_future_cos_epoch[0m     |  [0;32;40m0.06475500017404556[0m   |
|         [0;34;40mvalidate/loss_future_l1[0m         |   [0;32;40m0.306674599647522[0m    |
|      [0;34;40mvalidate/loss_future_l1_epoch[0m      |   [0;32;40m0.306674599647522[0m    |
|            [0;34;40mvalidate/loss_mse[0m            |  [0;32;40m0.15786704421043396[0m   |
|         [0;34;40mvalidate/loss_mse_epoch[0m         |  [0;32;40m0.15786704421043396[0m   |
|       [0;34;40mvalidate/loss_mse_horizon_01[0m      |  [0;32;40m0.20179857313632965[0m   |
|    [0;34;40mvalidate/loss_mse_horizon_01_epoch[0m   |  [0;32;40m0.20179857313632965[0m   |
|       [0;34;40mvalidate/loss_mse_horizon_02[0m      |  [0;32;40m0.13564439117908478[0m   |
|    [0;34;40mvalidate/loss_mse_horizon_02_epoch[0m   |  [0;32;40m0.13564439117908478[0m   |
|       [0;34;40mvalidate/loss_mse_horizon_03[0m      |  [0;32;40m0.13615815341472626[0m   |
|    [0;34;40mvalidate/loss_mse_horizon_03_epoch[0m   |  [0;32;40m0.13615815341472626[0m   |
|           [0;34;40mvalidate/loss_total[0m           |   [0;32;40m0.7038004994392395[0m   |
|        [0;34;40mvalidate/loss_total_epoch[0m        |   [0;32;40m0.7038004994392395[0m   |
|    [0;34;40mvalidate/pairwise_cos_hist_bin_00[0m    |          [0;32;40m0.0[0m           |
| [0;34;40mvalidate/pairwise_cos_hist_bin_00_epoch[0m |          [0;32;40m0.0[0m           |
|    [0;34;40mvalidate/pairwise_cos_hist_bin_01[0m    |          [0;32;40m0.0[0m           |
| [0;34;40mvalidate/pairwise_cos_hist_bin_01_epoch[0m |          [0;32;40m0.0[0m           |
|    [0;34;40mvalidate/pairwise_cos_hist_bin_02[0m    |          [0;32;40m0.0[0m           |
| [0;34;40mvalidate/pairwise_cos_hist_bin_02_epoch[0m |          [0;32;40m0.0[0m           |
|    [0;34;40mvalidate/pairwise_cos_hist_bin_03[0m    |          [0;32;40m0.0[0m           |
| [0;34;40mvalidate/pairwise_cos_hist_bin_03_epoch[0m |          [0;32;40m0.0[0m           |
|    [0;34;40mvalidate/pairwise_cos_hist_bin_04[0m    |          [0;32;40m0.0[0m           |
| [0;34;40mvalidate/pairwise_cos_hist_bin_04_epoch[0m |          [0;32;40m0.0[0m           |
|    [0;34;40mvalidate/pairwise_cos_hist_bin_05[0m    |          [0;32;40m0.0[0m           |
| [0;34;40mvalidate/pairwise_cos_hist_bin_05_epoch[0m |          [0;32;40m0.0[0m           |
|    [0;34;40mvalidate/pairwise_cos_hist_bin_06[0m    | [0;32;40m4.978714423486963e-05[0m  |
| [0;34;40mvalidate/pairwise_cos_hist_bin_06_epoch[0m | [0;32;40m4.978714423486963e-05[0m  |
|    [0;34;40mvalidate/pairwise_cos_hist_bin_07[0m    |  [0;32;40m0.006643717177212238[0m  |
| [0;34;40mvalidate/pairwise_cos_hist_bin_07_epoch[0m |  [0;32;40m0.006643717177212238[0m  |
|    [0;34;40mvalidate/pairwise_cos_hist_bin_08[0m    |   [0;32;40m0.1013166531920433[0m   |
| [0;34;40mvalidate/pairwise_cos_hist_bin_08_epoch[0m |   [0;32;40m0.1013166531920433[0m   |
|    [0;34;40mvalidate/pairwise_cos_hist_bin_09[0m    |  [0;32;40m0.35134997963905334[0m   |
| [0;34;40mvalidate/pairwise_cos_hist_bin_09_epoch[0m |  [0;32;40m0.35134997963905334[0m   |
|    [0;34;40mvalidate/pairwise_cos_hist_bin_10[0m    |  [0;32;40m0.26623040437698364[0m   |
| [0;34;40mvalidate/pairwise_cos_hist_bin_10_epoch[0m |  [0;32;40m0.26623040437698364[0m   |
|    [0;34;40mvalidate/pairwise_cos_hist_bin_11[0m    |   [0;32;40m0.1261013299226761[0m   |
| [0;34;40mvalidate/pairwise_cos_hist_bin_11_epoch[0m |   [0;32;40m0.1261013299226761[0m   |
|    [0;34;40mvalidate/pairwise_cos_hist_bin_12[0m    |  [0;32;40m0.06635789573192596[0m   |
| [0;34;40mvalidate/pairwise_cos_hist_bin_12_epoch[0m |  [0;32;40m0.06635789573192596[0m   |
|    [0;34;40mvalidate/pairwise_cos_hist_bin_13[0m    |  [0;32;40m0.031562358140945435[0m  |
| [0;34;40mvalidate/pairwise_cos_hist_bin_13_epoch[0m |  [0;32;40m0.031562358140945435[0m  |
|    [0;34;40mvalidate/pairwise_cos_hist_bin_14[0m    |  [0;32;40m0.014689900912344456[0m  |
| [0;34;40mvalidate/pairwise_cos_hist_bin_14_epoch[0m |  [0;32;40m0.014689900912344456[0m  |
|    [0;34;40mvalidate/pairwise_cos_hist_bin_15[0m    |  [0;32;40m0.009622673504054546[0m  |
| [0;34;40mvalidate/pairwise_cos_hist_bin_15_epoch[0m |  [0;32;40m0.009622673504054546[0m  |
|    [0;34;40mvalidate/pairwise_cos_hist_bin_16[0m    |  [0;32;40m0.007064429111778736[0m  |
| [0;34;40mvalidate/pairwise_cos_hist_bin_16_epoch[0m |  [0;32;40m0.007064429111778736[0m  |
|    [0;34;40mvalidate/pairwise_cos_hist_bin_17[0m    |  [0;32;40m0.006216839887201786[0m  |
| [0;34;40mvalidate/pairwise_cos_hist_bin_17_epoch[0m |  [0;32;40m0.006216839887201786[0m  |
|    [0;34;40mvalidate/pairwise_cos_hist_bin_18[0m    | [0;32;40m0.0063639553263783455[0m  |
| [0;34;40mvalidate/pairwise_cos_hist_bin_18_epoch[0m | [0;32;40m0.0063639553263783455[0m  |
|    [0;34;40mvalidate/pairwise_cos_hist_bin_19[0m    |  [0;32;40m0.006430085748434067[0m  |
| [0;34;40mvalidate/pairwise_cos_hist_bin_19_epoch[0m |  [0;32;40m0.006430085748434067[0m  |
|        [0;34;40mvalidate/pairwise_cos_max[0m        |          [0;32;40m1.0[0m           |
|     [0;34;40mvalidate/pairwise_cos_max_epoch[0m     |          [0;32;40m1.0[0m           |
|        [0;34;40mvalidate/pairwise_cos_mean[0m       |  [0;32;40m0.058172766119241714[0m  |
|     [0;34;40mvalidate/pairwise_cos_mean_epoch[0m    |  [0;32;40m0.058172766119241714[0m  |
|        [0;34;40mvalidate/pairwise_cos_min[0m        |  [0;32;40m-0.3205254375934601[0m   |
|     [0;34;40mvalidate/pairwise_cos_min_epoch[0m     |  [0;32;40m-0.3205254375934601[0m   |
|        [0;34;40mvalidate/pairwise_cos_std[0m        |  [0;32;40m0.18333503603935242[0m   |
|     [0;34;40mvalidate/pairwise_cos_std_epoch[0m     |  [0;32;40m0.18333503603935242[0m   |
|            [0;34;40mvalidate/pred_loss[0m           |  [0;32;40m0.15786704421043396[0m   |
|         [0;34;40mvalidate/pred_loss_epoch[0m        |  [0;32;40m0.15786704421043396[0m   |
|           [0;34;40mvalidate/sigreg_loss[0m          |   [0;32;40m6.066458702087402[0m    |
|        [0;34;40mvalidate/sigreg_loss_epoch[0m       |   [0;32;40m6.066458702087402[0m    |
+-----------------------------------------+------------------------+
19:14:39 | INFO  | utils.py    | 📦📦📦 Model saved to /data1/Johnny/challenge/wrf/homework/outputs/stable-wm/checkpoints/lewm_reacher_15/weights_epoch_8.pt 📦📦📦
[Epoch 7/15] done in 1833.4s
19:14:39 | INFO  | checkpoint_~|   Checking for non PyTorch modules to save
19:14:39 | INFO  | atomic_chec~| [atomic_save] → /data1/Johnny/challenge/wrf/homework/outputs/home/.cache/stable-pretraining/runs/20260715/150757/246fc50c1277/checkpoints/epoch=7-step=12792.ckpt
19:14:40 | INFO  | atomic_chec~| [atomic_save] ✓ epoch=7-step=12792.ckpt saved (206.8 MiB, serialise=0.34s write=0.23s rename=0.1ms)
19:14:40 | INFO  | checkpoint_~|   Checking for non PyTorch modules to save
19:14:40 | INFO  | atomic_chec~| [atomic_save] → /data1/Johnny/challenge/wrf/homework/outputs/home/.cache/stable-pretraining/runs/20260715/150757/246fc50c1277/checkpoints/last.ckpt
19:14:41 | INFO  | atomic_chec~| [atomic_save] ✓ last.ckpt saved (206.8 MiB, serialise=0.32s write=0.20s rename=16.7ms)
[Epoch 8/15] step 50/1599 (0.8 it/s)
[Epoch 8/15] step 50/1599 (0.8 it/s)
[Epoch 8/15] step 50/1599 (0.8 it/s)
[Epoch 8/15] step 50/1599 (0.8 it/s)
[Epoch 8/15] step 50/1599 (0.8 it/s)
[Epoch 8/15] step 50/1599 (0.8 it/s)
[Epoch 8/15] step 50/1599 (0.8 it/s)
[Epoch 8/15] step 50/1599 (0.8 it/s)
[Epoch 8/15] step 100/1599 (0.9 it/s)
[Epoch 8/15] step 100/1599 (0.9 it/s)
[Epoch 8/15] step 100/1599 (0.9 it/s)
[Epoch 8/15] step 100/1599 (0.9 it/s)
[Epoch 8/15] step 100/1599 (0.9 it/s)
[Epoch 8/15] step 100/1599 (0.9 it/s)
[Epoch 8/15] step 100/1599 (0.9 it/s)
[Epoch 8/15] step 100/1599 (0.9 it/s)
[Epoch 8/15] step 150/1599 (0.9 it/s)
[Epoch 8/15] step 150/1599 (0.9 it/s)
[Epoch 8/15] step 150/1599 (0.9 it/s)
[Epoch 8/15] step 150/1599 (0.9 it/s)
[Epoch 8/15] step 150/1599 (0.9 it/s)
[Epoch 8/15] step 150/1599 (0.9 it/s)
[Epoch 8/15] step 150/1599 (0.9 it/s)
[Epoch 8/15] step 150/1599 (0.9 it/s)
[Epoch 8/15] step 200/1599 (0.9 it/s)
[Epoch 8/15] step 200/1599 (0.9 it/s)
[Epoch 8/15] step 200/1599 (0.9 it/s)
[Epoch 8/15] step 200/1599 (0.9 it/s)
[Epoch 8/15] step 200/1599 (0.9 it/s)
[Epoch 8/15] step 200/1599 (0.9 it/s)
[Epoch 8/15] step 200/1599 (0.9 it/s)
[Epoch 8/15] step 200/1599 (0.9 it/s)
[Epoch 8/15] step 250/1599 (0.9 it/s)
[Epoch 8/15] step 250/1599 (0.9 it/s)
[Epoch 8/15] step 250/1599 (0.9 it/s)
[Epoch 8/15] step 250/1599 (0.9 it/s)
[Epoch 8/15] step 250/1599 (0.9 it/s)
[Epoch 8/15] step 250/1599 (0.9 it/s)
[Epoch 8/15] step 250/1599 (0.9 it/s)
[Epoch 8/15] step 250/1599 (0.9 it/s)
[Epoch 8/15] step 300/1599 (0.9 it/s)
[Epoch 8/15] step 300/1599 (0.9 it/s)
[Epoch 8/15] step 300/1599 (0.9 it/s)
[Epoch 8/15] step 300/1599 (0.9 it/s)
[Epoch 8/15] step 300/1599 (0.9 it/s)
[Epoch 8/15] step 300/1599 (0.9 it/s)
[Epoch 8/15] step 300/1599 (0.9 it/s)
[Epoch 8/15] step 300/1599 (0.9 it/s)
[Epoch 8/15] step 350/1599 (0.9 it/s)
[Epoch 8/15] step 350/1599 (0.9 it/s)
[Epoch 8/15] step 350/1599 (0.9 it/s)
[Epoch 8/15] step 350/1599 (0.9 it/s)
[Epoch 8/15] step 350/1599 (0.9 it/s)
[Epoch 8/15] step 350/1599 (0.9 it/s)
[Epoch 8/15] step 350/1599 (0.9 it/s)
[Epoch 8/15] step 350/1599 (0.9 it/s)
[Epoch 8/15] step 400/1599 (0.9 it/s)
[Epoch 8/15] step 400/1599 (0.9 it/s)
[Epoch 8/15] step 400/1599 (0.9 it/s)
[Epoch 8/15] step 400/1599 (0.9 it/s)
[Epoch 8/15] step 400/1599 (0.9 it/s)
[Epoch 8/15] step 400/1599 (0.9 it/s)
[Epoch 8/15] step 400/1599 (0.9 it/s)
[Epoch 8/15] step 400/1599 (0.9 it/s)
[Epoch 8/15] step 450/1599 (1.0 it/s)
[Epoch 8/15] step 450/1599 (1.0 it/s)
[Epoch 8/15] step 450/1599 (1.0 it/s)
[Epoch 8/15] step 450/1599 (1.0 it/s)
[Epoch 8/15] step 450/1599 (1.0 it/s)
[Epoch 8/15] step 450/1599 (1.0 it/s)
[Epoch 8/15] step 450/1599 (1.0 it/s)
[Epoch 8/15] step 450/1599 (1.0 it/s)
[Epoch 8/15] step 500/1599 (1.0 it/s)
[Epoch 8/15] step 500/1599 (1.0 it/s)
[Epoch 8/15] step 500/1599 (1.0 it/s)
[Epoch 8/15] step 500/1599 (1.0 it/s)
[Epoch 8/15] step 500/1599 (1.0 it/s)
[Epoch 8/15] step 500/1599 (1.0 it/s)
[Epoch 8/15] step 500/1599 (1.0 it/s)
[Epoch 8/15] step 500/1599 (1.0 it/s)
[Epoch 8/15] step 550/1599 (1.0 it/s)
[Epoch 8/15] step 550/1599 (1.0 it/s)
[Epoch 8/15] step 550/1599 (1.0 it/s)
[Epoch 8/15] step 550/1599 (1.0 it/s)
[Epoch 8/15] step 550/1599 (1.0 it/s)
[Epoch 8/15] step 550/1599 (1.0 it/s)
[Epoch 8/15] step 550/1599 (1.0 it/s)
[Epoch 8/15] step 550/1599 (1.0 it/s)
[Epoch 8/15] step 600/1599 (1.0 it/s)
[Epoch 8/15] step 600/1599 (1.0 it/s)
[Epoch 8/15] step 600/1599 (1.0 it/s)
[Epoch 8/15] step 600/1599 (1.0 it/s)
[Epoch 8/15] step 600/1599 (1.0 it/s)
[Epoch 8/15] step 600/1599 (1.0 it/s)
[Epoch 8/15] step 600/1599 (1.0 it/s)
[Epoch 8/15] step 600/1599 (1.0 it/s)
[Epoch 8/15] step 650/1599 (1.0 it/s)
[Epoch 8/15] step 650/1599 (1.0 it/s)
[Epoch 8/15] step 650/1599 (1.0 it/s)
[Epoch 8/15] step 650/1599 (1.0 it/s)
[Epoch 8/15] step 650/1599 (1.0 it/s)
[Epoch 8/15] step 650/1599 (1.0 it/s)
[Epoch 8/15] step 650/1599 (1.0 it/s)
[Epoch 8/15] step 650/1599 (1.0 it/s)
[Epoch 8/15] step 700/1599 (1.0 it/s)
[Epoch 8/15] step 700/1599 (1.0 it/s)
[Epoch 8/15] step 700/1599 (1.0 it/s)
[Epoch 8/15] step 700/1599 (1.0 it/s)
[Epoch 8/15] step 700/1599 (1.0 it/s)
[Epoch 8/15] step 700/1599 (1.0 it/s)
[Epoch 8/15] step 700/1599 (1.0 it/s)
[Epoch 8/15] step 700/1599 (1.0 it/s)
[Epoch 8/15] step 750/1599 (1.0 it/s)
[Epoch 8/15] step 750/1599 (1.0 it/s)
[Epoch 8/15] step 750/1599 (1.0 it/s)
[Epoch 8/15] step 750/1599 (1.0 it/s)
[Epoch 8/15] step 750/1599 (1.0 it/s)
[Epoch 8/15] step 750/1599 (1.0 it/s)
[Epoch 8/15] step 750/1599 (1.0 it/s)
[Epoch 8/15] step 750/1599 (1.0 it/s)
[Epoch 8/15] step 800/1599 (1.0 it/s)
[Epoch 8/15] step 800/1599 (1.0 it/s)
[Epoch 8/15] step 800/1599 (1.0 it/s)
[Epoch 8/15] step 800/1599 (1.0 it/s)
[Epoch 8/15] step 800/1599 (1.0 it/s)
[Epoch 8/15] step 800/1599 (1.0 it/s)
[Epoch 8/15] step 800/1599 (1.0 it/s)
[Epoch 8/15] step 800/1599 (1.0 it/s)
[Epoch 8/15] step 850/1599 (1.0 it/s)
[Epoch 8/15] step 850/1599 (1.0 it/s)
[Epoch 8/15] step 850/1599 (1.0 it/s)
[Epoch 8/15] step 850/1599 (1.0 it/s)
[Epoch 8/15] step 850/1599 (1.0 it/s)
[Epoch 8/15] step 850/1599 (1.0 it/s)
[Epoch 8/15] step 850/1599 (1.0 it/s)
[Epoch 8/15] step 850/1599 (1.0 it/s)
[Epoch 8/15] step 900/1599 (1.0 it/s)
[Epoch 8/15] step 900/1599 (1.0 it/s)
[Epoch 8/15] step 900/1599 (1.0 it/s)
[Epoch 8/15] step 900/1599 (1.0 it/s)
[Epoch 8/15] step 900/1599 (1.0 it/s)
[Epoch 8/15] step 900/1599 (1.0 it/s)
[Epoch 8/15] step 900/1599 (1.0 it/s)
[Epoch 8/15] step 900/1599 (1.0 it/s)
[Epoch 8/15] step 950/1599 (1.0 it/s)
[Epoch 8/15] step 950/1599 (1.0 it/s)
[Epoch 8/15] step 950/1599 (1.0 it/s)
[Epoch 8/15] step 950/1599 (1.0 it/s)
[Epoch 8/15] step 950/1599 (1.0 it/s)
[Epoch 8/15] step 950/1599 (1.0 it/s)
[Epoch 8/15] step 950/1599 (1.0 it/s)
[Epoch 8/15] step 950/1599 (1.0 it/s)
[Epoch 8/15] step 1000/1599 (1.0 it/s)
[Epoch 8/15] step 1000/1599 (1.0 it/s)
[Epoch 8/15] step 1000/1599 (1.0 it/s)
[Epoch 8/15] step 1000/1599 (1.0 it/s)
[Epoch 8/15] step 1000/1599 (1.0 it/s)
[Epoch 8/15] step 1000/1599 (1.0 it/s)
[Epoch 8/15] step 1000/1599 (1.0 it/s)
[Epoch 8/15] step 1000/1599 (1.0 it/s)
[Epoch 8/15] step 1050/1599 (1.0 it/s)
[Epoch 8/15] step 1050/1599 (1.0 it/s)
[Epoch 8/15] step 1050/1599 (1.0 it/s)
[Epoch 8/15] step 1050/1599 (1.0 it/s)
[Epoch 8/15] step 1050/1599 (1.0 it/s)
[Epoch 8/15] step 1050/1599 (1.0 it/s)
[Epoch 8/15] step 1050/1599 (1.0 it/s)
[Epoch 8/15] step 1050/1599 (1.0 it/s)
[Epoch 8/15] step 1100/1599 (1.0 it/s)
[Epoch 8/15] step 1100/1599 (1.0 it/s)
[Epoch 8/15] step 1100/1599 (1.0 it/s)
[Epoch 8/15] step 1100/1599 (1.0 it/s)
[Epoch 8/15] step 1100/1599 (1.0 it/s)
[Epoch 8/15] step 1100/1599 (1.0 it/s)
[Epoch 8/15] step 1100/1599 (1.0 it/s)
[Epoch 8/15] step 1100/1599 (1.0 it/s)
[Epoch 8/15] step 1150/1599 (1.0 it/s)
[Epoch 8/15] step 1150/1599 (1.0 it/s)
[Epoch 8/15] step 1150/1599 (1.0 it/s)
[Epoch 8/15] step 1150/1599 (1.0 it/s)
[Epoch 8/15] step 1150/1599 (1.0 it/s)
[Epoch 8/15] step 1150/1599 (1.0 it/s)
[Epoch 8/15] step 1150/1599 (1.0 it/s)
[Epoch 8/15] step 1150/1599 (1.0 it/s)
[Epoch 8/15] step 1200/1599 (1.0 it/s)
[Epoch 8/15] step 1200/1599 (1.0 it/s)
[Epoch 8/15] step 1200/1599 (1.0 it/s)
[Epoch 8/15] step 1200/1599 (1.0 it/s)
[Epoch 8/15] step 1200/1599 (1.0 it/s)
[Epoch 8/15] step 1200/1599 (1.0 it/s)
[Epoch 8/15] step 1200/1599 (1.0 it/s)
[Epoch 8/15] step 1200/1599 (1.0 it/s)
[Epoch 8/15] step 1250/1599 (1.0 it/s)
[Epoch 8/15] step 1250/1599 (1.0 it/s)
[Epoch 8/15] step 1250/1599 (1.0 it/s)
[Epoch 8/15] step 1250/1599 (1.0 it/s)
[Epoch 8/15] step 1250/1599 (1.0 it/s)
[Epoch 8/15] step 1250/1599 (1.0 it/s)
[Epoch 8/15] step 1250/1599 (1.0 it/s)
[Epoch 8/15] step 1250/1599 (1.0 it/s)
[Epoch 8/15] step 1300/1599 (1.0 it/s)
[Epoch 8/15] step 1300/1599 (1.0 it/s)
[Epoch 8/15] step 1300/1599 (1.0 it/s)
[Epoch 8/15] step 1300/1599 (1.0 it/s)
[Epoch 8/15] step 1300/1599 (1.0 it/s)
[Epoch 8/15] step 1300/1599 (1.0 it/s)
[Epoch 8/15] step 1300/1599 (1.0 it/s)
[Epoch 8/15] step 1300/1599 (1.0 it/s)
[Epoch 8/15] step 1350/1599 (1.0 it/s)
[Epoch 8/15] step 1350/1599 (1.0 it/s)
[Epoch 8/15] step 1350/1599 (1.0 it/s)
[Epoch 8/15] step 1350/1599 (1.0 it/s)
[Epoch 8/15] step 1350/1599 (1.0 it/s)
[Epoch 8/15] step 1350/1599 (1.0 it/s)
[Epoch 8/15] step 1350/1599 (1.0 it/s)
[Epoch 8/15] step 1350/1599 (1.0 it/s)
[Epoch 8/15] step 1400/1599 (1.0 it/s)
[Epoch 8/15] step 1400/1599 (1.0 it/s)
[Epoch 8/15] step 1400/1599 (1.0 it/s)
[Epoch 8/15] step 1400/1599 (1.0 it/s)
[Epoch 8/15] step 1400/1599 (1.0 it/s)
[Epoch 8/15] step 1400/1599 (1.0 it/s)
[Epoch 8/15] step 1400/1599 (1.0 it/s)
[Epoch 8/15] step 1400/1599 (1.0 it/s)
[Epoch 8/15] step 1450/1599 (1.0 it/s)
[Epoch 8/15] step 1450/1599 (1.0 it/s)
[Epoch 8/15] step 1450/1599 (1.0 it/s)
[Epoch 8/15] step 1450/1599 (1.0 it/s)
[Epoch 8/15] step 1450/1599 (1.0 it/s)
[Epoch 8/15] step 1450/1599 (1.0 it/s)
[Epoch 8/15] step 1450/1599 (1.0 it/s)
[Epoch 8/15] step 1450/1599 (1.0 it/s)
[Epoch 8/15] step 1500/1599 (1.0 it/s)
[Epoch 8/15] step 1500/1599 (1.0 it/s)
[Epoch 8/15] step 1500/1599 (1.0 it/s)
[Epoch 8/15] step 1500/1599 (1.0 it/s)
[Epoch 8/15] step 1500/1599 (1.0 it/s)
[Epoch 8/15] step 1500/1599 (1.0 it/s)
[Epoch 8/15] step 1500/1599 (1.0 it/s)
[Epoch 8/15] step 1500/1599 (1.0 it/s)
[Epoch 8/15] step 1550/1599 (1.0 it/s)
[Epoch 8/15] step 1550/1599 (1.0 it/s)
[Epoch 8/15] step 1550/1599 (1.0 it/s)
[Epoch 8/15] step 1550/1599 (1.0 it/s)
[Epoch 8/15] step 1550/1599 (1.0 it/s)
[Epoch 8/15] step 1550/1599 (1.0 it/s)
[Epoch 8/15] step 1550/1599 (1.0 it/s)
[Epoch 8/15] step 1550/1599 (1.0 it/s)
[Epoch 8/15] done in 1840.1s
[Epoch 8/15] done in 1840.1s
[Epoch 8/15] done in 1840.1s
[Epoch 8/15] done in 1840.1s
[Epoch 8/15] done in 1840.1s
[Epoch 8/15] done in 1840.1s
[Epoch 8/15] done in 1840.1s
19:45:21 | INFO  | trainer_inf~| \n+-----------------------------------------+------------------------+
|                  Metric                 |         Value          |
+-----------------------------------------+------------------------+
|           [0;34;40mfit/active_dim_count[0m          |         [0;32;40m192.0[0m          |
|             [0;34;40mfit/latent_mean[0m             |  [0;32;40m0.001170158269815147[0m  |
|             [0;34;40mfit/latent_norm[0m             |   [0;32;40m13.550738334655762[0m   |
|              [0;34;40mfit/latent_std[0m             |   [0;32;40m0.980567216873169[0m    |
|           [0;34;40mfit/learning_rate_0[0m           | [0;32;40m1.7575905076228082e-05[0m |
|                 [0;34;40mfit/loss[0m                |   [0;32;40m0.1645863801240921[0m   |
|           [0;34;40mfit/loss_future_cos[0m           |  [0;32;40m0.018053583800792694[0m  |
|            [0;34;40mfit/loss_future_l1[0m           |    [0;32;40m0.1177978515625[0m     |
|               [0;34;40mfit/loss_mse[0m              |   [0;32;40m0.0338490754365921[0m   |
|         [0;34;40mfit/loss_mse_horizon_01[0m         |  [0;32;40m0.08242063224315643[0m   |
|         [0;34;40mfit/loss_mse_horizon_02[0m         |  [0;32;40m0.00984216295182705[0m   |
|         [0;34;40mfit/loss_mse_horizon_03[0m         |  [0;32;40m0.00928441807627678[0m   |
|              [0;34;40mfit/loss_total[0m             |   [0;32;40m0.1645863801240921[0m   |
|       [0;34;40mfit/pairwise_cos_hist_bin_00[0m      |          [0;32;40m0.0[0m           |
|       [0;34;40mfit/pairwise_cos_hist_bin_01[0m      |          [0;32;40m0.0[0m           |
|       [0;34;40mfit/pairwise_cos_hist_bin_02[0m      |          [0;32;40m0.0[0m           |
|       [0;34;40mfit/pairwise_cos_hist_bin_03[0m      |          [0;32;40m0.0[0m           |
|       [0;34;40mfit/pairwise_cos_hist_bin_04[0m      |          [0;32;40m0.0[0m           |
|       [0;34;40mfit/pairwise_cos_hist_bin_05[0m      |          [0;32;40m0.0[0m           |
|       [0;34;40mfit/pairwise_cos_hist_bin_06[0m      | [0;32;40m2.962175858556293e-05[0m  |
|       [0;34;40mfit/pairwise_cos_hist_bin_07[0m      |  [0;32;40m0.01262746937572956[0m   |
|       [0;34;40mfit/pairwise_cos_hist_bin_08[0m      |   [0;32;40m0.1345382034778595[0m   |
|       [0;34;40mfit/pairwise_cos_hist_bin_09[0m      |   [0;32;40m0.5062711834907532[0m   |
|       [0;34;40mfit/pairwise_cos_hist_bin_10[0m      |  [0;32;40m0.24889731407165527[0m   |
|       [0;34;40mfit/pairwise_cos_hist_bin_11[0m      |  [0;32;40m0.044502392411231995[0m  |
|       [0;34;40mfit/pairwise_cos_hist_bin_12[0m      |  [0;32;40m0.01385247241705656[0m   |
|       [0;34;40mfit/pairwise_cos_hist_bin_13[0m      |  [0;32;40m0.00759463757276535[0m   |
|       [0;34;40mfit/pairwise_cos_hist_bin_14[0m      |  [0;32;40m0.006319945678114891[0m  |
|       [0;34;40mfit/pairwise_cos_hist_bin_15[0m      | [0;32;40m0.0056252675130963326[0m  |
|       [0;34;40mfit/pairwise_cos_hist_bin_16[0m      |  [0;32;40m0.005183807574212551[0m  |
|       [0;34;40mfit/pairwise_cos_hist_bin_17[0m      | [0;32;40m0.0046678162179887295[0m  |
|       [0;34;40mfit/pairwise_cos_hist_bin_18[0m      | [0;32;40m0.0049210344441235065[0m  |
|       [0;34;40mfit/pairwise_cos_hist_bin_19[0m      |  [0;32;40m0.004968810826539993[0m  |
|           [0;34;40mfit/pairwise_cos_max[0m          |          [0;32;40m1.0[0m           |
|          [0;34;40mfit/pairwise_cos_mean[0m          |   [0;32;40m-0.00177001953125[0m    |
|           [0;34;40mfit/pairwise_cos_min[0m          |     [0;32;40m-0.30908203125[0m     |
|           [0;34;40mfit/pairwise_cos_std[0m          |     [0;32;40m0.153564453125[0m     |
|              [0;34;40mfit/pred_loss[0m              |   [0;32;40m0.0338490754365921[0m   |
|           [0;34;40mfit/samples_per_sec[0m           |   [0;32;40m1351.438232421875[0m    |
|             [0;34;40mfit/sigreg_loss[0m             |      [0;32;40m1.451171875[0m       |
|           [0;34;40mhardware/cpu_percent[0m          |   [0;32;40m33.29999923706055[0m    |
|         [0;34;40mhardware/disk_read_mb_s[0m         |          [0;32;40m0.0[0m           |
|         [0;34;40mhardware/disk_write_mb_s[0m        |   [0;32;40m0.3495030999183655[0m   |
|          [0;34;40mhardware/net_recv_mb_s[0m         |  [0;32;40m0.05280529335141182[0m   |
|          [0;34;40mhardware/net_sent_mb_s[0m         |  [0;32;40m0.02925078570842743[0m   |
|           [0;34;40mhardware/ram_used_gb[0m          |   [0;32;40m529.2977294921875[0m    |
|          [0;34;40mhardware/ram_used_pct[0m          |   [0;32;40m28.299999237060547[0m   |
|           [0;34;40mhparams/lr_default_0[0m          | [0;32;40m1.7575905076228082e-05[0m |
|        [0;34;40mvalidate/active_dim_count[0m        |         [0;32;40m192.0[0m          |
|     [0;34;40mvalidate/active_dim_count_epoch[0m     |         [0;32;40m192.0[0m          |
|           [0;34;40mvalidate/latent_mean[0m          |  [0;32;40m0.010612407699227333[0m  |
|        [0;34;40mvalidate/latent_mean_epoch[0m       |  [0;32;40m0.010612407699227333[0m  |
|           [0;34;40mvalidate/latent_norm[0m          |   [0;32;40m14.024439811706543[0m   |
|        [0;34;40mvalidate/latent_norm_epoch[0m       |   [0;32;40m14.024439811706543[0m   |
|           [0;34;40mvalidate/latent_std[0m           |   [0;32;40m1.0218054056167603[0m   |
|        [0;34;40mvalidate/latent_std_epoch[0m        |   [0;32;40m1.0218054056167603[0m   |
|              [0;34;40mvalidate/loss[0m              |   [0;32;40m0.6111238598823547[0m   |
|           [0;34;40mvalidate/loss_epoch[0m           |   [0;32;40m0.6111238598823547[0m   |
|         [0;34;40mvalidate/loss_future_cos[0m        |  [0;32;40m0.05576588958501816[0m   |
|      [0;34;40mvalidate/loss_future_cos_epoch[0m     |  [0;32;40m0.05576588958501816[0m   |
|         [0;34;40mvalidate/loss_future_l1[0m         |  [0;32;40m0.26170414686203003[0m   |
|      [0;34;40mvalidate/loss_future_l1_epoch[0m      |  [0;32;40m0.26170414686203003[0m   |
|            [0;34;40mvalidate/loss_mse[0m            |  [0;32;40m0.11646765470504761[0m   |
|         [0;34;40mvalidate/loss_mse_epoch[0m         |  [0;32;40m0.11646765470504761[0m   |
|       [0;34;40mvalidate/loss_mse_horizon_01[0m      |  [0;32;40m0.15854999423027039[0m   |
|    [0;34;40mvalidate/loss_mse_horizon_01_epoch[0m   |  [0;32;40m0.15854999423027039[0m   |
|       [0;34;40mvalidate/loss_mse_horizon_02[0m      |  [0;32;40m0.09504832327365875[0m   |
|    [0;34;40mvalidate/loss_mse_horizon_02_epoch[0m   |  [0;32;40m0.09504832327365875[0m   |
|       [0;34;40mvalidate/loss_mse_horizon_03[0m      |   [0;32;40m0.0958046019077301[0m   |
|    [0;34;40mvalidate/loss_mse_horizon_03_epoch[0m   |   [0;32;40m0.0958046019077301[0m   |
|           [0;34;40mvalidate/loss_total[0m           |   [0;32;40m0.6111238598823547[0m   |
|        [0;34;40mvalidate/loss_total_epoch[0m        |   [0;32;40m0.6111238598823547[0m   |
|    [0;34;40mvalidate/pairwise_cos_hist_bin_00[0m    |          [0;32;40m0.0[0m           |
| [0;34;40mvalidate/pairwise_cos_hist_bin_00_epoch[0m |          [0;32;40m0.0[0m           |
|    [0;34;40mvalidate/pairwise_cos_hist_bin_01[0m    |          [0;32;40m0.0[0m           |
| [0;34;40mvalidate/pairwise_cos_hist_bin_01_epoch[0m |          [0;32;40m0.0[0m           |
|    [0;34;40mvalidate/pairwise_cos_hist_bin_02[0m    |          [0;32;40m0.0[0m           |
| [0;34;40mvalidate/pairwise_cos_hist_bin_02_epoch[0m |          [0;32;40m0.0[0m           |
|    [0;34;40mvalidate/pairwise_cos_hist_bin_03[0m    |          [0;32;40m0.0[0m           |
| [0;34;40mvalidate/pairwise_cos_hist_bin_03_epoch[0m |          [0;32;40m0.0[0m           |
|    [0;34;40mvalidate/pairwise_cos_hist_bin_04[0m    |          [0;32;40m0.0[0m           |
| [0;34;40mvalidate/pairwise_cos_hist_bin_04_epoch[0m |          [0;32;40m0.0[0m           |
|    [0;34;40mvalidate/pairwise_cos_hist_bin_05[0m    |          [0;32;40m0.0[0m           |
| [0;34;40mvalidate/pairwise_cos_hist_bin_05_epoch[0m |          [0;32;40m0.0[0m           |
|    [0;34;40mvalidate/pairwise_cos_hist_bin_06[0m    | [0;32;40m3.8859179767314345e-05[0m |
| [0;34;40mvalidate/pairwise_cos_hist_bin_06_epoch[0m | [0;32;40m3.8859179767314345e-05[0m |
|    [0;34;40mvalidate/pairwise_cos_hist_bin_07[0m    |  [0;32;40m0.00540653383359313[0m   |
| [0;34;40mvalidate/pairwise_cos_hist_bin_07_epoch[0m |  [0;32;40m0.00540653383359313[0m   |
|    [0;34;40mvalidate/pairwise_cos_hist_bin_08[0m    |  [0;32;40m0.06301899254322052[0m   |
| [0;34;40mvalidate/pairwise_cos_hist_bin_08_epoch[0m |  [0;32;40m0.06301899254322052[0m   |
|    [0;34;40mvalidate/pairwise_cos_hist_bin_09[0m    |  [0;32;40m0.33793383836746216[0m   |
| [0;34;40mvalidate/pairwise_cos_hist_bin_09_epoch[0m |  [0;32;40m0.33793383836746216[0m   |
|    [0;34;40mvalidate/pairwise_cos_hist_bin_10[0m    |   [0;32;40m0.3518965542316437[0m   |
| [0;34;40mvalidate/pairwise_cos_hist_bin_10_epoch[0m |   [0;32;40m0.3518965542316437[0m   |
|    [0;34;40mvalidate/pairwise_cos_hist_bin_11[0m    |  [0;32;40m0.12452494353055954[0m   |
| [0;34;40mvalidate/pairwise_cos_hist_bin_11_epoch[0m |  [0;32;40m0.12452494353055954[0m   |
|    [0;34;40mvalidate/pairwise_cos_hist_bin_12[0m    |  [0;32;40m0.05290918052196503[0m   |
| [0;34;40mvalidate/pairwise_cos_hist_bin_12_epoch[0m |  [0;32;40m0.05290918052196503[0m   |
|    [0;34;40mvalidate/pairwise_cos_hist_bin_13[0m    |  [0;32;40m0.02144930697977543[0m   |
| [0;34;40mvalidate/pairwise_cos_hist_bin_13_epoch[0m |  [0;32;40m0.02144930697977543[0m   |
|    [0;34;40mvalidate/pairwise_cos_hist_bin_14[0m    |  [0;32;40m0.011042141355574131[0m  |
| [0;34;40mvalidate/pairwise_cos_hist_bin_14_epoch[0m |  [0;32;40m0.011042141355574131[0m  |
|    [0;34;40mvalidate/pairwise_cos_hist_bin_15[0m    |  [0;32;40m0.007582280784845352[0m  |
| [0;34;40mvalidate/pairwise_cos_hist_bin_15_epoch[0m |  [0;32;40m0.007582280784845352[0m  |
|    [0;34;40mvalidate/pairwise_cos_hist_bin_16[0m    |  [0;32;40m0.00648839445784688[0m   |
| [0;34;40mvalidate/pairwise_cos_hist_bin_16_epoch[0m |  [0;32;40m0.00648839445784688[0m   |
|    [0;34;40mvalidate/pairwise_cos_hist_bin_17[0m    |  [0;32;40m0.005745604634284973[0m  |
| [0;34;40mvalidate/pairwise_cos_hist_bin_17_epoch[0m |  [0;32;40m0.005745604634284973[0m  |
|    [0;34;40mvalidate/pairwise_cos_hist_bin_18[0m    |  [0;32;40m0.005918990354984999[0m  |
| [0;34;40mvalidate/pairwise_cos_hist_bin_18_epoch[0m |  [0;32;40m0.005918990354984999[0m  |
|    [0;34;40mvalidate/pairwise_cos_hist_bin_19[0m    |  [0;32;40m0.006044353824108839[0m  |
| [0;34;40mvalidate/pairwise_cos_hist_bin_19_epoch[0m |  [0;32;40m0.006044353824108839[0m  |
|        [0;34;40mvalidate/pairwise_cos_max[0m        |          [0;32;40m1.0[0m           |
|     [0;34;40mvalidate/pairwise_cos_max_epoch[0m     |          [0;32;40m1.0[0m           |
|        [0;34;40mvalidate/pairwise_cos_mean[0m       |  [0;32;40m0.05786341056227684[0m   |
|     [0;34;40mvalidate/pairwise_cos_mean_epoch[0m    |  [0;32;40m0.05786341056227684[0m   |
|        [0;34;40mvalidate/pairwise_cos_min[0m        |  [0;32;40m-0.3143717050552368[0m   |
|     [0;34;40mvalidate/pairwise_cos_min_epoch[0m     |  [0;32;40m-0.3143717050552368[0m   |
|        [0;34;40mvalidate/pairwise_cos_std[0m        |  [0;32;40m0.16816593706607819[0m   |
|     [0;34;40mvalidate/pairwise_cos_std_epoch[0m     |  [0;32;40m0.16816593706607819[0m   |
|            [0;34;40mvalidate/pred_loss[0m           |  [0;32;40m0.11646765470504761[0m   |
|         [0;34;40mvalidate/pred_loss_epoch[0m        |  [0;32;40m0.11646765470504761[0m   |
|           [0;34;40mvalidate/sigreg_loss[0m          |   [0;32;40m5.496536731719971[0m    |
|        [0;34;40mvalidate/sigreg_loss_epoch[0m       |   [0;32;40m5.496536731719971[0m    |
+-----------------------------------------+------------------------+
19:45:21 | INFO  | utils.py    | 📦📦📦 Model saved to /data1/Johnny/challenge/wrf/homework/outputs/stable-wm/checkpoints/lewm_reacher_15/weights_epoch_9.pt 📦📦📦
[Epoch 8/15] done in 1840.2s
19:45:21 | INFO  | checkpoint_~|   Checking for non PyTorch modules to save
19:45:21 | INFO  | atomic_chec~| [atomic_save] → /data1/Johnny/challenge/wrf/homework/outputs/home/.cache/stable-pretraining/runs/20260715/150757/246fc50c1277/checkpoints/epoch=8-step=14391.ckpt
19:45:21 | INFO  | atomic_chec~| [atomic_save] ✓ epoch=8-step=14391.ckpt saved (206.8 MiB, serialise=0.33s write=0.20s rename=0.1ms)
19:45:21 | INFO  | checkpoint_~|   Checking for non PyTorch modules to save
19:45:21 | INFO  | atomic_chec~| [atomic_save] → /data1/Johnny/challenge/wrf/homework/outputs/home/.cache/stable-pretraining/runs/20260715/150757/246fc50c1277/checkpoints/last.ckpt
19:45:22 | INFO  | atomic_chec~| [atomic_save] ✓ last.ckpt saved (206.8 MiB, serialise=0.34s write=0.22s rename=18.9ms)
[Epoch 9/15] step 50/1599 (0.8 it/s)
[Epoch 9/15] step 50/1599 (0.8 it/s)
[Epoch 9/15] step 50/1599 (0.8 it/s)
[Epoch 9/15] step 50/1599 (0.8 it/s)
[Epoch 9/15] step 50/1599 (0.8 it/s)
[Epoch 9/15] step 50/1599 (0.8 it/s)
[Epoch 9/15] step 50/1599 (0.8 it/s)
[Epoch 9/15] step 50/1599 (0.8 it/s)
[Epoch 9/15] step 100/1599 (0.9 it/s)
[Epoch 9/15] step 100/1599 (0.9 it/s)
[Epoch 9/15] step 100/1599 (0.9 it/s)
[Epoch 9/15] step 100/1599 (0.9 it/s)
[Epoch 9/15] step 100/1599 (0.9 it/s)
[Epoch 9/15] step 100/1599 (0.9 it/s)
[Epoch 9/15] step 100/1599 (0.9 it/s)
[Epoch 9/15] step 100/1599 (0.9 it/s)
[Epoch 9/15] step 150/1599 (0.9 it/s)
[Epoch 9/15] step 150/1599 (0.9 it/s)
[Epoch 9/15] step 150/1599 (0.9 it/s)
[Epoch 9/15] step 150/1599 (0.9 it/s)
[Epoch 9/15] step 150/1599 (0.9 it/s)
[Epoch 9/15] step 150/1599 (0.9 it/s)
[Epoch 9/15] step 150/1599 (0.9 it/s)
[Epoch 9/15] step 150/1599 (0.9 it/s)
[Epoch 9/15] step 200/1599 (0.9 it/s)
[Epoch 9/15] step 200/1599 (0.9 it/s)
[Epoch 9/15] step 200/1599 (0.9 it/s)
[Epoch 9/15] step 200/1599 (0.9 it/s)
[Epoch 9/15] step 200/1599 (0.9 it/s)
[Epoch 9/15] step 200/1599 (0.9 it/s)
[Epoch 9/15] step 200/1599 (0.9 it/s)
[Epoch 9/15] step 200/1599 (0.9 it/s)
[Epoch 9/15] step 250/1599 (0.9 it/s)
[Epoch 9/15] step 250/1599 (0.9 it/s)
[Epoch 9/15] step 250/1599 (0.9 it/s)
[Epoch 9/15] step 250/1599 (0.9 it/s)
[Epoch 9/15] step 250/1599 (0.9 it/s)
[Epoch 9/15] step 250/1599 (0.9 it/s)
[Epoch 9/15] step 250/1599 (0.9 it/s)
[Epoch 9/15] step 250/1599 (0.9 it/s)
[Epoch 9/15] step 300/1599 (0.9 it/s)
[Epoch 9/15] step 300/1599 (0.9 it/s)
[Epoch 9/15] step 300/1599 (0.9 it/s)
[Epoch 9/15] step 300/1599 (0.9 it/s)
[Epoch 9/15] step 300/1599 (0.9 it/s)
[Epoch 9/15] step 300/1599 (0.9 it/s)
[Epoch 9/15] step 300/1599 (0.9 it/s)
[Epoch 9/15] step 300/1599 (0.9 it/s)
[Epoch 9/15] step 350/1599 (0.9 it/s)
[Epoch 9/15] step 350/1599 (0.9 it/s)
[Epoch 9/15] step 350/1599 (0.9 it/s)
[Epoch 9/15] step 350/1599 (0.9 it/s)
[Epoch 9/15] step 350/1599 (0.9 it/s)
[Epoch 9/15] step 350/1599 (0.9 it/s)
[Epoch 9/15] step 350/1599 (0.9 it/s)
[Epoch 9/15] step 350/1599 (0.9 it/s)
[Epoch 9/15] step 400/1599 (0.9 it/s)
[Epoch 9/15] step 400/1599 (0.9 it/s)
[Epoch 9/15] step 400/1599 (0.9 it/s)
[Epoch 9/15] step 400/1599 (0.9 it/s)
[Epoch 9/15] step 400/1599 (0.9 it/s)
[Epoch 9/15] step 400/1599 (0.9 it/s)
[Epoch 9/15] step 400/1599 (0.9 it/s)
[Epoch 9/15] step 400/1599 (0.9 it/s)
[Epoch 9/15] step 450/1599 (0.9 it/s)
[Epoch 9/15] step 450/1599 (0.9 it/s)
[Epoch 9/15] step 450/1599 (0.9 it/s)
[Epoch 9/15] step 450/1599 (0.9 it/s)
[Epoch 9/15] step 450/1599 (0.9 it/s)
[Epoch 9/15] step 450/1599 (0.9 it/s)
[Epoch 9/15] step 450/1599 (0.9 it/s)
[Epoch 9/15] step 450/1599 (0.9 it/s)
[Epoch 9/15] step 500/1599 (0.9 it/s)
[Epoch 9/15] step 500/1599 (0.9 it/s)
[Epoch 9/15] step 500/1599 (0.9 it/s)
[Epoch 9/15] step 500/1599 (0.9 it/s)
[Epoch 9/15] step 500/1599 (0.9 it/s)
[Epoch 9/15] step 500/1599 (0.9 it/s)
[Epoch 9/15] step 500/1599 (0.9 it/s)
[Epoch 9/15] step 500/1599 (0.9 it/s)
[Epoch 9/15] step 550/1599 (0.9 it/s)
[Epoch 9/15] step 550/1599 (0.9 it/s)
[Epoch 9/15] step 550/1599 (0.9 it/s)
[Epoch 9/15] step 550/1599 (0.9 it/s)
[Epoch 9/15] step 550/1599 (0.9 it/s)
[Epoch 9/15] step 550/1599 (0.9 it/s)
[Epoch 9/15] step 550/1599 (0.9 it/s)
[Epoch 9/15] step 550/1599 (0.9 it/s)
[Epoch 9/15] step 600/1599 (0.9 it/s)
[Epoch 9/15] step 600/1599 (0.9 it/s)
[Epoch 9/15] step 600/1599 (0.9 it/s)
[Epoch 9/15] step 600/1599 (0.9 it/s)
[Epoch 9/15] step 600/1599 (0.9 it/s)
[Epoch 9/15] step 600/1599 (0.9 it/s)
[Epoch 9/15] step 600/1599 (0.9 it/s)
[Epoch 9/15] step 600/1599 (0.9 it/s)
[Epoch 9/15] step 650/1599 (0.9 it/s)
[Epoch 9/15] step 650/1599 (0.9 it/s)
[Epoch 9/15] step 650/1599 (0.9 it/s)
[Epoch 9/15] step 650/1599 (0.9 it/s)
[Epoch 9/15] step 650/1599 (0.9 it/s)
[Epoch 9/15] step 650/1599 (0.9 it/s)
[Epoch 9/15] step 650/1599 (0.9 it/s)
[Epoch 9/15] step 650/1599 (0.9 it/s)
[Epoch 9/15] step 700/1599 (0.9 it/s)
[Epoch 9/15] step 700/1599 (0.9 it/s)
[Epoch 9/15] step 700/1599 (0.9 it/s)
[Epoch 9/15] step 700/1599 (0.9 it/s)
[Epoch 9/15] step 700/1599 (0.9 it/s)
[Epoch 9/15] step 700/1599 (0.9 it/s)
[Epoch 9/15] step 700/1599 (0.9 it/s)
[Epoch 9/15] step 700/1599 (0.9 it/s)
[Epoch 9/15] step 750/1599 (0.9 it/s)
[Epoch 9/15] step 750/1599 (0.9 it/s)
[Epoch 9/15] step 750/1599 (0.9 it/s)
[Epoch 9/15] step 750/1599 (0.9 it/s)
[Epoch 9/15] step 750/1599 (0.9 it/s)
[Epoch 9/15] step 750/1599 (0.9 it/s)
[Epoch 9/15] step 750/1599 (0.9 it/s)
[Epoch 9/15] step 750/1599 (0.9 it/s)
[Epoch 9/15] step 800/1599 (0.9 it/s)
[Epoch 9/15] step 800/1599 (0.9 it/s)
[Epoch 9/15] step 800/1599 (0.9 it/s)
[Epoch 9/15] step 800/1599 (0.9 it/s)
[Epoch 9/15] step 800/1599 (0.9 it/s)
[Epoch 9/15] step 800/1599 (0.9 it/s)
[Epoch 9/15] step 800/1599 (0.9 it/s)
[Epoch 9/15] step 800/1599 (0.9 it/s)
[Epoch 9/15] step 850/1599 (0.9 it/s)
[Epoch 9/15] step 850/1599 (0.9 it/s)
[Epoch 9/15] step 850/1599 (0.9 it/s)
[Epoch 9/15] step 850/1599 (0.9 it/s)
[Epoch 9/15] step 850/1599 (0.9 it/s)
[Epoch 9/15] step 850/1599 (0.9 it/s)
[Epoch 9/15] step 850/1599 (0.9 it/s)
[Epoch 9/15] step 850/1599 (0.9 it/s)
[Epoch 9/15] step 900/1599 (1.0 it/s)
[Epoch 9/15] step 900/1599 (1.0 it/s)
[Epoch 9/15] step 900/1599 (1.0 it/s)
[Epoch 9/15] step 900/1599 (1.0 it/s)
[Epoch 9/15] step 900/1599 (1.0 it/s)
[Epoch 9/15] step 900/1599 (1.0 it/s)
[Epoch 9/15] step 900/1599 (1.0 it/s)
[Epoch 9/15] step 900/1599 (1.0 it/s)
[Epoch 9/15] step 950/1599 (1.0 it/s)
[Epoch 9/15] step 950/1599 (1.0 it/s)
[Epoch 9/15] step 950/1599 (1.0 it/s)
[Epoch 9/15] step 950/1599 (1.0 it/s)
[Epoch 9/15] step 950/1599 (1.0 it/s)
[Epoch 9/15] step 950/1599 (1.0 it/s)
[Epoch 9/15] step 950/1599 (1.0 it/s)
[Epoch 9/15] step 950/1599 (1.0 it/s)
[Epoch 9/15] step 1000/1599 (1.0 it/s)
[Epoch 9/15] step 1000/1599 (1.0 it/s)
[Epoch 9/15] step 1000/1599 (1.0 it/s)
[Epoch 9/15] step 1000/1599 (1.0 it/s)
[Epoch 9/15] step 1000/1599 (1.0 it/s)
[Epoch 9/15] step 1000/1599 (1.0 it/s)
[Epoch 9/15] step 1000/1599 (1.0 it/s)
[Epoch 9/15] step 1000/1599 (1.0 it/s)
[Epoch 9/15] step 1050/1599 (1.0 it/s)
[Epoch 9/15] step 1050/1599 (1.0 it/s)
[Epoch 9/15] step 1050/1599 (1.0 it/s)
[Epoch 9/15] step 1050/1599 (1.0 it/s)
[Epoch 9/15] step 1050/1599 (1.0 it/s)
[Epoch 9/15] step 1050/1599 (1.0 it/s)
[Epoch 9/15] step 1050/1599 (1.0 it/s)
[Epoch 9/15] step 1050/1599 (1.0 it/s)
[Epoch 9/15] step 1100/1599 (1.0 it/s)
[Epoch 9/15] step 1100/1599 (1.0 it/s)
[Epoch 9/15] step 1100/1599 (1.0 it/s)
[Epoch 9/15] step 1100/1599 (1.0 it/s)
[Epoch 9/15] step 1100/1599 (1.0 it/s)
[Epoch 9/15] step 1100/1599 (1.0 it/s)
[Epoch 9/15] step 1100/1599 (1.0 it/s)
[Epoch 9/15] step 1100/1599 (1.0 it/s)
[Epoch 9/15] step 1150/1599 (1.0 it/s)
[Epoch 9/15] step 1150/1599 (1.0 it/s)
[Epoch 9/15] step 1150/1599 (1.0 it/s)
[Epoch 9/15] step 1150/1599 (1.0 it/s)
[Epoch 9/15] step 1150/1599 (1.0 it/s)
[Epoch 9/15] step 1150/1599 (1.0 it/s)
[Epoch 9/15] step 1150/1599 (1.0 it/s)
[Epoch 9/15] step 1150/1599 (1.0 it/s)
[Epoch 9/15] step 1200/1599 (1.0 it/s)
[Epoch 9/15] step 1200/1599 (1.0 it/s)
[Epoch 9/15] step 1200/1599 (1.0 it/s)
[Epoch 9/15] step 1200/1599 (1.0 it/s)
[Epoch 9/15] step 1200/1599 (1.0 it/s)
[Epoch 9/15] step 1200/1599 (1.0 it/s)
[Epoch 9/15] step 1200/1599 (1.0 it/s)
[Epoch 9/15] step 1200/1599 (1.0 it/s)
[Epoch 9/15] step 1250/1599 (1.0 it/s)
[Epoch 9/15] step 1250/1599 (1.0 it/s)
[Epoch 9/15] step 1250/1599 (1.0 it/s)
[Epoch 9/15] step 1250/1599 (1.0 it/s)
[Epoch 9/15] step 1250/1599 (1.0 it/s)
[Epoch 9/15] step 1250/1599 (1.0 it/s)
[Epoch 9/15] step 1250/1599 (1.0 it/s)
[Epoch 9/15] step 1250/1599 (1.0 it/s)
[Epoch 9/15] step 1300/1599 (1.0 it/s)
[Epoch 9/15] step 1300/1599 (1.0 it/s)
[Epoch 9/15] step 1300/1599 (1.0 it/s)
[Epoch 9/15] step 1300/1599 (1.0 it/s)
[Epoch 9/15] step 1300/1599 (1.0 it/s)
[Epoch 9/15] step 1300/1599 (1.0 it/s)
[Epoch 9/15] step 1300/1599 (1.0 it/s)
[Epoch 9/15] step 1300/1599 (1.0 it/s)
[Epoch 9/15] step 1350/1599 (1.0 it/s)
[Epoch 9/15] step 1350/1599 (1.0 it/s)
[Epoch 9/15] step 1350/1599 (1.0 it/s)
[Epoch 9/15] step 1350/1599 (1.0 it/s)
[Epoch 9/15] step 1350/1599 (1.0 it/s)
[Epoch 9/15] step 1350/1599 (1.0 it/s)
[Epoch 9/15] step 1350/1599 (1.0 it/s)
[Epoch 9/15] step 1350/1599 (1.0 it/s)
[Epoch 9/15] step 1400/1599 (1.0 it/s)
[Epoch 9/15] step 1400/1599 (1.0 it/s)
[Epoch 9/15] step 1400/1599 (1.0 it/s)
[Epoch 9/15] step 1400/1599 (1.0 it/s)
[Epoch 9/15] step 1400/1599 (1.0 it/s)
[Epoch 9/15] step 1400/1599 (1.0 it/s)
[Epoch 9/15] step 1400/1599 (1.0 it/s)
[Epoch 9/15] step 1400/1599 (1.0 it/s)
[Epoch 9/15] step 1450/1599 (1.0 it/s)
[Epoch 9/15] step 1450/1599 (1.0 it/s)
[Epoch 9/15] step 1450/1599 (1.0 it/s)
[Epoch 9/15] step 1450/1599 (1.0 it/s)
[Epoch 9/15] step 1450/1599 (1.0 it/s)
[Epoch 9/15] step 1450/1599 (1.0 it/s)
[Epoch 9/15] step 1450/1599 (1.0 it/s)
[Epoch 9/15] step 1450/1599 (1.0 it/s)
[Epoch 9/15] step 1500/1599 (1.0 it/s)
[Epoch 9/15] step 1500/1599 (1.0 it/s)
[Epoch 9/15] step 1500/1599 (1.0 it/s)
[Epoch 9/15] step 1500/1599 (1.0 it/s)
[Epoch 9/15] step 1500/1599 (1.0 it/s)
[Epoch 9/15] step 1500/1599 (1.0 it/s)
[Epoch 9/15] step 1500/1599 (1.0 it/s)
[Epoch 9/15] step 1500/1599 (1.0 it/s)
[Epoch 9/15] step 1550/1599 (1.0 it/s)
[Epoch 9/15] step 1550/1599 (1.0 it/s)
[Epoch 9/15] step 1550/1599 (1.0 it/s)
[Epoch 9/15] step 1550/1599 (1.0 it/s)
[Epoch 9/15] step 1550/1599 (1.0 it/s)
[Epoch 9/15] step 1550/1599 (1.0 it/s)
[Epoch 9/15] step 1550/1599 (1.0 it/s)
[Epoch 9/15] step 1550/1599 (1.0 it/s)
[Epoch 9/15] done in 1852.9s
[Epoch 9/15] done in 1852.9s
[Epoch 9/15] done in 1852.9s
[Epoch 9/15] done in 1852.9s
[Epoch 9/15] done in 1852.9s
[Epoch 9/15] done in 1852.9s
[Epoch 9/15] done in 1852.9s
20:16:15 | INFO  | trainer_inf~| \n+-----------------------------------------+------------------------+
|                  Metric                 |         Value          |
+-----------------------------------------+------------------------+
|           [0;34;40mfit/active_dim_count[0m          |         [0;32;40m192.0[0m          |
|             [0;34;40mfit/latent_mean[0m             | [0;32;40m0.0007849887479096651[0m  |
|             [0;34;40mfit/latent_norm[0m             |   [0;32;40m13.536646842956543[0m   |
|              [0;34;40mfit/latent_std[0m             |   [0;32;40m0.9792562127113342[0m   |
|           [0;34;40mfit/learning_rate_0[0m           | [0;32;40m1.272888584935572e-05[0m  |
|                 [0;34;40mfit/loss[0m                |   [0;32;40m0.1651506870985031[0m   |
|           [0;34;40mfit/loss_future_cos[0m           |  [0;32;40m0.01792057603597641[0m   |
|            [0;34;40mfit/loss_future_l1[0m           |    [0;32;40m0.11529541015625[0m    |
|               [0;34;40mfit/loss_mse[0m              |  [0;32;40m0.03313165158033371[0m   |
|         [0;34;40mfit/loss_mse_horizon_01[0m         |  [0;32;40m0.08193539828062057[0m   |
|         [0;34;40mfit/loss_mse_horizon_02[0m         |  [0;32;40m0.008829224854707718[0m  |
|         [0;34;40mfit/loss_mse_horizon_03[0m         |  [0;32;40m0.008630328811705112[0m  |
|              [0;34;40mfit/loss_total[0m             |   [0;32;40m0.1651506870985031[0m   |
|       [0;34;40mfit/pairwise_cos_hist_bin_00[0m      |          [0;32;40m0.0[0m           |
|       [0;34;40mfit/pairwise_cos_hist_bin_01[0m      |          [0;32;40m0.0[0m           |
|       [0;34;40mfit/pairwise_cos_hist_bin_02[0m      |          [0;32;40m0.0[0m           |
|       [0;34;40mfit/pairwise_cos_hist_bin_03[0m      |          [0;32;40m0.0[0m           |
|       [0;34;40mfit/pairwise_cos_hist_bin_04[0m      |          [0;32;40m0.0[0m           |
|       [0;34;40mfit/pairwise_cos_hist_bin_05[0m      |          [0;32;40m0.0[0m           |
|       [0;34;40mfit/pairwise_cos_hist_bin_06[0m      | [0;32;40m2.2932974388822913e-05[0m |
|       [0;34;40mfit/pairwise_cos_hist_bin_07[0m      |  [0;32;40m0.012601668946444988[0m  |
|       [0;34;40mfit/pairwise_cos_hist_bin_08[0m      |   [0;32;40m0.133720263838768[0m    |
|       [0;34;40mfit/pairwise_cos_hist_bin_09[0m      |   [0;32;40m0.5101115107536316[0m   |
|       [0;34;40mfit/pairwise_cos_hist_bin_10[0m      |  [0;32;40m0.24758057296276093[0m   |
|       [0;34;40mfit/pairwise_cos_hist_bin_11[0m      |  [0;32;40m0.04204665124416351[0m   |
|       [0;34;40mfit/pairwise_cos_hist_bin_12[0m      |  [0;32;40m0.014209844172000885[0m  |
|       [0;34;40mfit/pairwise_cos_hist_bin_13[0m      |  [0;32;40m0.007621391676366329[0m  |
|       [0;34;40mfit/pairwise_cos_hist_bin_14[0m      |  [0;32;40m0.00630179001018405[0m   |
|       [0;34;40mfit/pairwise_cos_hist_bin_15[0m      | [0;32;40m0.0057179550640285015[0m  |
|       [0;34;40mfit/pairwise_cos_hist_bin_16[0m      |  [0;32;40m0.005277451127767563[0m  |
|       [0;34;40mfit/pairwise_cos_hist_bin_17[0m      |  [0;32;40m0.00474808132275939[0m   |
|       [0;34;40mfit/pairwise_cos_hist_bin_18[0m      |  [0;32;40m0.004894278943538666[0m  |
|       [0;34;40mfit/pairwise_cos_hist_bin_19[0m      |  [0;32;40m0.005145586095750332[0m  |
|           [0;34;40mfit/pairwise_cos_max[0m          |          [0;32;40m1.0[0m           |
|          [0;34;40mfit/pairwise_cos_mean[0m          | [0;32;40m-0.0017824172973632812[0m |
|           [0;34;40mfit/pairwise_cos_min[0m          |      [0;32;40m-0.30078125[0m       |
|           [0;34;40mfit/pairwise_cos_std[0m          |    [0;32;40m0.1541748046875[0m     |
|              [0;34;40mfit/pred_loss[0m              |  [0;32;40m0.03313165158033371[0m   |
|           [0;34;40mfit/samples_per_sec[0m           |   [0;32;40m1338.597412109375[0m    |
|             [0;34;40mfit/sigreg_loss[0m             |       [0;32;40m1.46484375[0m       |
|           [0;34;40mhardware/cpu_percent[0m          |          [0;32;40m41.5[0m          |
|         [0;34;40mhardware/disk_read_mb_s[0m         |          [0;32;40m0.0[0m           |
|         [0;34;40mhardware/disk_write_mb_s[0m        |  [0;32;40m0.17412792146205902[0m   |
|          [0;34;40mhardware/net_recv_mb_s[0m         | [0;32;40m0.0017650934169068933[0m  |
|          [0;34;40mhardware/net_sent_mb_s[0m         | [0;32;40m0.0020601018331944942[0m  |
|           [0;34;40mhardware/ram_used_gb[0m          |    [0;32;40m529.43994140625[0m     |
|          [0;34;40mhardware/ram_used_pct[0m          |   [0;32;40m28.299999237060547[0m   |
|           [0;34;40mhparams/lr_default_0[0m          | [0;32;40m1.2728884939861018e-05[0m |
|        [0;34;40mvalidate/active_dim_count[0m        |         [0;32;40m192.0[0m          |
|     [0;34;40mvalidate/active_dim_count_epoch[0m     |         [0;32;40m192.0[0m          |
|           [0;34;40mvalidate/latent_mean[0m          |  [0;32;40m0.020795997232198715[0m  |
|        [0;34;40mvalidate/latent_mean_epoch[0m       |  [0;32;40m0.020795997232198715[0m  |
|           [0;34;40mvalidate/latent_norm[0m          |   [0;32;40m13.67587661743164[0m    |
|        [0;34;40mvalidate/latent_norm_epoch[0m       |   [0;32;40m13.67587661743164[0m    |
|           [0;34;40mvalidate/latent_std[0m           |   [0;32;40m0.9931274652481079[0m   |
|        [0;34;40mvalidate/latent_std_epoch[0m        |   [0;32;40m0.9931274652481079[0m   |
|              [0;34;40mvalidate/loss[0m              |   [0;32;40m0.576274037361145[0m    |
|           [0;34;40mvalidate/loss_epoch[0m           |   [0;32;40m0.576274037361145[0m    |
|         [0;34;40mvalidate/loss_future_cos[0m        |   [0;32;40m0.0482870489358902[0m   |
|      [0;34;40mvalidate/loss_future_cos_epoch[0m     |   [0;32;40m0.0482870489358902[0m   |
|         [0;34;40mvalidate/loss_future_l1[0m         |  [0;32;40m0.23458229005336761[0m   |
|      [0;34;40mvalidate/loss_future_l1_epoch[0m      |  [0;32;40m0.23458229005336761[0m   |
|            [0;34;40mvalidate/loss_mse[0m            |  [0;32;40m0.09400063008069992[0m   |
|         [0;34;40mvalidate/loss_mse_epoch[0m         |  [0;32;40m0.09400063008069992[0m   |
|       [0;34;40mvalidate/loss_mse_horizon_01[0m      |  [0;32;40m0.13617514073848724[0m   |
|    [0;34;40mvalidate/loss_mse_horizon_01_epoch[0m   |  [0;32;40m0.13617514073848724[0m   |
|       [0;34;40mvalidate/loss_mse_horizon_02[0m      |  [0;32;40m0.07278767973184586[0m   |
|    [0;34;40mvalidate/loss_mse_horizon_02_epoch[0m   |  [0;32;40m0.07278767973184586[0m   |
|       [0;34;40mvalidate/loss_mse_horizon_03[0m      |  [0;32;40m0.07303914427757263[0m   |
|    [0;34;40mvalidate/loss_mse_horizon_03_epoch[0m   |  [0;32;40m0.07303914427757263[0m   |
|           [0;34;40mvalidate/loss_total[0m           |   [0;32;40m0.576274037361145[0m    |
|        [0;34;40mvalidate/loss_total_epoch[0m        |   [0;32;40m0.576274037361145[0m    |
|    [0;34;40mvalidate/pairwise_cos_hist_bin_00[0m    |          [0;32;40m0.0[0m           |
| [0;34;40mvalidate/pairwise_cos_hist_bin_00_epoch[0m |          [0;32;40m0.0[0m           |
|    [0;34;40mvalidate/pairwise_cos_hist_bin_01[0m    |          [0;32;40m0.0[0m           |
| [0;34;40mvalidate/pairwise_cos_hist_bin_01_epoch[0m |          [0;32;40m0.0[0m           |
|    [0;34;40mvalidate/pairwise_cos_hist_bin_02[0m    |          [0;32;40m0.0[0m           |
| [0;34;40mvalidate/pairwise_cos_hist_bin_02_epoch[0m |          [0;32;40m0.0[0m           |
|    [0;34;40mvalidate/pairwise_cos_hist_bin_03[0m    |          [0;32;40m0.0[0m           |
| [0;34;40mvalidate/pairwise_cos_hist_bin_03_epoch[0m |          [0;32;40m0.0[0m           |
|    [0;34;40mvalidate/pairwise_cos_hist_bin_04[0m    |          [0;32;40m0.0[0m           |
| [0;34;40mvalidate/pairwise_cos_hist_bin_04_epoch[0m |          [0;32;40m0.0[0m           |
|    [0;34;40mvalidate/pairwise_cos_hist_bin_05[0m    |          [0;32;40m0.0[0m           |
| [0;34;40mvalidate/pairwise_cos_hist_bin_05_epoch[0m |          [0;32;40m0.0[0m           |
|    [0;34;40mvalidate/pairwise_cos_hist_bin_06[0m    | [0;32;40m1.4540045185640338e-06[0m |
| [0;34;40mvalidate/pairwise_cos_hist_bin_06_epoch[0m | [0;32;40m1.4540045185640338e-06[0m |
|    [0;34;40mvalidate/pairwise_cos_hist_bin_07[0m    |  [0;32;40m0.00445250840857625[0m   |
| [0;34;40mvalidate/pairwise_cos_hist_bin_07_epoch[0m |  [0;32;40m0.00445250840857625[0m   |
|    [0;34;40mvalidate/pairwise_cos_hist_bin_08[0m    |  [0;32;40m0.06113135442137718[0m   |
| [0;34;40mvalidate/pairwise_cos_hist_bin_08_epoch[0m |  [0;32;40m0.06113135442137718[0m   |
|    [0;34;40mvalidate/pairwise_cos_hist_bin_09[0m    |  [0;32;40m0.32334092259407043[0m   |
| [0;34;40mvalidate/pairwise_cos_hist_bin_09_epoch[0m |  [0;32;40m0.32334092259407043[0m   |
|    [0;34;40mvalidate/pairwise_cos_hist_bin_10[0m    |  [0;32;40m0.37589314579963684[0m   |
| [0;34;40mvalidate/pairwise_cos_hist_bin_10_epoch[0m |  [0;32;40m0.37589314579963684[0m   |
|    [0;34;40mvalidate/pairwise_cos_hist_bin_11[0m    |   [0;32;40m0.1298665553331375[0m   |
| [0;34;40mvalidate/pairwise_cos_hist_bin_11_epoch[0m |   [0;32;40m0.1298665553331375[0m   |
|    [0;34;40mvalidate/pairwise_cos_hist_bin_12[0m    |   [0;32;40m0.045760378241539[0m    |
| [0;34;40mvalidate/pairwise_cos_hist_bin_12_epoch[0m |   [0;32;40m0.045760378241539[0m    |
|    [0;34;40mvalidate/pairwise_cos_hist_bin_13[0m    |  [0;32;40m0.018860919401049614[0m  |
| [0;34;40mvalidate/pairwise_cos_hist_bin_13_epoch[0m |  [0;32;40m0.018860919401049614[0m  |
|    [0;34;40mvalidate/pairwise_cos_hist_bin_14[0m    |  [0;32;40m0.010149180889129639[0m  |
| [0;34;40mvalidate/pairwise_cos_hist_bin_14_epoch[0m |  [0;32;40m0.010149180889129639[0m  |
|    [0;34;40mvalidate/pairwise_cos_hist_bin_15[0m    |  [0;32;40m0.007232547737658024[0m  |
| [0;34;40mvalidate/pairwise_cos_hist_bin_15_epoch[0m |  [0;32;40m0.007232547737658024[0m  |
|    [0;34;40mvalidate/pairwise_cos_hist_bin_16[0m    |  [0;32;40m0.006242290139198303[0m  |
| [0;34;40mvalidate/pairwise_cos_hist_bin_16_epoch[0m |  [0;32;40m0.006242290139198303[0m  |
|    [0;34;40mvalidate/pairwise_cos_hist_bin_17[0m    |  [0;32;40m0.005542314611375332[0m  |
| [0;34;40mvalidate/pairwise_cos_hist_bin_17_epoch[0m |  [0;32;40m0.005542314611375332[0m  |
|    [0;34;40mvalidate/pairwise_cos_hist_bin_18[0m    | [0;32;40m0.0057128798216581345[0m  |
| [0;34;40mvalidate/pairwise_cos_hist_bin_18_epoch[0m | [0;32;40m0.0057128798216581345[0m  |
|    [0;34;40mvalidate/pairwise_cos_hist_bin_19[0m    |  [0;32;40m0.005813557654619217[0m  |
| [0;34;40mvalidate/pairwise_cos_hist_bin_19_epoch[0m |  [0;32;40m0.005813557654619217[0m  |
|        [0;34;40mvalidate/pairwise_cos_max[0m        |          [0;32;40m1.0[0m           |
|     [0;34;40mvalidate/pairwise_cos_max_epoch[0m     |          [0;32;40m1.0[0m           |
|        [0;34;40mvalidate/pairwise_cos_mean[0m       |  [0;32;40m0.056992724537849426[0m  |
|     [0;34;40mvalidate/pairwise_cos_mean_epoch[0m    |  [0;32;40m0.056992724537849426[0m  |
|        [0;34;40mvalidate/pairwise_cos_min[0m        |  [0;32;40m-0.2850901484489441[0m   |
|     [0;34;40mvalidate/pairwise_cos_min_epoch[0m     |  [0;32;40m-0.2850901484489441[0m   |
|        [0;34;40mvalidate/pairwise_cos_std[0m        |   [0;32;40m0.1636788547039032[0m   |
|     [0;34;40mvalidate/pairwise_cos_std_epoch[0m     |   [0;32;40m0.1636788547039032[0m   |
|            [0;34;40mvalidate/pred_loss[0m           |  [0;32;40m0.09400063008069992[0m   |
|         [0;34;40mvalidate/pred_loss_epoch[0m        |  [0;32;40m0.09400063008069992[0m   |
|           [0;34;40mvalidate/sigreg_loss[0m          |   [0;32;40m5.358465671539307[0m    |
|        [0;34;40mvalidate/sigreg_loss_epoch[0m       |   [0;32;40m5.358465671539307[0m    |
+-----------------------------------------+------------------------+
20:16:15 | INFO  | utils.py    | 📦📦📦 Model saved to /data1/Johnny/challenge/wrf/homework/outputs/stable-wm/checkpoints/lewm_reacher_15/weights_epoch_10.pt 📦📦📦
[Epoch 9/15] done in 1853.0s
20:16:15 | INFO  | checkpoint_~|   Checking for non PyTorch modules to save
20:16:15 | INFO  | atomic_chec~| [atomic_save] → /data1/Johnny/challenge/wrf/homework/outputs/home/.cache/stable-pretraining/runs/20260715/150757/246fc50c1277/checkpoints/epoch=9-step=15990.ckpt
20:16:16 | INFO  | atomic_chec~| [atomic_save] ✓ epoch=9-step=15990.ckpt saved (206.8 MiB, serialise=0.76s write=0.20s rename=0.1ms)
20:16:16 | INFO  | checkpoint_~|   Checking for non PyTorch modules to save
20:16:16 | INFO  | atomic_chec~| [atomic_save] → /data1/Johnny/challenge/wrf/homework/outputs/home/.cache/stable-pretraining/runs/20260715/150757/246fc50c1277/checkpoints/last.ckpt
20:16:17 | INFO  | atomic_chec~| [atomic_save] ✓ last.ckpt saved (206.8 MiB, serialise=0.32s write=0.20s rename=25.9ms)
[Epoch 10/15] step 50/1599 (0.8 it/s)
[Epoch 10/15] step 50/1599 (0.8 it/s)
[Epoch 10/15] step 50/1599 (0.8 it/s)
[Epoch 10/15] step 50/1599 (0.8 it/s)
[Epoch 10/15] step 50/1599 (0.8 it/s)
[Epoch 10/15] step 50/1599 (0.8 it/s)
[Epoch 10/15] step 50/1599 (0.8 it/s)
[Epoch 10/15] step 50/1599 (0.8 it/s)
[Epoch 10/15] step 100/1599 (0.9 it/s)
[Epoch 10/15] step 100/1599 (0.9 it/s)
[Epoch 10/15] step 100/1599 (0.9 it/s)
[Epoch 10/15] step 100/1599 (0.9 it/s)
[Epoch 10/15] step 100/1599 (0.9 it/s)
[Epoch 10/15] step 100/1599 (0.9 it/s)
[Epoch 10/15] step 100/1599 (0.9 it/s)
[Epoch 10/15] step 100/1599 (0.9 it/s)
[Epoch 10/15] step 150/1599 (0.9 it/s)
[Epoch 10/15] step 150/1599 (0.9 it/s)
[Epoch 10/15] step 150/1599 (0.9 it/s)
[Epoch 10/15] step 150/1599 (0.9 it/s)
[Epoch 10/15] step 150/1599 (0.9 it/s)
[Epoch 10/15] step 150/1599 (0.9 it/s)
[Epoch 10/15] step 150/1599 (0.9 it/s)
[Epoch 10/15] step 150/1599 (0.9 it/s)
[Epoch 10/15] step 200/1599 (0.9 it/s)
[Epoch 10/15] step 200/1599 (0.9 it/s)
[Epoch 10/15] step 200/1599 (0.9 it/s)
[Epoch 10/15] step 200/1599 (0.9 it/s)
[Epoch 10/15] step 200/1599 (0.9 it/s)
[Epoch 10/15] step 200/1599 (0.9 it/s)
[Epoch 10/15] step 200/1599 (0.9 it/s)
[Epoch 10/15] step 200/1599 (0.9 it/s)
[Epoch 10/15] step 250/1599 (0.9 it/s)
[Epoch 10/15] step 250/1599 (0.9 it/s)
[Epoch 10/15] step 250/1599 (0.9 it/s)
[Epoch 10/15] step 250/1599 (0.9 it/s)
[Epoch 10/15] step 250/1599 (0.9 it/s)
[Epoch 10/15] step 250/1599 (0.9 it/s)
[Epoch 10/15] step 250/1599 (0.9 it/s)
[Epoch 10/15] step 250/1599 (0.9 it/s)
[Epoch 10/15] step 300/1599 (0.9 it/s)
[Epoch 10/15] step 300/1599 (0.9 it/s)
[Epoch 10/15] step 300/1599 (0.9 it/s)
[Epoch 10/15] step 300/1599 (0.9 it/s)
[Epoch 10/15] step 300/1599 (0.9 it/s)
[Epoch 10/15] step 300/1599 (0.9 it/s)
[Epoch 10/15] step 300/1599 (0.9 it/s)
[Epoch 10/15] step 300/1599 (0.9 it/s)
[Epoch 10/15] step 350/1599 (0.9 it/s)
[Epoch 10/15] step 350/1599 (0.9 it/s)
[Epoch 10/15] step 350/1599 (0.9 it/s)
[Epoch 10/15] step 350/1599 (0.9 it/s)
[Epoch 10/15] step 350/1599 (0.9 it/s)
[Epoch 10/15] step 350/1599 (0.9 it/s)
[Epoch 10/15] step 350/1599 (0.9 it/s)
[Epoch 10/15] step 350/1599 (0.9 it/s)
[Epoch 10/15] step 400/1599 (0.9 it/s)
[Epoch 10/15] step 400/1599 (0.9 it/s)
[Epoch 10/15] step 400/1599 (0.9 it/s)
[Epoch 10/15] step 400/1599 (0.9 it/s)
[Epoch 10/15] step 400/1599 (0.9 it/s)
[Epoch 10/15] step 400/1599 (0.9 it/s)
[Epoch 10/15] step 400/1599 (0.9 it/s)
[Epoch 10/15] step 400/1599 (0.9 it/s)
[Epoch 10/15] step 450/1599 (0.9 it/s)
[Epoch 10/15] step 450/1599 (0.9 it/s)
[Epoch 10/15] step 450/1599 (0.9 it/s)
[Epoch 10/15] step 450/1599 (0.9 it/s)
[Epoch 10/15] step 450/1599 (0.9 it/s)
[Epoch 10/15] step 450/1599 (0.9 it/s)
[Epoch 10/15] step 450/1599 (0.9 it/s)
[Epoch 10/15] step 450/1599 (0.9 it/s)
[Epoch 10/15] step 500/1599 (1.0 it/s)
[Epoch 10/15] step 500/1599 (1.0 it/s)
[Epoch 10/15] step 500/1599 (1.0 it/s)
[Epoch 10/15] step 500/1599 (1.0 it/s)
[Epoch 10/15] step 500/1599 (1.0 it/s)
[Epoch 10/15] step 500/1599 (1.0 it/s)
[Epoch 10/15] step 500/1599 (1.0 it/s)
[Epoch 10/15] step 500/1599 (1.0 it/s)
[Epoch 10/15] step 550/1599 (1.0 it/s)
[Epoch 10/15] step 550/1599 (1.0 it/s)
[Epoch 10/15] step 550/1599 (1.0 it/s)
[Epoch 10/15] step 550/1599 (1.0 it/s)
[Epoch 10/15] step 550/1599 (1.0 it/s)
[Epoch 10/15] step 550/1599 (1.0 it/s)
[Epoch 10/15] step 550/1599 (1.0 it/s)
[Epoch 10/15] step 550/1599 (1.0 it/s)
[Epoch 10/15] step 600/1599 (1.0 it/s)
[Epoch 10/15] step 600/1599 (1.0 it/s)
[Epoch 10/15] step 600/1599 (1.0 it/s)
[Epoch 10/15] step 600/1599 (1.0 it/s)
[Epoch 10/15] step 600/1599 (1.0 it/s)
[Epoch 10/15] step 600/1599 (1.0 it/s)
[Epoch 10/15] step 600/1599 (1.0 it/s)
[Epoch 10/15] step 600/1599 (1.0 it/s)
[Epoch 10/15] step 650/1599 (1.0 it/s)
[Epoch 10/15] step 650/1599 (1.0 it/s)
[Epoch 10/15] step 650/1599 (1.0 it/s)
[Epoch 10/15] step 650/1599 (1.0 it/s)
[Epoch 10/15] step 650/1599 (1.0 it/s)
[Epoch 10/15] step 650/1599 (1.0 it/s)
[Epoch 10/15] step 650/1599 (1.0 it/s)
[Epoch 10/15] step 650/1599 (1.0 it/s)
[Epoch 10/15] step 700/1599 (1.0 it/s)
[Epoch 10/15] step 700/1599 (1.0 it/s)
[Epoch 10/15] step 700/1599 (1.0 it/s)
[Epoch 10/15] step 700/1599 (1.0 it/s)
[Epoch 10/15] step 700/1599 (1.0 it/s)
[Epoch 10/15] step 700/1599 (1.0 it/s)
[Epoch 10/15] step 700/1599 (1.0 it/s)
[Epoch 10/15] step 700/1599 (1.0 it/s)
[Epoch 10/15] step 750/1599 (1.0 it/s)
[Epoch 10/15] step 750/1599 (1.0 it/s)
[Epoch 10/15] step 750/1599 (1.0 it/s)
[Epoch 10/15] step 750/1599 (1.0 it/s)
[Epoch 10/15] step 750/1599 (1.0 it/s)
[Epoch 10/15] step 750/1599 (1.0 it/s)
[Epoch 10/15] step 750/1599 (1.0 it/s)
[Epoch 10/15] step 750/1599 (1.0 it/s)
[Epoch 10/15] step 800/1599 (1.0 it/s)
[Epoch 10/15] step 800/1599 (1.0 it/s)
[Epoch 10/15] step 800/1599 (1.0 it/s)
[Epoch 10/15] step 800/1599 (1.0 it/s)
[Epoch 10/15] step 800/1599 (1.0 it/s)
[Epoch 10/15] step 800/1599 (1.0 it/s)
[Epoch 10/15] step 800/1599 (1.0 it/s)
[Epoch 10/15] step 800/1599 (1.0 it/s)
[Epoch 10/15] step 850/1599 (1.0 it/s)
[Epoch 10/15] step 850/1599 (1.0 it/s)
[Epoch 10/15] step 850/1599 (1.0 it/s)
[Epoch 10/15] step 850/1599 (1.0 it/s)
[Epoch 10/15] step 850/1599 (1.0 it/s)
[Epoch 10/15] step 850/1599 (1.0 it/s)
[Epoch 10/15] step 850/1599 (1.0 it/s)
[Epoch 10/15] step 850/1599 (1.0 it/s)
[Epoch 10/15] step 900/1599 (1.0 it/s)
[Epoch 10/15] step 900/1599 (1.0 it/s)
[Epoch 10/15] step 900/1599 (1.0 it/s)
[Epoch 10/15] step 900/1599 (1.0 it/s)
[Epoch 10/15] step 900/1599 (1.0 it/s)
[Epoch 10/15] step 900/1599 (1.0 it/s)
[Epoch 10/15] step 900/1599 (1.0 it/s)
[Epoch 10/15] step 900/1599 (1.0 it/s)
[Epoch 10/15] step 950/1599 (1.0 it/s)
[Epoch 10/15] step 950/1599 (1.0 it/s)
[Epoch 10/15] step 950/1599 (1.0 it/s)
[Epoch 10/15] step 950/1599 (1.0 it/s)
[Epoch 10/15] step 950/1599 (1.0 it/s)
[Epoch 10/15] step 950/1599 (1.0 it/s)
[Epoch 10/15] step 950/1599 (1.0 it/s)
[Epoch 10/15] step 950/1599 (1.0 it/s)
[Epoch 10/15] step 1000/1599 (1.0 it/s)
[Epoch 10/15] step 1000/1599 (1.0 it/s)
[Epoch 10/15] step 1000/1599 (1.0 it/s)
[Epoch 10/15] step 1000/1599 (1.0 it/s)
[Epoch 10/15] step 1000/1599 (1.0 it/s)
[Epoch 10/15] step 1000/1599 (1.0 it/s)
[Epoch 10/15] step 1000/1599 (1.0 it/s)
[Epoch 10/15] step 1000/1599 (1.0 it/s)
[Epoch 10/15] step 1050/1599 (1.0 it/s)
[Epoch 10/15] step 1050/1599 (1.0 it/s)
[Epoch 10/15] step 1050/1599 (1.0 it/s)
[Epoch 10/15] step 1050/1599 (1.0 it/s)
[Epoch 10/15] step 1050/1599 (1.0 it/s)
[Epoch 10/15] step 1050/1599 (1.0 it/s)
[Epoch 10/15] step 1050/1599 (1.0 it/s)
[Epoch 10/15] step 1050/1599 (1.0 it/s)
[Epoch 10/15] step 1100/1599 (1.0 it/s)
[Epoch 10/15] step 1100/1599 (1.0 it/s)
[Epoch 10/15] step 1100/1599 (1.0 it/s)
[Epoch 10/15] step 1100/1599 (1.0 it/s)
[Epoch 10/15] step 1100/1599 (1.0 it/s)
[Epoch 10/15] step 1100/1599 (1.0 it/s)
[Epoch 10/15] step 1100/1599 (1.0 it/s)
[Epoch 10/15] step 1100/1599 (1.0 it/s)
[Epoch 10/15] step 1150/1599 (1.0 it/s)
[Epoch 10/15] step 1150/1599 (1.0 it/s)
[Epoch 10/15] step 1150/1599 (1.0 it/s)
[Epoch 10/15] step 1150/1599 (1.0 it/s)
[Epoch 10/15] step 1150/1599 (1.0 it/s)
[Epoch 10/15] step 1150/1599 (1.0 it/s)
[Epoch 10/15] step 1150/1599 (1.0 it/s)
[Epoch 10/15] step 1150/1599 (1.0 it/s)
[Epoch 10/15] step 1200/1599 (1.0 it/s)
[Epoch 10/15] step 1200/1599 (1.0 it/s)
[Epoch 10/15] step 1200/1599 (1.0 it/s)
[Epoch 10/15] step 1200/1599 (1.0 it/s)
[Epoch 10/15] step 1200/1599 (1.0 it/s)
[Epoch 10/15] step 1200/1599 (1.0 it/s)
[Epoch 10/15] step 1200/1599 (1.0 it/s)
[Epoch 10/15] step 1200/1599 (1.0 it/s)
[Epoch 10/15] step 1250/1599 (1.0 it/s)
[Epoch 10/15] step 1250/1599 (1.0 it/s)
[Epoch 10/15] step 1250/1599 (1.0 it/s)
[Epoch 10/15] step 1250/1599 (1.0 it/s)
[Epoch 10/15] step 1250/1599 (1.0 it/s)
[Epoch 10/15] step 1250/1599 (1.0 it/s)
[Epoch 10/15] step 1250/1599 (1.0 it/s)
[Epoch 10/15] step 1250/1599 (1.0 it/s)
[Epoch 10/15] step 1300/1599 (1.0 it/s)
[Epoch 10/15] step 1300/1599 (1.0 it/s)
[Epoch 10/15] step 1300/1599 (1.0 it/s)
[Epoch 10/15] step 1300/1599 (1.0 it/s)
[Epoch 10/15] step 1300/1599 (1.0 it/s)
[Epoch 10/15] step 1300/1599 (1.0 it/s)
[Epoch 10/15] step 1300/1599 (1.0 it/s)
[Epoch 10/15] step 1300/1599 (1.0 it/s)
[Epoch 10/15] step 1350/1599 (1.0 it/s)
[Epoch 10/15] step 1350/1599 (1.0 it/s)
[Epoch 10/15] step 1350/1599 (1.0 it/s)
[Epoch 10/15] step 1350/1599 (1.0 it/s)
[Epoch 10/15] step 1350/1599 (1.0 it/s)
[Epoch 10/15] step 1350/1599 (1.0 it/s)
[Epoch 10/15] step 1350/1599 (1.0 it/s)
[Epoch 10/15] step 1350/1599 (1.0 it/s)
[Epoch 10/15] step 1400/1599 (1.0 it/s)
[Epoch 10/15] step 1400/1599 (1.0 it/s)
[Epoch 10/15] step 1400/1599 (1.0 it/s)
[Epoch 10/15] step 1400/1599 (1.0 it/s)
[Epoch 10/15] step 1400/1599 (1.0 it/s)
[Epoch 10/15] step 1400/1599 (1.0 it/s)
[Epoch 10/15] step 1400/1599 (1.0 it/s)
[Epoch 10/15] step 1400/1599 (1.0 it/s)
[Epoch 10/15] step 1450/1599 (1.0 it/s)
[Epoch 10/15] step 1450/1599 (1.0 it/s)
[Epoch 10/15] step 1450/1599 (1.0 it/s)
[Epoch 10/15] step 1450/1599 (1.0 it/s)
[Epoch 10/15] step 1450/1599 (1.0 it/s)
[Epoch 10/15] step 1450/1599 (1.0 it/s)
[Epoch 10/15] step 1450/1599 (1.0 it/s)
[Epoch 10/15] step 1450/1599 (1.0 it/s)
[Epoch 10/15] step 1500/1599 (1.0 it/s)
[Epoch 10/15] step 1500/1599 (1.0 it/s)
[Epoch 10/15] step 1500/1599 (1.0 it/s)
[Epoch 10/15] step 1500/1599 (1.0 it/s)
[Epoch 10/15] step 1500/1599 (1.0 it/s)
[Epoch 10/15] step 1500/1599 (1.0 it/s)
[Epoch 10/15] step 1500/1599 (1.0 it/s)
[Epoch 10/15] step 1500/1599 (1.0 it/s)
[Epoch 10/15] step 1550/1599 (1.0 it/s)
[Epoch 10/15] step 1550/1599 (1.0 it/s)
[Epoch 10/15] step 1550/1599 (1.0 it/s)
[Epoch 10/15] step 1550/1599 (1.0 it/s)
[Epoch 10/15] step 1550/1599 (1.0 it/s)
[Epoch 10/15] step 1550/1599 (1.0 it/s)
[Epoch 10/15] step 1550/1599 (1.0 it/s)
[Epoch 10/15] step 1550/1599 (1.0 it/s)
[Epoch 10/15] done in 1851.8s
[Epoch 10/15] done in 1851.8s
[Epoch 10/15] done in 1851.8s
[Epoch 10/15] done in 1851.8s
[Epoch 10/15] done in 1851.8s
[Epoch 10/15] done in 1851.8s
[Epoch 10/15] done in 1851.8s
20:47:08 | INFO  | trainer_inf~| \n+-----------------------------------------+------------------------+
|                  Metric                 |         Value          |
+-----------------------------------------+------------------------+
|           [0;34;40mfit/active_dim_count[0m          |         [0;32;40m192.0[0m          |
|             [0;34;40mfit/latent_mean[0m             | [0;32;40m0.00023839737696107477[0m |
|             [0;34;40mfit/latent_norm[0m             |   [0;32;40m13.543466567993164[0m   |
|              [0;34;40mfit/latent_std[0m             |   [0;32;40m0.979739785194397[0m    |
|           [0;34;40mfit/learning_rate_0[0m           | [0;32;40m8.428981345787179e-06[0m  |
|                 [0;34;40mfit/loss[0m                |   [0;32;40m0.162987619638443[0m    |
|           [0;34;40mfit/loss_future_cos[0m           |  [0;32;40m0.018223121762275696[0m  |
|            [0;34;40mfit/loss_future_l1[0m           |      [0;32;40m0.115234375[0m       |
|               [0;34;40mfit/loss_mse[0m              |  [0;32;40m0.03371515870094299[0m   |
|         [0;34;40mfit/loss_mse_horizon_01[0m         |  [0;32;40m0.08441135287284851[0m   |
|         [0;34;40mfit/loss_mse_horizon_02[0m         |  [0;32;40m0.008510367013514042[0m  |
|         [0;34;40mfit/loss_mse_horizon_03[0m         |  [0;32;40m0.008223741315305233[0m  |
|              [0;34;40mfit/loss_total[0m             |   [0;32;40m0.162987619638443[0m    |
|       [0;34;40mfit/pairwise_cos_hist_bin_00[0m      |          [0;32;40m0.0[0m           |
|       [0;34;40mfit/pairwise_cos_hist_bin_01[0m      |          [0;32;40m0.0[0m           |
|       [0;34;40mfit/pairwise_cos_hist_bin_02[0m      |          [0;32;40m0.0[0m           |
|       [0;34;40mfit/pairwise_cos_hist_bin_03[0m      |          [0;32;40m0.0[0m           |
|       [0;34;40mfit/pairwise_cos_hist_bin_04[0m      |          [0;32;40m0.0[0m           |
|       [0;34;40mfit/pairwise_cos_hist_bin_05[0m      |          [0;32;40m0.0[0m           |
|       [0;34;40mfit/pairwise_cos_hist_bin_06[0m      |  [0;32;40m7.07099970895797e-05[0m  |
|       [0;34;40mfit/pairwise_cos_hist_bin_07[0m      |  [0;32;40m0.013487455435097218[0m  |
|       [0;34;40mfit/pairwise_cos_hist_bin_08[0m      |  [0;32;40m0.13093486428260803[0m   |
|       [0;34;40mfit/pairwise_cos_hist_bin_09[0m      |   [0;32;40m0.5109877586364746[0m   |
|       [0;34;40mfit/pairwise_cos_hist_bin_10[0m      |  [0;32;40m0.24833834171295166[0m   |
|       [0;34;40mfit/pairwise_cos_hist_bin_11[0m      |  [0;32;40m0.04325636476278305[0m   |
|       [0;34;40mfit/pairwise_cos_hist_bin_12[0m      |  [0;32;40m0.013517077080905437[0m  |
|       [0;34;40mfit/pairwise_cos_hist_bin_13[0m      |  [0;32;40m0.007550681941211224[0m  |
|       [0;34;40mfit/pairwise_cos_hist_bin_14[0m      |  [0;32;40m0.006363900378346443[0m  |
|       [0;34;40mfit/pairwise_cos_hist_bin_15[0m      |  [0;32;40m0.005725599825382233[0m  |
|       [0;34;40mfit/pairwise_cos_hist_bin_16[0m      |  [0;32;40m0.005229674279689789[0m  |
|       [0;34;40mfit/pairwise_cos_hist_bin_17[0m      |  [0;32;40m0.004696482326835394[0m  |
|       [0;34;40mfit/pairwise_cos_hist_bin_18[0m      |  [0;32;40m0.004990788642317057[0m  |
|       [0;34;40mfit/pairwise_cos_hist_bin_19[0m      |  [0;32;40m0.004850324243307114[0m  |
|           [0;34;40mfit/pairwise_cos_max[0m          |          [0;32;40m1.0[0m           |
|          [0;34;40mfit/pairwise_cos_mean[0m          | [0;32;40m-0.001804351806640625[0m  |
|           [0;34;40mfit/pairwise_cos_min[0m          |    [0;32;40m-0.308837890625[0m     |
|           [0;34;40mfit/pairwise_cos_std[0m          |      [0;32;40m0.1533203125[0m      |
|              [0;34;40mfit/pred_loss[0m              |  [0;32;40m0.03371515870094299[0m   |
|           [0;34;40mfit/samples_per_sec[0m           |   [0;32;40m1758.348876953125[0m    |
|             [0;34;40mfit/sigreg_loss[0m             |      [0;32;40m1.435546875[0m       |
|           [0;34;40mhardware/cpu_percent[0m          |   [0;32;40m34.400001525878906[0m   |
|         [0;34;40mhardware/disk_read_mb_s[0m         |          [0;32;40m0.0[0m           |
|         [0;34;40mhardware/disk_write_mb_s[0m        |  [0;32;40m0.20769202709197998[0m   |
|          [0;34;40mhardware/net_recv_mb_s[0m         |  [0;32;40m0.007996784523129463[0m  |
|          [0;34;40mhardware/net_sent_mb_s[0m         |  [0;32;40m0.005928129889070988[0m  |
|           [0;34;40mhardware/ram_used_gb[0m          |    [0;32;40m530.150146484375[0m    |
|          [0;34;40mhardware/ram_used_pct[0m          |   [0;32;40m28.399999618530273[0m   |
|           [0;34;40mhparams/lr_default_0[0m          | [0;32;40m8.428981345787179e-06[0m  |
|        [0;34;40mvalidate/active_dim_count[0m        |         [0;32;40m192.0[0m          |
|     [0;34;40mvalidate/active_dim_count_epoch[0m     |         [0;32;40m192.0[0m          |
|           [0;34;40mvalidate/latent_mean[0m          |  [0;32;40m0.020263683050870895[0m  |
|        [0;34;40mvalidate/latent_mean_epoch[0m       |  [0;32;40m0.020263683050870895[0m  |
|           [0;34;40mvalidate/latent_norm[0m          |   [0;32;40m14.115828514099121[0m   |
|        [0;34;40mvalidate/latent_norm_epoch[0m       |   [0;32;40m14.115828514099121[0m   |
|           [0;34;40mvalidate/latent_std[0m           |   [0;32;40m1.028539776802063[0m    |
|        [0;34;40mvalidate/latent_std_epoch[0m        |   [0;32;40m1.028539776802063[0m    |
|              [0;34;40mvalidate/loss[0m              |   [0;32;40m0.5425000190734863[0m   |
|           [0;34;40mvalidate/loss_epoch[0m           |   [0;32;40m0.5425000190734863[0m   |
|         [0;34;40mvalidate/loss_future_cos[0m        |  [0;32;40m0.051355548202991486[0m  |
|      [0;34;40mvalidate/loss_future_cos_epoch[0m     |  [0;32;40m0.051355548202991486[0m  |
|         [0;34;40mvalidate/loss_future_l1[0m         |   [0;32;40m0.2527685761451721[0m   |
|      [0;34;40mvalidate/loss_future_l1_epoch[0m      |   [0;32;40m0.2527685761451721[0m   |
|            [0;34;40mvalidate/loss_mse[0m            |   [0;32;40m0.1093577966094017[0m   |
|         [0;34;40mvalidate/loss_mse_epoch[0m         |   [0;32;40m0.1093577966094017[0m   |
|       [0;34;40mvalidate/loss_mse_horizon_01[0m      |  [0;32;40m0.15276946127414703[0m   |
|    [0;34;40mvalidate/loss_mse_horizon_01_epoch[0m   |  [0;32;40m0.15276946127414703[0m   |
|       [0;34;40mvalidate/loss_mse_horizon_02[0m      |  [0;32;40m0.08753737807273865[0m   |
|    [0;34;40mvalidate/loss_mse_horizon_02_epoch[0m   |  [0;32;40m0.08753737807273865[0m   |
|       [0;34;40mvalidate/loss_mse_horizon_03[0m      |  [0;32;40m0.08776657283306122[0m   |
|    [0;34;40mvalidate/loss_mse_horizon_03_epoch[0m   |  [0;32;40m0.08776657283306122[0m   |
|           [0;34;40mvalidate/loss_total[0m           |   [0;32;40m0.5425000190734863[0m   |
|        [0;34;40mvalidate/loss_total_epoch[0m        |   [0;32;40m0.5425000190734863[0m   |
|    [0;34;40mvalidate/pairwise_cos_hist_bin_00[0m    |          [0;32;40m0.0[0m           |
| [0;34;40mvalidate/pairwise_cos_hist_bin_00_epoch[0m |          [0;32;40m0.0[0m           |
|    [0;34;40mvalidate/pairwise_cos_hist_bin_01[0m    |          [0;32;40m0.0[0m           |
| [0;34;40mvalidate/pairwise_cos_hist_bin_01_epoch[0m |          [0;32;40m0.0[0m           |
|    [0;34;40mvalidate/pairwise_cos_hist_bin_02[0m    |          [0;32;40m0.0[0m           |
| [0;34;40mvalidate/pairwise_cos_hist_bin_02_epoch[0m |          [0;32;40m0.0[0m           |
|    [0;34;40mvalidate/pairwise_cos_hist_bin_03[0m    |          [0;32;40m0.0[0m           |
| [0;34;40mvalidate/pairwise_cos_hist_bin_03_epoch[0m |          [0;32;40m0.0[0m           |
|    [0;34;40mvalidate/pairwise_cos_hist_bin_04[0m    |          [0;32;40m0.0[0m           |
| [0;34;40mvalidate/pairwise_cos_hist_bin_04_epoch[0m |          [0;32;40m0.0[0m           |
|    [0;34;40mvalidate/pairwise_cos_hist_bin_05[0m    |          [0;32;40m0.0[0m           |
| [0;34;40mvalidate/pairwise_cos_hist_bin_05_epoch[0m |          [0;32;40m0.0[0m           |
|    [0;34;40mvalidate/pairwise_cos_hist_bin_06[0m    | [0;32;40m4.043885201099329e-05[0m  |
| [0;34;40mvalidate/pairwise_cos_hist_bin_06_epoch[0m | [0;32;40m4.043885201099329e-05[0m  |
|    [0;34;40mvalidate/pairwise_cos_hist_bin_07[0m    |  [0;32;40m0.005053045693784952[0m  |
| [0;34;40mvalidate/pairwise_cos_hist_bin_07_epoch[0m |  [0;32;40m0.005053045693784952[0m  |
|    [0;34;40mvalidate/pairwise_cos_hist_bin_08[0m    |  [0;32;40m0.07011491805315018[0m   |
| [0;34;40mvalidate/pairwise_cos_hist_bin_08_epoch[0m |  [0;32;40m0.07011491805315018[0m   |
|    [0;34;40mvalidate/pairwise_cos_hist_bin_09[0m    |   [0;32;40m0.3731362521648407[0m   |
| [0;34;40mvalidate/pairwise_cos_hist_bin_09_epoch[0m |   [0;32;40m0.3731362521648407[0m   |
|    [0;34;40mvalidate/pairwise_cos_hist_bin_10[0m    |   [0;32;40m0.3400424122810364[0m   |
| [0;34;40mvalidate/pairwise_cos_hist_bin_10_epoch[0m |   [0;32;40m0.3400424122810364[0m   |
|    [0;34;40mvalidate/pairwise_cos_hist_bin_11[0m    |  [0;32;40m0.10992893576622009[0m   |
| [0;34;40mvalidate/pairwise_cos_hist_bin_11_epoch[0m |  [0;32;40m0.10992893576622009[0m   |
|    [0;34;40mvalidate/pairwise_cos_hist_bin_12[0m    |  [0;32;40m0.04174566641449928[0m   |
| [0;34;40mvalidate/pairwise_cos_hist_bin_12_epoch[0m |  [0;32;40m0.04174566641449928[0m   |
|    [0;34;40mvalidate/pairwise_cos_hist_bin_13[0m    |  [0;32;40m0.019227029755711555[0m  |
| [0;34;40mvalidate/pairwise_cos_hist_bin_13_epoch[0m |  [0;32;40m0.019227029755711555[0m  |
|    [0;34;40mvalidate/pairwise_cos_hist_bin_14[0m    |  [0;32;40m0.01023981161415577[0m   |
| [0;34;40mvalidate/pairwise_cos_hist_bin_14_epoch[0m |  [0;32;40m0.01023981161415577[0m   |
|    [0;34;40mvalidate/pairwise_cos_hist_bin_15[0m    |  [0;32;40m0.00713501637801528[0m   |
| [0;34;40mvalidate/pairwise_cos_hist_bin_15_epoch[0m |  [0;32;40m0.00713501637801528[0m   |
|    [0;34;40mvalidate/pairwise_cos_hist_bin_16[0m    |  [0;32;40m0.006292529869824648[0m  |
| [0;34;40mvalidate/pairwise_cos_hist_bin_16_epoch[0m |  [0;32;40m0.006292529869824648[0m  |
|    [0;34;40mvalidate/pairwise_cos_hist_bin_17[0m    | [0;32;40m0.0055490946397185326[0m  |
| [0;34;40mvalidate/pairwise_cos_hist_bin_17_epoch[0m | [0;32;40m0.0055490946397185326[0m  |
|    [0;34;40mvalidate/pairwise_cos_hist_bin_18[0m    | [0;32;40m0.0056782993488013744[0m  |
| [0;34;40mvalidate/pairwise_cos_hist_bin_18_epoch[0m | [0;32;40m0.0056782993488013744[0m  |
|    [0;34;40mvalidate/pairwise_cos_hist_bin_19[0m    |  [0;32;40m0.005816599354147911[0m  |
| [0;34;40mvalidate/pairwise_cos_hist_bin_19_epoch[0m |  [0;32;40m0.005816599354147911[0m  |
|        [0;34;40mvalidate/pairwise_cos_max[0m        |          [0;32;40m1.0[0m           |
|     [0;34;40mvalidate/pairwise_cos_max_epoch[0m     |          [0;32;40m1.0[0m           |
|        [0;34;40mvalidate/pairwise_cos_mean[0m       |  [0;32;40m0.047411732375621796[0m  |
|     [0;34;40mvalidate/pairwise_cos_mean_epoch[0m    |  [0;32;40m0.047411732375621796[0m  |
|        [0;34;40mvalidate/pairwise_cos_min[0m        |  [0;32;40m-0.31762075424194336[0m  |
|     [0;34;40mvalidate/pairwise_cos_min_epoch[0m     |  [0;32;40m-0.31762075424194336[0m  |
|        [0;34;40mvalidate/pairwise_cos_std[0m        |  [0;32;40m0.16556233167648315[0m   |
|     [0;34;40mvalidate/pairwise_cos_std_epoch[0m     |  [0;32;40m0.16556233167648315[0m   |
|            [0;34;40mvalidate/pred_loss[0m           |   [0;32;40m0.1093577966094017[0m   |
|         [0;34;40mvalidate/pred_loss_epoch[0m        |   [0;32;40m0.1093577966094017[0m   |
|           [0;34;40mvalidate/sigreg_loss[0m          |   [0;32;40m4.812620162963867[0m    |
|        [0;34;40mvalidate/sigreg_loss_epoch[0m       |   [0;32;40m4.812620162963867[0m    |
+-----------------------------------------+------------------------+
20:47:08 | INFO  | utils.py    | 📦📦📦 Model saved to /data1/Johnny/challenge/wrf/homework/outputs/stable-wm/checkpoints/lewm_reacher_15/weights_epoch_11.pt 📦📦📦
[Epoch 10/15] done in 1851.9s
20:47:08 | INFO  | checkpoint_~|   Checking for non PyTorch modules to save
20:47:08 | INFO  | atomic_chec~| [atomic_save] → /data1/Johnny/challenge/wrf/homework/outputs/home/.cache/stable-pretraining/runs/20260715/150757/246fc50c1277/checkpoints/epoch=10-step=17589.ckpt
20:47:09 | INFO  | atomic_chec~| [atomic_save] ✓ epoch=10-step=17589.ckpt saved (206.8 MiB, serialise=0.33s write=0.24s rename=0.1ms)
20:47:09 | INFO  | checkpoint_~|   Checking for non PyTorch modules to save
20:47:09 | INFO  | atomic_chec~| [atomic_save] → /data1/Johnny/challenge/wrf/homework/outputs/home/.cache/stable-pretraining/runs/20260715/150757/246fc50c1277/checkpoints/last.ckpt
20:47:10 | INFO  | atomic_chec~| [atomic_save] ✓ last.ckpt saved (206.8 MiB, serialise=0.33s write=0.19s rename=32.8ms)
[Epoch 11/15] step 50/1599 (0.8 it/s)
[Epoch 11/15] step 50/1599 (0.8 it/s)
[Epoch 11/15] step 50/1599 (0.8 it/s)
[Epoch 11/15] step 50/1599 (0.8 it/s)
[Epoch 11/15] step 50/1599 (0.8 it/s)
[Epoch 11/15] step 50/1599 (0.8 it/s)
[Epoch 11/15] step 50/1599 (0.8 it/s)
[Epoch 11/15] step 50/1599 (0.8 it/s)
[Epoch 11/15] step 100/1599 (0.9 it/s)
[Epoch 11/15] step 100/1599 (0.9 it/s)
[Epoch 11/15] step 100/1599 (0.9 it/s)
[Epoch 11/15] step 100/1599 (0.9 it/s)
[Epoch 11/15] step 100/1599 (0.9 it/s)
[Epoch 11/15] step 100/1599 (0.9 it/s)
[Epoch 11/15] step 100/1599 (0.9 it/s)
[Epoch 11/15] step 100/1599 (0.9 it/s)
[Epoch 11/15] step 150/1599 (0.9 it/s)
[Epoch 11/15] step 150/1599 (0.9 it/s)
[Epoch 11/15] step 150/1599 (0.9 it/s)
[Epoch 11/15] step 150/1599 (0.9 it/s)
[Epoch 11/15] step 150/1599 (0.9 it/s)
[Epoch 11/15] step 150/1599 (0.9 it/s)
[Epoch 11/15] step 150/1599 (0.9 it/s)
[Epoch 11/15] step 150/1599 (0.9 it/s)
[Epoch 11/15] step 200/1599 (0.9 it/s)
[Epoch 11/15] step 200/1599 (0.9 it/s)
[Epoch 11/15] step 200/1599 (0.9 it/s)
[Epoch 11/15] step 200/1599 (0.9 it/s)
[Epoch 11/15] step 200/1599 (0.9 it/s)
[Epoch 11/15] step 200/1599 (0.9 it/s)
[Epoch 11/15] step 200/1599 (0.9 it/s)
[Epoch 11/15] step 200/1599 (0.9 it/s)
[Epoch 11/15] step 250/1599 (0.9 it/s)
[Epoch 11/15] step 250/1599 (0.9 it/s)
[Epoch 11/15] step 250/1599 (0.9 it/s)
[Epoch 11/15] step 250/1599 (0.9 it/s)
[Epoch 11/15] step 250/1599 (0.9 it/s)
[Epoch 11/15] step 250/1599 (0.9 it/s)
[Epoch 11/15] step 250/1599 (0.9 it/s)
[Epoch 11/15] step 250/1599 (0.9 it/s)
[Epoch 11/15] step 300/1599 (0.9 it/s)
[Epoch 11/15] step 300/1599 (0.9 it/s)
[Epoch 11/15] step 300/1599 (0.9 it/s)
[Epoch 11/15] step 300/1599 (0.9 it/s)
[Epoch 11/15] step 300/1599 (0.9 it/s)
[Epoch 11/15] step 300/1599 (0.9 it/s)
[Epoch 11/15] step 300/1599 (0.9 it/s)
[Epoch 11/15] step 300/1599 (0.9 it/s)
[Epoch 11/15] step 350/1599 (0.9 it/s)
[Epoch 11/15] step 350/1599 (0.9 it/s)
[Epoch 11/15] step 350/1599 (0.9 it/s)
[Epoch 11/15] step 350/1599 (0.9 it/s)
[Epoch 11/15] step 350/1599 (0.9 it/s)
[Epoch 11/15] step 350/1599 (0.9 it/s)
[Epoch 11/15] step 350/1599 (0.9 it/s)
[Epoch 11/15] step 350/1599 (0.9 it/s)
[Epoch 11/15] step 400/1599 (0.9 it/s)
[Epoch 11/15] step 400/1599 (0.9 it/s)
[Epoch 11/15] step 400/1599 (0.9 it/s)
[Epoch 11/15] step 400/1599 (0.9 it/s)
[Epoch 11/15] step 400/1599 (0.9 it/s)
[Epoch 11/15] step 400/1599 (0.9 it/s)
[Epoch 11/15] step 400/1599 (0.9 it/s)
[Epoch 11/15] step 400/1599 (0.9 it/s)
[Epoch 11/15] step 450/1599 (0.9 it/s)
[Epoch 11/15] step 450/1599 (0.9 it/s)
[Epoch 11/15] step 450/1599 (0.9 it/s)
[Epoch 11/15] step 450/1599 (0.9 it/s)
[Epoch 11/15] step 450/1599 (0.9 it/s)
[Epoch 11/15] step 450/1599 (0.9 it/s)
[Epoch 11/15] step 450/1599 (0.9 it/s)
[Epoch 11/15] step 450/1599 (0.9 it/s)
[Epoch 11/15] step 500/1599 (0.9 it/s)
[Epoch 11/15] step 500/1599 (0.9 it/s)
[Epoch 11/15] step 500/1599 (0.9 it/s)
[Epoch 11/15] step 500/1599 (0.9 it/s)
[Epoch 11/15] step 500/1599 (0.9 it/s)
[Epoch 11/15] step 500/1599 (0.9 it/s)
[Epoch 11/15] step 500/1599 (0.9 it/s)
[Epoch 11/15] step 500/1599 (0.9 it/s)
[Epoch 11/15] step 550/1599 (0.9 it/s)
[Epoch 11/15] step 550/1599 (0.9 it/s)
[Epoch 11/15] step 550/1599 (0.9 it/s)
[Epoch 11/15] step 550/1599 (0.9 it/s)
[Epoch 11/15] step 550/1599 (0.9 it/s)
[Epoch 11/15] step 550/1599 (0.9 it/s)
[Epoch 11/15] step 550/1599 (0.9 it/s)
[Epoch 11/15] step 550/1599 (0.9 it/s)
[Epoch 11/15] step 600/1599 (0.9 it/s)
[Epoch 11/15] step 600/1599 (0.9 it/s)
[Epoch 11/15] step 600/1599 (0.9 it/s)
[Epoch 11/15] step 600/1599 (0.9 it/s)
[Epoch 11/15] step 600/1599 (0.9 it/s)
[Epoch 11/15] step 600/1599 (0.9 it/s)
[Epoch 11/15] step 600/1599 (0.9 it/s)
[Epoch 11/15] step 600/1599 (0.9 it/s)
[Epoch 11/15] step 650/1599 (1.0 it/s)
[Epoch 11/15] step 650/1599 (1.0 it/s)
[Epoch 11/15] step 650/1599 (1.0 it/s)
[Epoch 11/15] step 650/1599 (1.0 it/s)
[Epoch 11/15] step 650/1599 (1.0 it/s)
[Epoch 11/15] step 650/1599 (1.0 it/s)
[Epoch 11/15] step 650/1599 (1.0 it/s)
[Epoch 11/15] step 650/1599 (1.0 it/s)
[Epoch 11/15] step 700/1599 (1.0 it/s)
[Epoch 11/15] step 700/1599 (1.0 it/s)
[Epoch 11/15] step 700/1599 (1.0 it/s)
[Epoch 11/15] step 700/1599 (1.0 it/s)
[Epoch 11/15] step 700/1599 (1.0 it/s)
[Epoch 11/15] step 700/1599 (1.0 it/s)
[Epoch 11/15] step 700/1599 (1.0 it/s)
[Epoch 11/15] step 700/1599 (1.0 it/s)
[Epoch 11/15] step 750/1599 (1.0 it/s)
[Epoch 11/15] step 750/1599 (1.0 it/s)
[Epoch 11/15] step 750/1599 (1.0 it/s)
[Epoch 11/15] step 750/1599 (1.0 it/s)
[Epoch 11/15] step 750/1599 (1.0 it/s)
[Epoch 11/15] step 750/1599 (1.0 it/s)
[Epoch 11/15] step 750/1599 (1.0 it/s)
[Epoch 11/15] step 750/1599 (1.0 it/s)
[Epoch 11/15] step 800/1599 (1.0 it/s)
[Epoch 11/15] step 800/1599 (1.0 it/s)
[Epoch 11/15] step 800/1599 (1.0 it/s)
[Epoch 11/15] step 800/1599 (1.0 it/s)
[Epoch 11/15] step 800/1599 (1.0 it/s)
[Epoch 11/15] step 800/1599 (1.0 it/s)
[Epoch 11/15] step 800/1599 (1.0 it/s)
[Epoch 11/15] step 800/1599 (1.0 it/s)
[Epoch 11/15] step 850/1599 (1.0 it/s)
[Epoch 11/15] step 850/1599 (1.0 it/s)
[Epoch 11/15] step 850/1599 (1.0 it/s)
[Epoch 11/15] step 850/1599 (1.0 it/s)
[Epoch 11/15] step 850/1599 (1.0 it/s)
[Epoch 11/15] step 850/1599 (1.0 it/s)
[Epoch 11/15] step 850/1599 (1.0 it/s)
[Epoch 11/15] step 850/1599 (1.0 it/s)
[Epoch 11/15] step 900/1599 (1.0 it/s)
[Epoch 11/15] step 900/1599 (1.0 it/s)
[Epoch 11/15] step 900/1599 (1.0 it/s)
[Epoch 11/15] step 900/1599 (1.0 it/s)
[Epoch 11/15] step 900/1599 (1.0 it/s)
[Epoch 11/15] step 900/1599 (1.0 it/s)
[Epoch 11/15] step 900/1599 (1.0 it/s)
[Epoch 11/15] step 900/1599 (1.0 it/s)
[Epoch 11/15] step 950/1599 (1.0 it/s)
[Epoch 11/15] step 950/1599 (1.0 it/s)
[Epoch 11/15] step 950/1599 (1.0 it/s)
[Epoch 11/15] step 950/1599 (1.0 it/s)
[Epoch 11/15] step 950/1599 (1.0 it/s)
[Epoch 11/15] step 950/1599 (1.0 it/s)
[Epoch 11/15] step 950/1599 (1.0 it/s)
[Epoch 11/15] step 950/1599 (1.0 it/s)
[Epoch 11/15] step 1000/1599 (1.0 it/s)
[Epoch 11/15] step 1000/1599 (1.0 it/s)
[Epoch 11/15] step 1000/1599 (1.0 it/s)
[Epoch 11/15] step 1000/1599 (1.0 it/s)
[Epoch 11/15] step 1000/1599 (1.0 it/s)
[Epoch 11/15] step 1000/1599 (1.0 it/s)
[Epoch 11/15] step 1000/1599 (1.0 it/s)
[Epoch 11/15] step 1000/1599 (1.0 it/s)
[Epoch 11/15] step 1050/1599 (1.0 it/s)
[Epoch 11/15] step 1050/1599 (1.0 it/s)
[Epoch 11/15] step 1050/1599 (1.0 it/s)
[Epoch 11/15] step 1050/1599 (1.0 it/s)
[Epoch 11/15] step 1050/1599 (1.0 it/s)
[Epoch 11/15] step 1050/1599 (1.0 it/s)
[Epoch 11/15] step 1050/1599 (1.0 it/s)
[Epoch 11/15] step 1050/1599 (1.0 it/s)
[Epoch 11/15] step 1100/1599 (1.0 it/s)
[Epoch 11/15] step 1100/1599 (1.0 it/s)
[Epoch 11/15] step 1100/1599 (1.0 it/s)
[Epoch 11/15] step 1100/1599 (1.0 it/s)
[Epoch 11/15] step 1100/1599 (1.0 it/s)
[Epoch 11/15] step 1100/1599 (1.0 it/s)
[Epoch 11/15] step 1100/1599 (1.0 it/s)
[Epoch 11/15] step 1100/1599 (1.0 it/s)
[Epoch 11/15] step 1150/1599 (1.0 it/s)
[Epoch 11/15] step 1150/1599 (1.0 it/s)
[Epoch 11/15] step 1150/1599 (1.0 it/s)
[Epoch 11/15] step 1150/1599 (1.0 it/s)
[Epoch 11/15] step 1150/1599 (1.0 it/s)
[Epoch 11/15] step 1150/1599 (1.0 it/s)
[Epoch 11/15] step 1150/1599 (1.0 it/s)
[Epoch 11/15] step 1150/1599 (1.0 it/s)
[Epoch 11/15] step 1200/1599 (0.9 it/s)
[Epoch 11/15] step 1200/1599 (0.9 it/s)
[Epoch 11/15] step 1200/1599 (0.9 it/s)
[Epoch 11/15] step 1200/1599 (0.9 it/s)
[Epoch 11/15] step 1200/1599 (0.9 it/s)
[Epoch 11/15] step 1200/1599 (0.9 it/s)
[Epoch 11/15] step 1200/1599 (0.9 it/s)
[Epoch 11/15] step 1200/1599 (0.9 it/s)
[Epoch 11/15] step 1250/1599 (1.0 it/s)
[Epoch 11/15] step 1250/1599 (1.0 it/s)
[Epoch 11/15] step 1250/1599 (1.0 it/s)
[Epoch 11/15] step 1250/1599 (1.0 it/s)
[Epoch 11/15] step 1250/1599 (1.0 it/s)
[Epoch 11/15] step 1250/1599 (1.0 it/s)
[Epoch 11/15] step 1250/1599 (1.0 it/s)
[Epoch 11/15] step 1250/1599 (1.0 it/s)
[Epoch 11/15] step 1300/1599 (1.0 it/s)
[Epoch 11/15] step 1300/1599 (1.0 it/s)
[Epoch 11/15] step 1300/1599 (1.0 it/s)
[Epoch 11/15] step 1300/1599 (1.0 it/s)
[Epoch 11/15] step 1300/1599 (1.0 it/s)
[Epoch 11/15] step 1300/1599 (1.0 it/s)
[Epoch 11/15] step 1300/1599 (1.0 it/s)
[Epoch 11/15] step 1300/1599 (1.0 it/s)
[Epoch 11/15] step 1350/1599 (1.0 it/s)
[Epoch 11/15] step 1350/1599 (1.0 it/s)
[Epoch 11/15] step 1350/1599 (1.0 it/s)
[Epoch 11/15] step 1350/1599 (1.0 it/s)
[Epoch 11/15] step 1350/1599 (1.0 it/s)
[Epoch 11/15] step 1350/1599 (1.0 it/s)
[Epoch 11/15] step 1350/1599 (1.0 it/s)
[Epoch 11/15] step 1350/1599 (1.0 it/s)
[Epoch 11/15] step 1400/1599 (1.0 it/s)
[Epoch 11/15] step 1400/1599 (1.0 it/s)
[Epoch 11/15] step 1400/1599 (1.0 it/s)
[Epoch 11/15] step 1400/1599 (1.0 it/s)
[Epoch 11/15] step 1400/1599 (1.0 it/s)
[Epoch 11/15] step 1400/1599 (1.0 it/s)
[Epoch 11/15] step 1400/1599 (1.0 it/s)
[Epoch 11/15] step 1400/1599 (1.0 it/s)
[Epoch 11/15] step 1450/1599 (1.0 it/s)
[Epoch 11/15] step 1450/1599 (1.0 it/s)
[Epoch 11/15] step 1450/1599 (1.0 it/s)
[Epoch 11/15] step 1450/1599 (1.0 it/s)
[Epoch 11/15] step 1450/1599 (1.0 it/s)
[Epoch 11/15] step 1450/1599 (1.0 it/s)
[Epoch 11/15] step 1450/1599 (1.0 it/s)
[Epoch 11/15] step 1450/1599 (1.0 it/s)
[Epoch 11/15] step 1500/1599 (1.0 it/s)
[Epoch 11/15] step 1500/1599 (1.0 it/s)
[Epoch 11/15] step 1500/1599 (1.0 it/s)
[Epoch 11/15] step 1500/1599 (1.0 it/s)
[Epoch 11/15] step 1500/1599 (1.0 it/s)
[Epoch 11/15] step 1500/1599 (1.0 it/s)
[Epoch 11/15] step 1500/1599 (1.0 it/s)
[Epoch 11/15] step 1500/1599 (1.0 it/s)
[Epoch 11/15] step 1550/1599 (1.0 it/s)
[Epoch 11/15] step 1550/1599 (1.0 it/s)
[Epoch 11/15] step 1550/1599 (1.0 it/s)
[Epoch 11/15] step 1550/1599 (1.0 it/s)
[Epoch 11/15] step 1550/1599 (1.0 it/s)
[Epoch 11/15] step 1550/1599 (1.0 it/s)
[Epoch 11/15] step 1550/1599 (1.0 it/s)
[Epoch 11/15] step 1550/1599 (1.0 it/s)
[Epoch 11/15] done in 1831.0s
[Epoch 11/15] done in 1831.0s
[Epoch 11/15] done in 1831.0s
[Epoch 11/15] done in 1831.0s
[Epoch 11/15] done in 1831.0s
[Epoch 11/15] done in 1831.0s
[Epoch 11/15] done in 1831.0s
21:17:41 | INFO  | trainer_inf~| \n+-----------------------------------------+------------------------+
|                  Metric                 |         Value          |
+-----------------------------------------+------------------------+
|           [0;34;40mfit/active_dim_count[0m          |         [0;32;40m192.0[0m          |
|             [0;34;40mfit/latent_mean[0m             | [0;32;40m0.0003592332359403372[0m  |
|             [0;34;40mfit/latent_norm[0m             |   [0;32;40m13.533459663391113[0m   |
|              [0;34;40mfit/latent_std[0m             |   [0;32;40m0.9789307117462158[0m   |
|           [0;34;40mfit/learning_rate_0[0m           | [0;32;40m4.867906682193279e-06[0m  |
|                 [0;34;40mfit/loss[0m                |   [0;32;40m0.1676141768693924[0m   |
|           [0;34;40mfit/loss_future_cos[0m           |  [0;32;40m0.018199481070041656[0m  |
|            [0;34;40mfit/loss_future_l1[0m           |    [0;32;40m0.11505126953125[0m    |
|               [0;34;40mfit/loss_mse[0m              |  [0;32;40m0.03370305150747299[0m   |
|         [0;34;40mfit/loss_mse_horizon_01[0m         |  [0;32;40m0.08473366498947144[0m   |
|         [0;34;40mfit/loss_mse_horizon_02[0m         |  [0;32;40m0.008228871040046215[0m  |
|         [0;34;40mfit/loss_mse_horizon_03[0m         |  [0;32;40m0.008146624080836773[0m  |
|              [0;34;40mfit/loss_total[0m             |   [0;32;40m0.1676141768693924[0m   |
|       [0;34;40mfit/pairwise_cos_hist_bin_00[0m      |          [0;32;40m0.0[0m           |
|       [0;34;40mfit/pairwise_cos_hist_bin_01[0m      |          [0;32;40m0.0[0m           |
|       [0;34;40mfit/pairwise_cos_hist_bin_02[0m      |          [0;32;40m0.0[0m           |
|       [0;34;40mfit/pairwise_cos_hist_bin_03[0m      |          [0;32;40m0.0[0m           |
|       [0;34;40mfit/pairwise_cos_hist_bin_04[0m      |          [0;32;40m0.0[0m           |
|       [0;34;40mfit/pairwise_cos_hist_bin_05[0m      |          [0;32;40m0.0[0m           |
|       [0;34;40mfit/pairwise_cos_hist_bin_06[0m      | [0;32;40m1.7199730791617185e-05[0m |
|       [0;34;40mfit/pairwise_cos_hist_bin_07[0m      |  [0;32;40m0.013378523290157318[0m  |
|       [0;34;40mfit/pairwise_cos_hist_bin_08[0m      |   [0;32;40m0.1344694048166275[0m   |
|       [0;34;40mfit/pairwise_cos_hist_bin_09[0m      |   [0;32;40m0.5079415440559387[0m   |
|       [0;34;40mfit/pairwise_cos_hist_bin_10[0m      |  [0;32;40m0.24672727286815643[0m   |
|       [0;34;40mfit/pairwise_cos_hist_bin_11[0m      |   [0;32;40m0.0440150685608387[0m   |
|       [0;34;40mfit/pairwise_cos_hist_bin_12[0m      |  [0;32;40m0.013977648690342903[0m  |
|       [0;34;40mfit/pairwise_cos_hist_bin_13[0m      |  [0;32;40m0.007567881606519222[0m  |
|       [0;34;40mfit/pairwise_cos_hist_bin_14[0m      |  [0;32;40m0.006280768662691116[0m  |
|       [0;34;40mfit/pairwise_cos_hist_bin_15[0m      |  [0;32;40m0.005615712143480778[0m  |
|       [0;34;40mfit/pairwise_cos_hist_bin_16[0m      |   [0;32;40m0.0052468734793365[0m   |
|       [0;34;40mfit/pairwise_cos_hist_bin_17[0m      |  [0;32;40m0.004841724410653114[0m  |
|       [0;34;40mfit/pairwise_cos_hist_bin_18[0m      |  [0;32;40m0.004862746223807335[0m  |
|       [0;34;40mfit/pairwise_cos_hist_bin_19[0m      |  [0;32;40m0.005057676695287228[0m  |
|           [0;34;40mfit/pairwise_cos_max[0m          |          [0;32;40m1.0[0m           |
|          [0;34;40mfit/pairwise_cos_mean[0m          | [0;32;40m-0.0017976760864257812[0m |
|           [0;34;40mfit/pairwise_cos_min[0m          |    [0;32;40m-0.303466796875[0m     |
|           [0;34;40mfit/pairwise_cos_std[0m          |    [0;32;40m0.1541748046875[0m     |
|              [0;34;40mfit/pred_loss[0m              |  [0;32;40m0.03370305150747299[0m   |
|           [0;34;40mfit/samples_per_sec[0m           |   [0;32;40m1339.8382568359375[0m   |
|             [0;34;40mfit/sigreg_loss[0m             |       [0;32;40m1.48828125[0m       |
|           [0;34;40mhardware/cpu_percent[0m          |   [0;32;40m35.400001525878906[0m   |
|         [0;34;40mhardware/disk_read_mb_s[0m         |   [0;32;40m0.632222592830658[0m    |
|         [0;34;40mhardware/disk_write_mb_s[0m        |  [0;32;40m0.31123000383377075[0m   |
|          [0;34;40mhardware/net_recv_mb_s[0m         | [0;32;40m0.0014078470412641764[0m  |
|          [0;34;40mhardware/net_sent_mb_s[0m         |  [0;32;40m0.001903410768136382[0m  |
|           [0;34;40mhardware/ram_used_gb[0m          |   [0;32;40m530.6864013671875[0m    |
|          [0;34;40mhardware/ram_used_pct[0m          |   [0;32;40m28.399999618530273[0m   |
|           [0;34;40mhparams/lr_default_0[0m          | [0;32;40m4.867906682193279e-06[0m  |
|        [0;34;40mvalidate/active_dim_count[0m        |         [0;32;40m192.0[0m          |
|     [0;34;40mvalidate/active_dim_count_epoch[0m     |         [0;32;40m192.0[0m          |
|           [0;34;40mvalidate/latent_mean[0m          |  [0;32;40m0.008078332059085369[0m  |
|        [0;34;40mvalidate/latent_mean_epoch[0m       |  [0;32;40m0.008078332059085369[0m  |
|           [0;34;40mvalidate/latent_norm[0m          |   [0;32;40m13.862747192382812[0m   |
|        [0;34;40mvalidate/latent_norm_epoch[0m       |   [0;32;40m13.862747192382812[0m   |
|           [0;34;40mvalidate/latent_std[0m           |    [0;32;40m1.0091472864151[0m     |
|        [0;34;40mvalidate/latent_std_epoch[0m        |    [0;32;40m1.0091472864151[0m     |
|              [0;34;40mvalidate/loss[0m              |   [0;32;40m0.3083173930644989[0m   |
|           [0;34;40mvalidate/loss_epoch[0m           |   [0;32;40m0.3083173930644989[0m   |
|         [0;34;40mvalidate/loss_future_cos[0m        |  [0;32;40m0.03021625429391861[0m   |
|      [0;34;40mvalidate/loss_future_cos_epoch[0m     |  [0;32;40m0.03021625429391861[0m   |
|         [0;34;40mvalidate/loss_future_l1[0m         |  [0;32;40m0.17907732725143433[0m   |
|      [0;34;40mvalidate/loss_future_l1_epoch[0m      |  [0;32;40m0.17907732725143433[0m   |
|            [0;34;40mvalidate/loss_mse[0m            |  [0;32;40m0.05906694382429123[0m   |
|         [0;34;40mvalidate/loss_mse_epoch[0m         |  [0;32;40m0.05906694382429123[0m   |
|       [0;34;40mvalidate/loss_mse_horizon_01[0m      |  [0;32;40m0.10723285377025604[0m   |
|    [0;34;40mvalidate/loss_mse_horizon_01_epoch[0m   |  [0;32;40m0.10723285377025604[0m   |
|       [0;34;40mvalidate/loss_mse_horizon_02[0m      |   [0;32;40m0.0351288802921772[0m   |
|    [0;34;40mvalidate/loss_mse_horizon_02_epoch[0m   |   [0;32;40m0.0351288802921772[0m   |
|       [0;34;40mvalidate/loss_mse_horizon_03[0m      |  [0;32;40m0.03483910486102104[0m   |
|    [0;34;40mvalidate/loss_mse_horizon_03_epoch[0m   |  [0;32;40m0.03483910486102104[0m   |
|           [0;34;40mvalidate/loss_total[0m           |   [0;32;40m0.3083173930644989[0m   |
|        [0;34;40mvalidate/loss_total_epoch[0m        |   [0;32;40m0.3083173930644989[0m   |
|    [0;34;40mvalidate/pairwise_cos_hist_bin_00[0m    |          [0;32;40m0.0[0m           |
| [0;34;40mvalidate/pairwise_cos_hist_bin_00_epoch[0m |          [0;32;40m0.0[0m           |
|    [0;34;40mvalidate/pairwise_cos_hist_bin_01[0m    |          [0;32;40m0.0[0m           |
| [0;34;40mvalidate/pairwise_cos_hist_bin_01_epoch[0m |          [0;32;40m0.0[0m           |
|    [0;34;40mvalidate/pairwise_cos_hist_bin_02[0m    |          [0;32;40m0.0[0m           |
| [0;34;40mvalidate/pairwise_cos_hist_bin_02_epoch[0m |          [0;32;40m0.0[0m           |
|    [0;34;40mvalidate/pairwise_cos_hist_bin_03[0m    |          [0;32;40m0.0[0m           |
| [0;34;40mvalidate/pairwise_cos_hist_bin_03_epoch[0m |          [0;32;40m0.0[0m           |
|    [0;34;40mvalidate/pairwise_cos_hist_bin_04[0m    |          [0;32;40m0.0[0m           |
| [0;34;40mvalidate/pairwise_cos_hist_bin_04_epoch[0m |          [0;32;40m0.0[0m           |
|    [0;34;40mvalidate/pairwise_cos_hist_bin_05[0m    |          [0;32;40m0.0[0m           |
| [0;34;40mvalidate/pairwise_cos_hist_bin_05_epoch[0m |          [0;32;40m0.0[0m           |
|    [0;34;40mvalidate/pairwise_cos_hist_bin_06[0m    | [0;32;40m0.0001942512608366087[0m  |
| [0;34;40mvalidate/pairwise_cos_hist_bin_06_epoch[0m | [0;32;40m0.0001942512608366087[0m  |
|    [0;34;40mvalidate/pairwise_cos_hist_bin_07[0m    |  [0;32;40m0.013016901910305023[0m  |
| [0;34;40mvalidate/pairwise_cos_hist_bin_07_epoch[0m |  [0;32;40m0.013016901910305023[0m  |
|    [0;34;40mvalidate/pairwise_cos_hist_bin_08[0m    |  [0;32;40m0.10778336226940155[0m   |
| [0;34;40mvalidate/pairwise_cos_hist_bin_08_epoch[0m |  [0;32;40m0.10778336226940155[0m   |
|    [0;34;40mvalidate/pairwise_cos_hist_bin_09[0m    |   [0;32;40m0.4581475853919983[0m   |
| [0;34;40mvalidate/pairwise_cos_hist_bin_09_epoch[0m |   [0;32;40m0.4581475853919983[0m   |
|    [0;34;40mvalidate/pairwise_cos_hist_bin_10[0m    |   [0;32;40m0.2816855311393738[0m   |
| [0;34;40mvalidate/pairwise_cos_hist_bin_10_epoch[0m |   [0;32;40m0.2816855311393738[0m   |
|    [0;34;40mvalidate/pairwise_cos_hist_bin_11[0m    |  [0;32;40m0.06240135803818703[0m   |
| [0;34;40mvalidate/pairwise_cos_hist_bin_11_epoch[0m |  [0;32;40m0.06240135803818703[0m   |
|    [0;34;40mvalidate/pairwise_cos_hist_bin_12[0m    |  [0;32;40m0.026814933866262436[0m  |
| [0;34;40mvalidate/pairwise_cos_hist_bin_12_epoch[0m |  [0;32;40m0.026814933866262436[0m  |
|    [0;34;40mvalidate/pairwise_cos_hist_bin_13[0m    |  [0;32;40m0.014270325191318989[0m  |
| [0;34;40mvalidate/pairwise_cos_hist_bin_13_epoch[0m |  [0;32;40m0.014270325191318989[0m  |
|    [0;34;40mvalidate/pairwise_cos_hist_bin_14[0m    |  [0;32;40m0.008122275583446026[0m  |
| [0;34;40mvalidate/pairwise_cos_hist_bin_14_epoch[0m |  [0;32;40m0.008122275583446026[0m  |
|    [0;34;40mvalidate/pairwise_cos_hist_bin_15[0m    |  [0;32;40m0.006242506671696901[0m  |
| [0;34;40mvalidate/pairwise_cos_hist_bin_15_epoch[0m |  [0;32;40m0.006242506671696901[0m  |
|    [0;34;40mvalidate/pairwise_cos_hist_bin_16[0m    |  [0;32;40m0.005683876574039459[0m  |
| [0;34;40mvalidate/pairwise_cos_hist_bin_16_epoch[0m |  [0;32;40m0.005683876574039459[0m  |
|    [0;34;40mvalidate/pairwise_cos_hist_bin_17[0m    |  [0;32;40m0.005062899552285671[0m  |
| [0;34;40mvalidate/pairwise_cos_hist_bin_17_epoch[0m |  [0;32;40m0.005062899552285671[0m  |
|    [0;34;40mvalidate/pairwise_cos_hist_bin_18[0m    |  [0;32;40m0.005232745781540871[0m  |
| [0;34;40mvalidate/pairwise_cos_hist_bin_18_epoch[0m |  [0;32;40m0.005232745781540871[0m  |
|    [0;34;40mvalidate/pairwise_cos_hist_bin_19[0m    |  [0;32;40m0.005341528449207544[0m  |
| [0;34;40mvalidate/pairwise_cos_hist_bin_19_epoch[0m |  [0;32;40m0.005341528449207544[0m  |
|        [0;34;40mvalidate/pairwise_cos_max[0m        |          [0;32;40m1.0[0m           |
|     [0;34;40mvalidate/pairwise_cos_max_epoch[0m     |          [0;32;40m1.0[0m           |
|        [0;34;40mvalidate/pairwise_cos_mean[0m       |  [0;32;40m0.017224587500095367[0m  |
|     [0;34;40mvalidate/pairwise_cos_mean_epoch[0m    |  [0;32;40m0.017224587500095367[0m  |
|        [0;34;40mvalidate/pairwise_cos_min[0m        |  [0;32;40m-0.3315325379371643[0m   |
|     [0;34;40mvalidate/pairwise_cos_min_epoch[0m     |  [0;32;40m-0.3315325379371643[0m   |
|        [0;34;40mvalidate/pairwise_cos_std[0m        |   [0;32;40m0.161891907453537[0m    |
|     [0;34;40mvalidate/pairwise_cos_std_epoch[0m     |   [0;32;40m0.161891907453537[0m    |
|            [0;34;40mvalidate/pred_loss[0m           |  [0;32;40m0.05906694382429123[0m   |
|         [0;34;40mvalidate/pred_loss_epoch[0m        |  [0;32;40m0.05906694382429123[0m   |
|           [0;34;40mvalidate/sigreg_loss[0m          |   [0;32;40m2.7695353031158447[0m   |
|        [0;34;40mvalidate/sigreg_loss_epoch[0m       |   [0;32;40m2.7695353031158447[0m   |
+-----------------------------------------+------------------------+
21:17:41 | INFO  | utils.py    | 📦📦📦 Model saved to /data1/Johnny/challenge/wrf/homework/outputs/stable-wm/checkpoints/lewm_reacher_15/weights_epoch_12.pt 📦📦📦
[Epoch 11/15] done in 1831.2s
21:17:41 | INFO  | checkpoint_~|   Checking for non PyTorch modules to save
21:17:41 | INFO  | atomic_chec~| [atomic_save] → /data1/Johnny/challenge/wrf/homework/outputs/home/.cache/stable-pretraining/runs/20260715/150757/246fc50c1277/checkpoints/epoch=11-step=19188.ckpt
21:17:41 | INFO  | atomic_chec~| [atomic_save] ✓ epoch=11-step=19188.ckpt saved (206.8 MiB, serialise=0.34s write=0.21s rename=0.1ms)
21:17:41 | INFO  | checkpoint_~|   Checking for non PyTorch modules to save
21:17:41 | INFO  | atomic_chec~| [atomic_save] → /data1/Johnny/challenge/wrf/homework/outputs/home/.cache/stable-pretraining/runs/20260715/150757/246fc50c1277/checkpoints/last.ckpt
21:17:42 | INFO  | atomic_chec~| [atomic_save] ✓ last.ckpt saved (206.8 MiB, serialise=0.34s write=0.23s rename=29.4ms)
[Epoch 12/15] step 50/1599 (0.8 it/s)
[Epoch 12/15] step 50/1599 (0.8 it/s)
[Epoch 12/15] step 50/1599 (0.8 it/s)
[Epoch 12/15] step 50/1599 (0.8 it/s)
[Epoch 12/15] step 50/1599 (0.8 it/s)
[Epoch 12/15] step 50/1599 (0.8 it/s)
[Epoch 12/15] step 50/1599 (0.8 it/s)
[Epoch 12/15] step 50/1599 (0.8 it/s)
[Epoch 12/15] step 100/1599 (0.9 it/s)
[Epoch 12/15] step 100/1599 (0.9 it/s)
[Epoch 12/15] step 100/1599 (0.9 it/s)
[Epoch 12/15] step 100/1599 (0.9 it/s)
[Epoch 12/15] step 100/1599 (0.9 it/s)
[Epoch 12/15] step 100/1599 (0.9 it/s)
[Epoch 12/15] step 100/1599 (0.9 it/s)
[Epoch 12/15] step 100/1599 (0.9 it/s)
[Epoch 12/15] step 150/1599 (0.9 it/s)
[Epoch 12/15] step 150/1599 (0.9 it/s)
[Epoch 12/15] step 150/1599 (0.9 it/s)
[Epoch 12/15] step 150/1599 (0.9 it/s)
[Epoch 12/15] step 150/1599 (0.9 it/s)
[Epoch 12/15] step 150/1599 (0.9 it/s)
[Epoch 12/15] step 150/1599 (0.9 it/s)
[Epoch 12/15] step 150/1599 (0.9 it/s)
[Epoch 12/15] step 200/1599 (0.9 it/s)
[Epoch 12/15] step 200/1599 (0.9 it/s)
[Epoch 12/15] step 200/1599 (0.9 it/s)
[Epoch 12/15] step 200/1599 (0.9 it/s)
[Epoch 12/15] step 200/1599 (0.9 it/s)
[Epoch 12/15] step 200/1599 (0.9 it/s)
[Epoch 12/15] step 200/1599 (0.9 it/s)
[Epoch 12/15] step 200/1599 (0.9 it/s)
[Epoch 12/15] step 250/1599 (0.9 it/s)
[Epoch 12/15] step 250/1599 (0.9 it/s)
[Epoch 12/15] step 250/1599 (0.9 it/s)
[Epoch 12/15] step 250/1599 (0.9 it/s)
[Epoch 12/15] step 250/1599 (0.9 it/s)
[Epoch 12/15] step 250/1599 (0.9 it/s)
[Epoch 12/15] step 250/1599 (0.9 it/s)
[Epoch 12/15] step 250/1599 (0.9 it/s)
[Epoch 12/15] step 300/1599 (0.9 it/s)
[Epoch 12/15] step 300/1599 (0.9 it/s)
[Epoch 12/15] step 300/1599 (0.9 it/s)
[Epoch 12/15] step 300/1599 (0.9 it/s)
[Epoch 12/15] step 300/1599 (0.9 it/s)
[Epoch 12/15] step 300/1599 (0.9 it/s)
[Epoch 12/15] step 300/1599 (0.9 it/s)
[Epoch 12/15] step 300/1599 (0.9 it/s)
[Epoch 12/15] step 350/1599 (0.9 it/s)
[Epoch 12/15] step 350/1599 (0.9 it/s)
[Epoch 12/15] step 350/1599 (0.9 it/s)
[Epoch 12/15] step 350/1599 (0.9 it/s)
[Epoch 12/15] step 350/1599 (0.9 it/s)
[Epoch 12/15] step 350/1599 (0.9 it/s)
[Epoch 12/15] step 350/1599 (0.9 it/s)
[Epoch 12/15] step 350/1599 (0.9 it/s)
[Epoch 12/15] step 400/1599 (1.0 it/s)
[Epoch 12/15] step 400/1599 (1.0 it/s)
[Epoch 12/15] step 400/1599 (1.0 it/s)
[Epoch 12/15] step 400/1599 (1.0 it/s)
[Epoch 12/15] step 400/1599 (1.0 it/s)
[Epoch 12/15] step 400/1599 (1.0 it/s)
[Epoch 12/15] step 400/1599 (1.0 it/s)
[Epoch 12/15] step 400/1599 (1.0 it/s)
[Epoch 12/15] step 450/1599 (1.0 it/s)
[Epoch 12/15] step 450/1599 (1.0 it/s)
[Epoch 12/15] step 450/1599 (1.0 it/s)
[Epoch 12/15] step 450/1599 (1.0 it/s)
[Epoch 12/15] step 450/1599 (1.0 it/s)
[Epoch 12/15] step 450/1599 (1.0 it/s)
[Epoch 12/15] step 450/1599 (1.0 it/s)
[Epoch 12/15] step 450/1599 (1.0 it/s)
[Epoch 12/15] step 500/1599 (1.0 it/s)
[Epoch 12/15] step 500/1599 (1.0 it/s)
[Epoch 12/15] step 500/1599 (1.0 it/s)
[Epoch 12/15] step 500/1599 (1.0 it/s)
[Epoch 12/15] step 500/1599 (1.0 it/s)
[Epoch 12/15] step 500/1599 (1.0 it/s)
[Epoch 12/15] step 500/1599 (1.0 it/s)
[Epoch 12/15] step 500/1599 (1.0 it/s)
[Epoch 12/15] step 550/1599 (1.0 it/s)
[Epoch 12/15] step 550/1599 (1.0 it/s)
[Epoch 12/15] step 550/1599 (1.0 it/s)
[Epoch 12/15] step 550/1599 (1.0 it/s)
[Epoch 12/15] step 550/1599 (1.0 it/s)
[Epoch 12/15] step 550/1599 (1.0 it/s)
[Epoch 12/15] step 550/1599 (1.0 it/s)
[Epoch 12/15] step 550/1599 (1.0 it/s)
[Epoch 12/15] step 600/1599 (1.0 it/s)
[Epoch 12/15] step 600/1599 (1.0 it/s)
[Epoch 12/15] step 600/1599 (1.0 it/s)
[Epoch 12/15] step 600/1599 (1.0 it/s)
[Epoch 12/15] step 600/1599 (1.0 it/s)
[Epoch 12/15] step 600/1599 (1.0 it/s)
[Epoch 12/15] step 600/1599 (1.0 it/s)
[Epoch 12/15] step 600/1599 (1.0 it/s)
[Epoch 12/15] step 650/1599 (1.0 it/s)
[Epoch 12/15] step 650/1599 (1.0 it/s)
[Epoch 12/15] step 650/1599 (1.0 it/s)
[Epoch 12/15] step 650/1599 (1.0 it/s)
[Epoch 12/15] step 650/1599 (1.0 it/s)
[Epoch 12/15] step 650/1599 (1.0 it/s)
[Epoch 12/15] step 650/1599 (1.0 it/s)
[Epoch 12/15] step 650/1599 (1.0 it/s)
[Epoch 12/15] step 700/1599 (1.0 it/s)
[Epoch 12/15] step 700/1599 (1.0 it/s)
[Epoch 12/15] step 700/1599 (1.0 it/s)
[Epoch 12/15] step 700/1599 (1.0 it/s)
[Epoch 12/15] step 700/1599 (1.0 it/s)
[Epoch 12/15] step 700/1599 (1.0 it/s)
[Epoch 12/15] step 700/1599 (1.0 it/s)
[Epoch 12/15] step 700/1599 (1.0 it/s)
[Epoch 12/15] step 750/1599 (1.0 it/s)
[Epoch 12/15] step 750/1599 (1.0 it/s)
[Epoch 12/15] step 750/1599 (1.0 it/s)
[Epoch 12/15] step 750/1599 (1.0 it/s)
[Epoch 12/15] step 750/1599 (1.0 it/s)
[Epoch 12/15] step 750/1599 (1.0 it/s)
[Epoch 12/15] step 750/1599 (1.0 it/s)
[Epoch 12/15] step 750/1599 (1.0 it/s)
[Epoch 12/15] step 800/1599 (1.0 it/s)
[Epoch 12/15] step 800/1599 (1.0 it/s)
[Epoch 12/15] step 800/1599 (1.0 it/s)
[Epoch 12/15] step 800/1599 (1.0 it/s)
[Epoch 12/15] step 800/1599 (1.0 it/s)
[Epoch 12/15] step 800/1599 (1.0 it/s)
[Epoch 12/15] step 800/1599 (1.0 it/s)
[Epoch 12/15] step 800/1599 (1.0 it/s)
[Epoch 12/15] step 850/1599 (1.0 it/s)
[Epoch 12/15] step 850/1599 (1.0 it/s)
[Epoch 12/15] step 850/1599 (1.0 it/s)
[Epoch 12/15] step 850/1599 (1.0 it/s)
[Epoch 12/15] step 850/1599 (1.0 it/s)
[Epoch 12/15] step 850/1599 (1.0 it/s)
[Epoch 12/15] step 850/1599 (1.0 it/s)
[Epoch 12/15] step 850/1599 (1.0 it/s)
[Epoch 12/15] step 900/1599 (1.0 it/s)
[Epoch 12/15] step 900/1599 (1.0 it/s)
[Epoch 12/15] step 900/1599 (1.0 it/s)
[Epoch 12/15] step 900/1599 (1.0 it/s)
[Epoch 12/15] step 900/1599 (1.0 it/s)
[Epoch 12/15] step 900/1599 (1.0 it/s)
[Epoch 12/15] step 900/1599 (1.0 it/s)
[Epoch 12/15] step 900/1599 (1.0 it/s)
[Epoch 12/15] step 950/1599 (1.0 it/s)
[Epoch 12/15] step 950/1599 (1.0 it/s)
[Epoch 12/15] step 950/1599 (1.0 it/s)
[Epoch 12/15] step 950/1599 (1.0 it/s)
[Epoch 12/15] step 950/1599 (1.0 it/s)
[Epoch 12/15] step 950/1599 (1.0 it/s)
[Epoch 12/15] step 950/1599 (1.0 it/s)
[Epoch 12/15] step 950/1599 (1.0 it/s)
[Epoch 12/15] step 1000/1599 (1.0 it/s)
[Epoch 12/15] step 1000/1599 (1.0 it/s)
[Epoch 12/15] step 1000/1599 (1.0 it/s)
[Epoch 12/15] step 1000/1599 (1.0 it/s)
[Epoch 12/15] step 1000/1599 (1.0 it/s)
[Epoch 12/15] step 1000/1599 (1.0 it/s)
[Epoch 12/15] step 1000/1599 (1.0 it/s)
[Epoch 12/15] step 1000/1599 (1.0 it/s)
[Epoch 12/15] step 1050/1599 (1.0 it/s)
[Epoch 12/15] step 1050/1599 (1.0 it/s)
[Epoch 12/15] step 1050/1599 (1.0 it/s)
[Epoch 12/15] step 1050/1599 (1.0 it/s)
[Epoch 12/15] step 1050/1599 (1.0 it/s)
[Epoch 12/15] step 1050/1599 (1.0 it/s)
[Epoch 12/15] step 1050/1599 (1.0 it/s)
[Epoch 12/15] step 1050/1599 (1.0 it/s)
[Epoch 12/15] step 1100/1599 (1.0 it/s)
[Epoch 12/15] step 1100/1599 (1.0 it/s)
[Epoch 12/15] step 1100/1599 (1.0 it/s)
[Epoch 12/15] step 1100/1599 (1.0 it/s)
[Epoch 12/15] step 1100/1599 (1.0 it/s)
[Epoch 12/15] step 1100/1599 (1.0 it/s)
[Epoch 12/15] step 1100/1599 (1.0 it/s)
[Epoch 12/15] step 1100/1599 (1.0 it/s)
[Epoch 12/15] step 1150/1599 (1.0 it/s)
[Epoch 12/15] step 1150/1599 (1.0 it/s)
[Epoch 12/15] step 1150/1599 (1.0 it/s)
[Epoch 12/15] step 1150/1599 (1.0 it/s)
[Epoch 12/15] step 1150/1599 (1.0 it/s)
[Epoch 12/15] step 1150/1599 (1.0 it/s)
[Epoch 12/15] step 1150/1599 (1.0 it/s)
[Epoch 12/15] step 1150/1599 (1.0 it/s)
[Epoch 12/15] step 1200/1599 (1.0 it/s)
[Epoch 12/15] step 1200/1599 (1.0 it/s)
[Epoch 12/15] step 1200/1599 (1.0 it/s)
[Epoch 12/15] step 1200/1599 (1.0 it/s)
[Epoch 12/15] step 1200/1599 (1.0 it/s)
[Epoch 12/15] step 1200/1599 (1.0 it/s)
[Epoch 12/15] step 1200/1599 (1.0 it/s)
[Epoch 12/15] step 1200/1599 (1.0 it/s)
[Epoch 12/15] step 1250/1599 (1.0 it/s)
[Epoch 12/15] step 1250/1599 (1.0 it/s)
[Epoch 12/15] step 1250/1599 (1.0 it/s)
[Epoch 12/15] step 1250/1599 (1.0 it/s)
[Epoch 12/15] step 1250/1599 (1.0 it/s)
[Epoch 12/15] step 1250/1599 (1.0 it/s)
[Epoch 12/15] step 1250/1599 (1.0 it/s)
[Epoch 12/15] step 1250/1599 (1.0 it/s)
[Epoch 12/15] step 1300/1599 (1.0 it/s)
[Epoch 12/15] step 1300/1599 (1.0 it/s)
[Epoch 12/15] step 1300/1599 (1.0 it/s)
[Epoch 12/15] step 1300/1599 (1.0 it/s)
[Epoch 12/15] step 1300/1599 (1.0 it/s)
[Epoch 12/15] step 1300/1599 (1.0 it/s)
[Epoch 12/15] step 1300/1599 (1.0 it/s)
[Epoch 12/15] step 1300/1599 (1.0 it/s)
[Epoch 12/15] step 1350/1599 (1.0 it/s)
[Epoch 12/15] step 1350/1599 (1.0 it/s)
[Epoch 12/15] step 1350/1599 (1.0 it/s)
[Epoch 12/15] step 1350/1599 (1.0 it/s)
[Epoch 12/15] step 1350/1599 (1.0 it/s)
[Epoch 12/15] step 1350/1599 (1.0 it/s)
[Epoch 12/15] step 1350/1599 (1.0 it/s)
[Epoch 12/15] step 1350/1599 (1.0 it/s)
[Epoch 12/15] step 1400/1599 (1.0 it/s)
[Epoch 12/15] step 1400/1599 (1.0 it/s)
[Epoch 12/15] step 1400/1599 (1.0 it/s)
[Epoch 12/15] step 1400/1599 (1.0 it/s)
[Epoch 12/15] step 1400/1599 (1.0 it/s)
[Epoch 12/15] step 1400/1599 (1.0 it/s)
[Epoch 12/15] step 1400/1599 (1.0 it/s)
[Epoch 12/15] step 1400/1599 (1.0 it/s)
[Epoch 12/15] step 1450/1599 (1.0 it/s)
[Epoch 12/15] step 1450/1599 (1.0 it/s)
[Epoch 12/15] step 1450/1599 (1.0 it/s)
[Epoch 12/15] step 1450/1599 (1.0 it/s)
[Epoch 12/15] step 1450/1599 (1.0 it/s)
[Epoch 12/15] step 1450/1599 (1.0 it/s)
[Epoch 12/15] step 1450/1599 (1.0 it/s)
[Epoch 12/15] step 1450/1599 (1.0 it/s)
[Epoch 12/15] step 1500/1599 (1.0 it/s)
[Epoch 12/15] step 1500/1599 (1.0 it/s)
[Epoch 12/15] step 1500/1599 (1.0 it/s)
[Epoch 12/15] step 1500/1599 (1.0 it/s)
[Epoch 12/15] step 1500/1599 (1.0 it/s)
[Epoch 12/15] step 1500/1599 (1.0 it/s)
[Epoch 12/15] step 1500/1599 (1.0 it/s)
[Epoch 12/15] step 1500/1599 (1.0 it/s)
[Epoch 12/15] step 1550/1599 (1.0 it/s)
[Epoch 12/15] step 1550/1599 (1.0 it/s)
[Epoch 12/15] step 1550/1599 (1.0 it/s)
[Epoch 12/15] step 1550/1599 (1.0 it/s)
[Epoch 12/15] step 1550/1599 (1.0 it/s)
[Epoch 12/15] step 1550/1599 (1.0 it/s)
[Epoch 12/15] step 1550/1599 (1.0 it/s)
[Epoch 12/15] step 1550/1599 (1.0 it/s)
[Epoch 12/15] done in 1820.8s
[Epoch 12/15] done in 1820.8s
[Epoch 12/15] done in 1820.8s
[Epoch 12/15] done in 1820.8s
[Epoch 12/15] done in 1820.8s
[Epoch 12/15] done in 1820.8s
[Epoch 12/15] done in 1820.8s
21:48:03 | INFO  | trainer_inf~| \n+-----------------------------------------+------------------------+
|                  Metric                 |         Value          |
+-----------------------------------------+------------------------+
|           [0;34;40mfit/active_dim_count[0m          |         [0;32;40m192.0[0m          |
|             [0;34;40mfit/latent_mean[0m             | [0;32;40m0.0003689451259560883[0m  |
|             [0;34;40mfit/latent_norm[0m             |   [0;32;40m13.533207893371582[0m   |
|              [0;34;40mfit/latent_std[0m             |   [0;32;40m0.9791838526725769[0m   |
|           [0;34;40mfit/learning_rate_0[0m           | [0;32;40m2.2044359866413288e-06[0m |
|                 [0;34;40mfit/loss[0m                |  [0;32;40m0.16291941702365875[0m   |
|           [0;34;40mfit/loss_future_cos[0m           |  [0;32;40m0.017652787268161774[0m  |
|            [0;34;40mfit/loss_future_l1[0m           |    [0;32;40m0.1141357421875[0m     |
|               [0;34;40mfit/loss_mse[0m              |  [0;32;40m0.032914530485868454[0m  |
|         [0;34;40mfit/loss_mse_horizon_01[0m         |  [0;32;40m0.08268779516220093[0m   |
|         [0;34;40mfit/loss_mse_horizon_02[0m         |  [0;32;40m0.008170138113200665[0m  |
|         [0;34;40mfit/loss_mse_horizon_03[0m         |  [0;32;40m0.007885661907494068[0m  |
|              [0;34;40mfit/loss_total[0m             |  [0;32;40m0.16291941702365875[0m   |
|       [0;34;40mfit/pairwise_cos_hist_bin_00[0m      |          [0;32;40m0.0[0m           |
|       [0;34;40mfit/pairwise_cos_hist_bin_01[0m      |          [0;32;40m0.0[0m           |
|       [0;34;40mfit/pairwise_cos_hist_bin_02[0m      |          [0;32;40m0.0[0m           |
|       [0;34;40mfit/pairwise_cos_hist_bin_03[0m      |          [0;32;40m0.0[0m           |
|       [0;34;40mfit/pairwise_cos_hist_bin_04[0m      |          [0;32;40m0.0[0m           |
|       [0;34;40mfit/pairwise_cos_hist_bin_05[0m      |          [0;32;40m0.0[0m           |
|       [0;34;40mfit/pairwise_cos_hist_bin_06[0m      | [0;32;40m5.1599192374851555e-05[0m |
|       [0;34;40mfit/pairwise_cos_hist_bin_07[0m      |  [0;32;40m0.013346035964787006[0m  |
|       [0;34;40mfit/pairwise_cos_hist_bin_08[0m      |  [0;32;40m0.13150149583816528[0m   |
|       [0;34;40mfit/pairwise_cos_hist_bin_09[0m      |   [0;32;40m0.5129944086074829[0m   |
|       [0;34;40mfit/pairwise_cos_hist_bin_10[0m      |  [0;32;40m0.24601063132286072[0m   |
|       [0;34;40mfit/pairwise_cos_hist_bin_11[0m      |  [0;32;40m0.042908549308776855[0m  |
|       [0;34;40mfit/pairwise_cos_hist_bin_12[0m      |  [0;32;40m0.013476944528520107[0m  |
|       [0;34;40mfit/pairwise_cos_hist_bin_13[0m      |  [0;32;40m0.007608969695866108[0m  |
|       [0;34;40mfit/pairwise_cos_hist_bin_14[0m      |  [0;32;40m0.006511054001748562[0m  |
|       [0;34;40mfit/pairwise_cos_hist_bin_15[0m      |  [0;32;40m0.005655844230204821[0m  |
|       [0;34;40mfit/pairwise_cos_hist_bin_16[0m      |  [0;32;40m0.005094942171126604[0m  |
|       [0;34;40mfit/pairwise_cos_hist_bin_17[0m      |  [0;32;40m0.004790125414729118[0m  |
|       [0;34;40mfit/pairwise_cos_hist_bin_18[0m      | [0;32;40m0.0049248565919697285[0m  |
|       [0;34;40mfit/pairwise_cos_hist_bin_19[0m      |  [0;32;40m0.005124564282596111[0m  |
|           [0;34;40mfit/pairwise_cos_max[0m          |          [0;32;40m1.0[0m           |
|          [0;34;40mfit/pairwise_cos_mean[0m          | [0;32;40m-0.0017976760864257812[0m |
|           [0;34;40mfit/pairwise_cos_min[0m          |     [0;32;40m-0.3056640625[0m      |
|           [0;34;40mfit/pairwise_cos_std[0m          |      [0;32;40m0.154296875[0m       |
|              [0;34;40mfit/pred_loss[0m              |  [0;32;40m0.032914530485868454[0m  |
|           [0;34;40mfit/samples_per_sec[0m           |    [0;32;40m1251.0927734375[0m     |
|             [0;34;40mfit/sigreg_loss[0m             |      [0;32;40m1.443359375[0m       |
|           [0;34;40mhardware/cpu_percent[0m          |   [0;32;40m34.70000076293945[0m    |
|         [0;34;40mhardware/disk_read_mb_s[0m         |          [0;32;40m0.0[0m           |
|         [0;34;40mhardware/disk_write_mb_s[0m        |   [0;32;40m0.5592084527015686[0m   |
|          [0;34;40mhardware/net_recv_mb_s[0m         | [0;32;40m0.0035542394034564495[0m  |
|          [0;34;40mhardware/net_sent_mb_s[0m         |  [0;32;40m0.003916718531399965[0m  |
|           [0;34;40mhardware/ram_used_gb[0m          |     [0;32;40m530.6259765625[0m     |
|          [0;34;40mhardware/ram_used_pct[0m          |   [0;32;40m28.399999618530273[0m   |
|           [0;34;40mhparams/lr_default_0[0m          | [0;32;40m2.2044359866413288e-06[0m |
|        [0;34;40mvalidate/active_dim_count[0m        |         [0;32;40m192.0[0m          |
|     [0;34;40mvalidate/active_dim_count_epoch[0m     |         [0;32;40m192.0[0m          |
|           [0;34;40mvalidate/latent_mean[0m          | [0;32;40m-0.0009852675721049309[0m |
|        [0;34;40mvalidate/latent_mean_epoch[0m       | [0;32;40m-0.0009852675721049309[0m |
|           [0;34;40mvalidate/latent_norm[0m          |   [0;32;40m13.723029136657715[0m   |
|        [0;34;40mvalidate/latent_norm_epoch[0m       |   [0;32;40m13.723029136657715[0m   |
|           [0;34;40mvalidate/latent_std[0m           |   [0;32;40m0.9930627346038818[0m   |
|        [0;34;40mvalidate/latent_std_epoch[0m        |   [0;32;40m0.9930627346038818[0m   |
|              [0;34;40mvalidate/loss[0m              |  [0;32;40m0.21796005964279175[0m   |
|           [0;34;40mvalidate/loss_epoch[0m           |  [0;32;40m0.21796005964279175[0m   |
|         [0;34;40mvalidate/loss_future_cos[0m        |  [0;32;40m0.017566895112395287[0m  |
|      [0;34;40mvalidate/loss_future_cos_epoch[0m     |  [0;32;40m0.017566895112395287[0m  |
|         [0;34;40mvalidate/loss_future_l1[0m         |  [0;32;40m0.11497651785612106[0m   |
|      [0;34;40mvalidate/loss_future_l1_epoch[0m      |  [0;32;40m0.11497651785612106[0m   |
|            [0;34;40mvalidate/loss_mse[0m            |  [0;32;40m0.033496204763650894[0m  |
|         [0;34;40mvalidate/loss_mse_epoch[0m         |  [0;32;40m0.033496204763650894[0m  |
|       [0;34;40mvalidate/loss_mse_horizon_01[0m      |  [0;32;40m0.08454394340515137[0m   |
|    [0;34;40mvalidate/loss_mse_horizon_01_epoch[0m   |  [0;32;40m0.08454394340515137[0m   |
|       [0;34;40mvalidate/loss_mse_horizon_02[0m      |  [0;32;40m0.008047857321798801[0m  |
|    [0;34;40mvalidate/loss_mse_horizon_02_epoch[0m   |  [0;32;40m0.008047857321798801[0m  |
|       [0;34;40mvalidate/loss_mse_horizon_03[0m      |  [0;32;40m0.007896803319454193[0m  |
|    [0;34;40mvalidate/loss_mse_horizon_03_epoch[0m   |  [0;32;40m0.007896803319454193[0m  |
|           [0;34;40mvalidate/loss_total[0m           |  [0;32;40m0.21796005964279175[0m   |
|        [0;34;40mvalidate/loss_total_epoch[0m        |  [0;32;40m0.21796005964279175[0m   |
|    [0;34;40mvalidate/pairwise_cos_hist_bin_00[0m    |          [0;32;40m0.0[0m           |
| [0;34;40mvalidate/pairwise_cos_hist_bin_00_epoch[0m |          [0;32;40m0.0[0m           |
|    [0;34;40mvalidate/pairwise_cos_hist_bin_01[0m    |          [0;32;40m0.0[0m           |
| [0;34;40mvalidate/pairwise_cos_hist_bin_01_epoch[0m |          [0;32;40m0.0[0m           |
|    [0;34;40mvalidate/pairwise_cos_hist_bin_02[0m    |          [0;32;40m0.0[0m           |
| [0;34;40mvalidate/pairwise_cos_hist_bin_02_epoch[0m |          [0;32;40m0.0[0m           |
|    [0;34;40mvalidate/pairwise_cos_hist_bin_03[0m    |          [0;32;40m0.0[0m           |
| [0;34;40mvalidate/pairwise_cos_hist_bin_03_epoch[0m |          [0;32;40m0.0[0m           |
|    [0;34;40mvalidate/pairwise_cos_hist_bin_04[0m    |          [0;32;40m0.0[0m           |
| [0;34;40mvalidate/pairwise_cos_hist_bin_04_epoch[0m |          [0;32;40m0.0[0m           |
|    [0;34;40mvalidate/pairwise_cos_hist_bin_05[0m    |          [0;32;40m0.0[0m           |
| [0;34;40mvalidate/pairwise_cos_hist_bin_05_epoch[0m |          [0;32;40m0.0[0m           |
|    [0;34;40mvalidate/pairwise_cos_hist_bin_06[0m    | [0;32;40m9.007602784549817e-06[0m  |
| [0;34;40mvalidate/pairwise_cos_hist_bin_06_epoch[0m | [0;32;40m9.007602784549817e-06[0m  |
|    [0;34;40mvalidate/pairwise_cos_hist_bin_07[0m    |  [0;32;40m0.010667620226740837[0m  |
| [0;34;40mvalidate/pairwise_cos_hist_bin_07_epoch[0m |  [0;32;40m0.010667620226740837[0m  |
|    [0;34;40mvalidate/pairwise_cos_hist_bin_08[0m    |  [0;32;40m0.10748138278722763[0m   |
| [0;34;40mvalidate/pairwise_cos_hist_bin_08_epoch[0m |  [0;32;40m0.10748138278722763[0m   |
|    [0;34;40mvalidate/pairwise_cos_hist_bin_09[0m    |   [0;32;40m0.4972008466720581[0m   |
| [0;34;40mvalidate/pairwise_cos_hist_bin_09_epoch[0m |   [0;32;40m0.4972008466720581[0m   |
|    [0;34;40mvalidate/pairwise_cos_hist_bin_10[0m    |   [0;32;40m0.2784273028373718[0m   |
| [0;34;40mvalidate/pairwise_cos_hist_bin_10_epoch[0m |   [0;32;40m0.2784273028373718[0m   |
|    [0;34;40mvalidate/pairwise_cos_hist_bin_11[0m    |  [0;32;40m0.04905331879854202[0m   |
| [0;34;40mvalidate/pairwise_cos_hist_bin_11_epoch[0m |  [0;32;40m0.04905331879854202[0m   |
|    [0;34;40mvalidate/pairwise_cos_hist_bin_12[0m    |  [0;32;40m0.01620812527835369[0m   |
| [0;34;40mvalidate/pairwise_cos_hist_bin_12_epoch[0m |  [0;32;40m0.01620812527835369[0m   |
|    [0;34;40mvalidate/pairwise_cos_hist_bin_13[0m    |  [0;32;40m0.008035100065171719[0m  |
| [0;34;40mvalidate/pairwise_cos_hist_bin_13_epoch[0m |  [0;32;40m0.008035100065171719[0m  |
|    [0;34;40mvalidate/pairwise_cos_hist_bin_14[0m    |  [0;32;40m0.006614401936531067[0m  |
| [0;34;40mvalidate/pairwise_cos_hist_bin_14_epoch[0m |  [0;32;40m0.006614401936531067[0m  |
|    [0;34;40mvalidate/pairwise_cos_hist_bin_15[0m    | [0;32;40m0.0058756424114108086[0m  |
| [0;34;40mvalidate/pairwise_cos_hist_bin_15_epoch[0m | [0;32;40m0.0058756424114108086[0m  |
|    [0;34;40mvalidate/pairwise_cos_hist_bin_16[0m    |  [0;32;40m0.005345592740923166[0m  |
| [0;34;40mvalidate/pairwise_cos_hist_bin_16_epoch[0m |  [0;32;40m0.005345592740923166[0m  |
|    [0;34;40mvalidate/pairwise_cos_hist_bin_17[0m    |  [0;32;40m0.00489054573699832[0m   |
| [0;34;40mvalidate/pairwise_cos_hist_bin_17_epoch[0m |  [0;32;40m0.00489054573699832[0m   |
|    [0;34;40mvalidate/pairwise_cos_hist_bin_18[0m    |  [0;32;40m0.005054960027337074[0m  |
| [0;34;40mvalidate/pairwise_cos_hist_bin_18_epoch[0m |  [0;32;40m0.005054960027337074[0m  |
|    [0;34;40mvalidate/pairwise_cos_hist_bin_19[0m    |  [0;32;40m0.005136176943778992[0m  |
| [0;34;40mvalidate/pairwise_cos_hist_bin_19_epoch[0m |  [0;32;40m0.005136176943778992[0m  |
|        [0;34;40mvalidate/pairwise_cos_max[0m        |          [0;32;40m1.0[0m           |
|     [0;34;40mvalidate/pairwise_cos_max_epoch[0m     |          [0;32;40m1.0[0m           |
|        [0;34;40mvalidate/pairwise_cos_mean[0m       |  [0;32;40m0.007352534215897322[0m  |
|     [0;34;40mvalidate/pairwise_cos_mean_epoch[0m    |  [0;32;40m0.007352534215897322[0m  |
|        [0;34;40mvalidate/pairwise_cos_min[0m        |  [0;32;40m-0.29682764410972595[0m  |
|     [0;34;40mvalidate/pairwise_cos_min_epoch[0m     |  [0;32;40m-0.29682764410972595[0m  |
|        [0;34;40mvalidate/pairwise_cos_std[0m        |  [0;32;40m0.15407487750053406[0m   |
|     [0;34;40mvalidate/pairwise_cos_std_epoch[0m     |  [0;32;40m0.15407487750053406[0m   |
|            [0;34;40mvalidate/pred_loss[0m           |  [0;32;40m0.033496204763650894[0m  |
|         [0;34;40mvalidate/pred_loss_epoch[0m        |  [0;32;40m0.033496204763650894[0m  |
|           [0;34;40mvalidate/sigreg_loss[0m          |   [0;32;40m2.049487829208374[0m    |
|        [0;34;40mvalidate/sigreg_loss_epoch[0m       |   [0;32;40m2.049487829208374[0m    |
+-----------------------------------------+------------------------+
21:48:03 | INFO  | utils.py    | 📦📦📦 Model saved to /data1/Johnny/challenge/wrf/homework/outputs/stable-wm/checkpoints/lewm_reacher_15/weights_epoch_13.pt 📦📦📦
[Epoch 12/15] done in 1820.9s
21:48:03 | INFO  | checkpoint_~|   Checking for non PyTorch modules to save
21:48:03 | INFO  | atomic_chec~| [atomic_save] → /data1/Johnny/challenge/wrf/homework/outputs/home/.cache/stable-pretraining/runs/20260715/150757/246fc50c1277/checkpoints/epoch=12-step=20787.ckpt
21:48:04 | INFO  | atomic_chec~| [atomic_save] ✓ epoch=12-step=20787.ckpt saved (206.8 MiB, serialise=0.32s write=0.22s rename=0.1ms)
21:48:04 | INFO  | checkpoint_~|   Checking for non PyTorch modules to save
21:48:04 | INFO  | atomic_chec~| [atomic_save] → /data1/Johnny/challenge/wrf/homework/outputs/home/.cache/stable-pretraining/runs/20260715/150757/246fc50c1277/checkpoints/last.ckpt
21:48:04 | INFO  | atomic_chec~| [atomic_save] ✓ last.ckpt saved (206.8 MiB, serialise=0.31s write=0.20s rename=16.4ms)
[Epoch 13/15] step 50/1599 (0.8 it/s)
[Epoch 13/15] step 50/1599 (0.8 it/s)
[Epoch 13/15] step 50/1599 (0.8 it/s)
[Epoch 13/15] step 50/1599 (0.8 it/s)
[Epoch 13/15] step 50/1599 (0.8 it/s)
[Epoch 13/15] step 50/1599 (0.8 it/s)
[Epoch 13/15] step 50/1599 (0.8 it/s)
[Epoch 13/15] step 50/1599 (0.8 it/s)
[Epoch 13/15] step 100/1599 (0.9 it/s)
[Epoch 13/15] step 100/1599 (0.9 it/s)
[Epoch 13/15] step 100/1599 (0.9 it/s)
[Epoch 13/15] step 100/1599 (0.9 it/s)
[Epoch 13/15] step 100/1599 (0.9 it/s)
[Epoch 13/15] step 100/1599 (0.9 it/s)
[Epoch 13/15] step 100/1599 (0.9 it/s)
[Epoch 13/15] step 100/1599 (0.9 it/s)
[Epoch 13/15] step 150/1599 (0.9 it/s)
[Epoch 13/15] step 150/1599 (0.9 it/s)
[Epoch 13/15] step 150/1599 (0.9 it/s)
[Epoch 13/15] step 150/1599 (0.9 it/s)
[Epoch 13/15] step 150/1599 (0.9 it/s)
[Epoch 13/15] step 150/1599 (0.9 it/s)
[Epoch 13/15] step 150/1599 (0.9 it/s)
[Epoch 13/15] step 150/1599 (0.9 it/s)
[Epoch 13/15] step 200/1599 (0.9 it/s)
[Epoch 13/15] step 200/1599 (0.9 it/s)
[Epoch 13/15] step 200/1599 (0.9 it/s)
[Epoch 13/15] step 200/1599 (0.9 it/s)
[Epoch 13/15] step 200/1599 (0.9 it/s)
[Epoch 13/15] step 200/1599 (0.9 it/s)
[Epoch 13/15] step 200/1599 (0.9 it/s)
[Epoch 13/15] step 200/1599 (0.9 it/s)
[Epoch 13/15] step 250/1599 (0.9 it/s)
[Epoch 13/15] step 250/1599 (0.9 it/s)
[Epoch 13/15] step 250/1599 (0.9 it/s)
[Epoch 13/15] step 250/1599 (0.9 it/s)
[Epoch 13/15] step 250/1599 (0.9 it/s)
[Epoch 13/15] step 250/1599 (0.9 it/s)
[Epoch 13/15] step 250/1599 (0.9 it/s)
[Epoch 13/15] step 250/1599 (0.9 it/s)
[Epoch 13/15] step 300/1599 (0.9 it/s)
[Epoch 13/15] step 300/1599 (0.9 it/s)
[Epoch 13/15] step 300/1599 (0.9 it/s)
[Epoch 13/15] step 300/1599 (0.9 it/s)
[Epoch 13/15] step 300/1599 (0.9 it/s)
[Epoch 13/15] step 300/1599 (0.9 it/s)
[Epoch 13/15] step 300/1599 (0.9 it/s)
[Epoch 13/15] step 300/1599 (0.9 it/s)
[Epoch 13/15] step 350/1599 (0.9 it/s)
[Epoch 13/15] step 350/1599 (0.9 it/s)
[Epoch 13/15] step 350/1599 (0.9 it/s)
[Epoch 13/15] step 350/1599 (0.9 it/s)
[Epoch 13/15] step 350/1599 (0.9 it/s)
[Epoch 13/15] step 350/1599 (0.9 it/s)
[Epoch 13/15] step 350/1599 (0.9 it/s)
[Epoch 13/15] step 350/1599 (0.9 it/s)
[Epoch 13/15] step 400/1599 (0.9 it/s)
[Epoch 13/15] step 400/1599 (0.9 it/s)
[Epoch 13/15] step 400/1599 (0.9 it/s)
[Epoch 13/15] step 400/1599 (0.9 it/s)
[Epoch 13/15] step 400/1599 (0.9 it/s)
[Epoch 13/15] step 400/1599 (0.9 it/s)
[Epoch 13/15] step 400/1599 (0.9 it/s)
[Epoch 13/15] step 400/1599 (0.9 it/s)
[Epoch 13/15] step 450/1599 (0.9 it/s)
[Epoch 13/15] step 450/1599 (0.9 it/s)
[Epoch 13/15] step 450/1599 (0.9 it/s)
[Epoch 13/15] step 450/1599 (0.9 it/s)
[Epoch 13/15] step 450/1599 (0.9 it/s)
[Epoch 13/15] step 450/1599 (0.9 it/s)
[Epoch 13/15] step 450/1599 (0.9 it/s)
[Epoch 13/15] step 450/1599 (0.9 it/s)
[Epoch 13/15] step 500/1599 (0.9 it/s)
[Epoch 13/15] step 500/1599 (0.9 it/s)
[Epoch 13/15] step 500/1599 (0.9 it/s)
[Epoch 13/15] step 500/1599 (0.9 it/s)
[Epoch 13/15] step 500/1599 (0.9 it/s)
[Epoch 13/15] step 500/1599 (0.9 it/s)
[Epoch 13/15] step 500/1599 (0.9 it/s)
[Epoch 13/15] step 500/1599 (0.9 it/s)
[Epoch 13/15] step 550/1599 (1.0 it/s)
[Epoch 13/15] step 550/1599 (1.0 it/s)
[Epoch 13/15] step 550/1599 (1.0 it/s)
[Epoch 13/15] step 550/1599 (1.0 it/s)
[Epoch 13/15] step 550/1599 (1.0 it/s)
[Epoch 13/15] step 550/1599 (1.0 it/s)
[Epoch 13/15] step 550/1599 (1.0 it/s)
[Epoch 13/15] step 550/1599 (1.0 it/s)
[Epoch 13/15] step 600/1599 (1.0 it/s)
[Epoch 13/15] step 600/1599 (1.0 it/s)
[Epoch 13/15] step 600/1599 (1.0 it/s)
[Epoch 13/15] step 600/1599 (1.0 it/s)
[Epoch 13/15] step 600/1599 (1.0 it/s)
[Epoch 13/15] step 600/1599 (1.0 it/s)
[Epoch 13/15] step 600/1599 (1.0 it/s)
[Epoch 13/15] step 600/1599 (1.0 it/s)
[Epoch 13/15] step 650/1599 (1.0 it/s)
[Epoch 13/15] step 650/1599 (1.0 it/s)
[Epoch 13/15] step 650/1599 (1.0 it/s)
[Epoch 13/15] step 650/1599 (1.0 it/s)
[Epoch 13/15] step 650/1599 (1.0 it/s)
[Epoch 13/15] step 650/1599 (1.0 it/s)
[Epoch 13/15] step 650/1599 (1.0 it/s)
[Epoch 13/15] step 650/1599 (1.0 it/s)
[Epoch 13/15] step 700/1599 (1.0 it/s)
[Epoch 13/15] step 700/1599 (1.0 it/s)
[Epoch 13/15] step 700/1599 (1.0 it/s)
[Epoch 13/15] step 700/1599 (1.0 it/s)
[Epoch 13/15] step 700/1599 (1.0 it/s)
[Epoch 13/15] step 700/1599 (1.0 it/s)
[Epoch 13/15] step 700/1599 (1.0 it/s)
[Epoch 13/15] step 700/1599 (1.0 it/s)
[Epoch 13/15] step 750/1599 (1.0 it/s)
[Epoch 13/15] step 750/1599 (1.0 it/s)
[Epoch 13/15] step 750/1599 (1.0 it/s)
[Epoch 13/15] step 750/1599 (1.0 it/s)
[Epoch 13/15] step 750/1599 (1.0 it/s)
[Epoch 13/15] step 750/1599 (1.0 it/s)
[Epoch 13/15] step 750/1599 (1.0 it/s)
[Epoch 13/15] step 750/1599 (1.0 it/s)
[Epoch 13/15] step 800/1599 (1.0 it/s)
[Epoch 13/15] step 800/1599 (1.0 it/s)
[Epoch 13/15] step 800/1599 (1.0 it/s)
[Epoch 13/15] step 800/1599 (1.0 it/s)
[Epoch 13/15] step 800/1599 (1.0 it/s)
[Epoch 13/15] step 800/1599 (1.0 it/s)
[Epoch 13/15] step 800/1599 (1.0 it/s)
[Epoch 13/15] step 800/1599 (1.0 it/s)
[Epoch 13/15] step 850/1599 (1.0 it/s)
[Epoch 13/15] step 850/1599 (1.0 it/s)
[Epoch 13/15] step 850/1599 (1.0 it/s)
[Epoch 13/15] step 850/1599 (1.0 it/s)
[Epoch 13/15] step 850/1599 (1.0 it/s)
[Epoch 13/15] step 850/1599 (1.0 it/s)
[Epoch 13/15] step 850/1599 (1.0 it/s)
[Epoch 13/15] step 850/1599 (1.0 it/s)
[Epoch 13/15] step 900/1599 (1.0 it/s)
[Epoch 13/15] step 900/1599 (1.0 it/s)
[Epoch 13/15] step 900/1599 (1.0 it/s)
[Epoch 13/15] step 900/1599 (1.0 it/s)
[Epoch 13/15] step 900/1599 (1.0 it/s)
[Epoch 13/15] step 900/1599 (1.0 it/s)
[Epoch 13/15] step 900/1599 (1.0 it/s)
[Epoch 13/15] step 900/1599 (1.0 it/s)
[Epoch 13/15] step 950/1599 (1.0 it/s)
[Epoch 13/15] step 950/1599 (1.0 it/s)
[Epoch 13/15] step 950/1599 (1.0 it/s)
[Epoch 13/15] step 950/1599 (1.0 it/s)
[Epoch 13/15] step 950/1599 (1.0 it/s)
[Epoch 13/15] step 950/1599 (1.0 it/s)
[Epoch 13/15] step 950/1599 (1.0 it/s)
[Epoch 13/15] step 950/1599 (1.0 it/s)
[Epoch 13/15] step 1000/1599 (1.0 it/s)
[Epoch 13/15] step 1000/1599 (1.0 it/s)
[Epoch 13/15] step 1000/1599 (1.0 it/s)
[Epoch 13/15] step 1000/1599 (1.0 it/s)
[Epoch 13/15] step 1000/1599 (1.0 it/s)
[Epoch 13/15] step 1000/1599 (1.0 it/s)
[Epoch 13/15] step 1000/1599 (1.0 it/s)
[Epoch 13/15] step 1000/1599 (1.0 it/s)
[Epoch 13/15] step 1050/1599 (1.0 it/s)
[Epoch 13/15] step 1050/1599 (1.0 it/s)
[Epoch 13/15] step 1050/1599 (1.0 it/s)
[Epoch 13/15] step 1050/1599 (1.0 it/s)
[Epoch 13/15] step 1050/1599 (1.0 it/s)
[Epoch 13/15] step 1050/1599 (1.0 it/s)
[Epoch 13/15] step 1050/1599 (1.0 it/s)
[Epoch 13/15] step 1050/1599 (1.0 it/s)
[Epoch 13/15] step 1100/1599 (1.0 it/s)
[Epoch 13/15] step 1100/1599 (1.0 it/s)
[Epoch 13/15] step 1100/1599 (1.0 it/s)
[Epoch 13/15] step 1100/1599 (1.0 it/s)
[Epoch 13/15] step 1100/1599 (1.0 it/s)
[Epoch 13/15] step 1100/1599 (1.0 it/s)
[Epoch 13/15] step 1100/1599 (1.0 it/s)
[Epoch 13/15] step 1100/1599 (1.0 it/s)
[Epoch 13/15] step 1150/1599 (1.0 it/s)
[Epoch 13/15] step 1150/1599 (1.0 it/s)
[Epoch 13/15] step 1150/1599 (1.0 it/s)
[Epoch 13/15] step 1150/1599 (1.0 it/s)
[Epoch 13/15] step 1150/1599 (1.0 it/s)
[Epoch 13/15] step 1150/1599 (1.0 it/s)
[Epoch 13/15] step 1150/1599 (1.0 it/s)
[Epoch 13/15] step 1150/1599 (1.0 it/s)
[Epoch 13/15] step 1200/1599 (1.0 it/s)
[Epoch 13/15] step 1200/1599 (1.0 it/s)
[Epoch 13/15] step 1200/1599 (1.0 it/s)
[Epoch 13/15] step 1200/1599 (1.0 it/s)
[Epoch 13/15] step 1200/1599 (1.0 it/s)
[Epoch 13/15] step 1200/1599 (1.0 it/s)
[Epoch 13/15] step 1200/1599 (1.0 it/s)
[Epoch 13/15] step 1200/1599 (1.0 it/s)
[Epoch 13/15] step 1250/1599 (1.0 it/s)
[Epoch 13/15] step 1250/1599 (1.0 it/s)
[Epoch 13/15] step 1250/1599 (1.0 it/s)
[Epoch 13/15] step 1250/1599 (1.0 it/s)
[Epoch 13/15] step 1250/1599 (1.0 it/s)
[Epoch 13/15] step 1250/1599 (1.0 it/s)
[Epoch 13/15] step 1250/1599 (1.0 it/s)
[Epoch 13/15] step 1250/1599 (1.0 it/s)
[Epoch 13/15] step 1300/1599 (1.0 it/s)
[Epoch 13/15] step 1300/1599 (1.0 it/s)
[Epoch 13/15] step 1300/1599 (1.0 it/s)
[Epoch 13/15] step 1300/1599 (1.0 it/s)
[Epoch 13/15] step 1300/1599 (1.0 it/s)
[Epoch 13/15] step 1300/1599 (1.0 it/s)
[Epoch 13/15] step 1300/1599 (1.0 it/s)
[Epoch 13/15] step 1300/1599 (1.0 it/s)
[Epoch 13/15] step 1350/1599 (1.0 it/s)
[Epoch 13/15] step 1350/1599 (1.0 it/s)
[Epoch 13/15] step 1350/1599 (1.0 it/s)
[Epoch 13/15] step 1350/1599 (1.0 it/s)
[Epoch 13/15] step 1350/1599 (1.0 it/s)
[Epoch 13/15] step 1350/1599 (1.0 it/s)
[Epoch 13/15] step 1350/1599 (1.0 it/s)
[Epoch 13/15] step 1350/1599 (1.0 it/s)
[Epoch 13/15] step 1400/1599 (1.0 it/s)
[Epoch 13/15] step 1400/1599 (1.0 it/s)
[Epoch 13/15] step 1400/1599 (1.0 it/s)
[Epoch 13/15] step 1400/1599 (1.0 it/s)
[Epoch 13/15] step 1400/1599 (1.0 it/s)
[Epoch 13/15] step 1400/1599 (1.0 it/s)
[Epoch 13/15] step 1400/1599 (1.0 it/s)
[Epoch 13/15] step 1400/1599 (1.0 it/s)
[Epoch 13/15] step 1450/1599 (1.0 it/s)
[Epoch 13/15] step 1450/1599 (1.0 it/s)
[Epoch 13/15] step 1450/1599 (1.0 it/s)
[Epoch 13/15] step 1450/1599 (1.0 it/s)
[Epoch 13/15] step 1450/1599 (1.0 it/s)
[Epoch 13/15] step 1450/1599 (1.0 it/s)
[Epoch 13/15] step 1450/1599 (1.0 it/s)
[Epoch 13/15] step 1450/1599 (1.0 it/s)
[Epoch 13/15] step 1500/1599 (1.0 it/s)
[Epoch 13/15] step 1500/1599 (1.0 it/s)
[Epoch 13/15] step 1500/1599 (1.0 it/s)
[Epoch 13/15] step 1500/1599 (1.0 it/s)
[Epoch 13/15] step 1500/1599 (1.0 it/s)
[Epoch 13/15] step 1500/1599 (1.0 it/s)
[Epoch 13/15] step 1500/1599 (1.0 it/s)
[Epoch 13/15] step 1500/1599 (1.0 it/s)
[Epoch 13/15] step 1550/1599 (1.0 it/s)
[Epoch 13/15] step 1550/1599 (1.0 it/s)
[Epoch 13/15] step 1550/1599 (1.0 it/s)
[Epoch 13/15] step 1550/1599 (1.0 it/s)
[Epoch 13/15] step 1550/1599 (1.0 it/s)
[Epoch 13/15] step 1550/1599 (1.0 it/s)
[Epoch 13/15] step 1550/1599 (1.0 it/s)
[Epoch 13/15] step 1550/1599 (1.0 it/s)
[Epoch 13/15] done in 1858.2s
[Epoch 13/15] done in 1858.2s
[Epoch 13/15] done in 1858.2s
[Epoch 13/15] done in 1858.2s
[Epoch 13/15] done in 1858.2s
[Epoch 13/15] done in 1858.2s
[Epoch 13/15] done in 1858.2s
22:19:02 | INFO  | trainer_inf~| \n+-----------------------------------------+------------------------+
|                  Metric                 |         Value          |
+-----------------------------------------+------------------------+
|           [0;34;40mfit/active_dim_count[0m          |         [0;32;40m192.0[0m          |
|             [0;34;40mfit/latent_mean[0m             | [0;32;40m0.0007281825528480113[0m  |
|             [0;34;40mfit/latent_norm[0m             |   [0;32;40m13.526345252990723[0m   |
|              [0;34;40mfit/latent_std[0m             |   [0;32;40m0.9787394404411316[0m   |
|           [0;34;40mfit/learning_rate_0[0m           | [0;32;40m5.573211296905356e-07[0m  |
|                 [0;34;40mfit/loss[0m                |   [0;32;40m0.1709544062614441[0m   |
|           [0;34;40mfit/loss_future_cos[0m           |  [0;32;40m0.01842283457517624[0m   |
|            [0;34;40mfit/loss_future_l1[0m           |     [0;32;40m0.115478515625[0m     |
|               [0;34;40mfit/loss_mse[0m              |  [0;32;40m0.033991508185863495[0m  |
|         [0;34;40mfit/loss_mse_horizon_01[0m         |  [0;32;40m0.08565710484981537[0m   |
|         [0;34;40mfit/loss_mse_horizon_02[0m         |  [0;32;40m0.00826222449541092[0m   |
|         [0;34;40mfit/loss_mse_horizon_03[0m         |  [0;32;40m0.008055201731622219[0m  |
|              [0;34;40mfit/loss_total[0m             |   [0;32;40m0.1709544062614441[0m   |
|       [0;34;40mfit/pairwise_cos_hist_bin_00[0m      |          [0;32;40m0.0[0m           |
|       [0;34;40mfit/pairwise_cos_hist_bin_01[0m      |          [0;32;40m0.0[0m           |
|       [0;34;40mfit/pairwise_cos_hist_bin_02[0m      |          [0;32;40m0.0[0m           |
|       [0;34;40mfit/pairwise_cos_hist_bin_03[0m      |          [0;32;40m0.0[0m           |
|       [0;34;40mfit/pairwise_cos_hist_bin_04[0m      |          [0;32;40m0.0[0m           |
|       [0;34;40mfit/pairwise_cos_hist_bin_05[0m      |          [0;32;40m0.0[0m           |
|       [0;34;40mfit/pairwise_cos_hist_bin_06[0m      | [0;32;40m4.968811117578298e-05[0m  |
|       [0;34;40mfit/pairwise_cos_hist_bin_07[0m      |  [0;32;40m0.013715829700231552[0m  |
|       [0;34;40mfit/pairwise_cos_hist_bin_08[0m      |   [0;32;40m0.1306338608264923[0m   |
|       [0;34;40mfit/pairwise_cos_hist_bin_09[0m      |   [0;32;40m0.5095124244689941[0m   |
|       [0;34;40mfit/pairwise_cos_hist_bin_10[0m      |   [0;32;40m0.2493215799331665[0m   |
|       [0;34;40mfit/pairwise_cos_hist_bin_11[0m      |  [0;32;40m0.044185154139995575[0m  |
|       [0;34;40mfit/pairwise_cos_hist_bin_12[0m      |  [0;32;40m0.013633652590215206[0m  |
|       [0;34;40mfit/pairwise_cos_hist_bin_13[0m      |  [0;32;40m0.007565970532596111[0m  |
|       [0;34;40mfit/pairwise_cos_hist_bin_14[0m      |  [0;32;40m0.006300834473222494[0m  |
|       [0;34;40mfit/pairwise_cos_hist_bin_15[0m      |   [0;32;40m0.0057351547293365[0m   |
|       [0;34;40mfit/pairwise_cos_hist_bin_16[0m      |  [0;32;40m0.00501754367724061[0m   |
|       [0;34;40mfit/pairwise_cos_hist_bin_17[0m      |  [0;32;40m0.004643927328288555[0m  |
|       [0;34;40mfit/pairwise_cos_hist_bin_18[0m      |  [0;32;40m0.004788214340806007[0m  |
|       [0;34;40mfit/pairwise_cos_hist_bin_19[0m      |  [0;32;40m0.004896190483123064[0m  |
|           [0;34;40mfit/pairwise_cos_max[0m          |          [0;32;40m1.0[0m           |
|          [0;34;40mfit/pairwise_cos_mean[0m          | [0;32;40m-0.0018358230590820312[0m |
|           [0;34;40mfit/pairwise_cos_min[0m          |     [0;32;40m-0.30615234375[0m     |
|           [0;34;40mfit/pairwise_cos_std[0m          |    [0;32;40m0.1527099609375[0m     |
|              [0;34;40mfit/pred_loss[0m              |  [0;32;40m0.033991508185863495[0m  |
|           [0;34;40mfit/samples_per_sec[0m           |    [0;32;40m1358.9951171875[0m     |
|             [0;34;40mfit/sigreg_loss[0m             |      [0;32;40m1.521484375[0m       |
|           [0;34;40mhardware/cpu_percent[0m          |   [0;32;40m36.29999923706055[0m    |
|         [0;34;40mhardware/disk_read_mb_s[0m         |   [0;32;40m0.2873626947402954[0m   |
|         [0;34;40mhardware/disk_write_mb_s[0m        |   [0;32;40m0.4087890386581421[0m   |
|          [0;34;40mhardware/net_recv_mb_s[0m         |  [0;32;40m0.004908028524369001[0m  |
|          [0;34;40mhardware/net_sent_mb_s[0m         |  [0;32;40m0.003950043581426144[0m  |
|           [0;34;40mhardware/ram_used_gb[0m          |   [0;32;40m530.7097778320312[0m    |
|          [0;34;40mhardware/ram_used_pct[0m          |   [0;32;40m28.399999618530273[0m   |
|           [0;34;40mhparams/lr_default_0[0m          | [0;32;40m5.573211296905356e-07[0m  |
|        [0;34;40mvalidate/active_dim_count[0m        |         [0;32;40m192.0[0m          |
|     [0;34;40mvalidate/active_dim_count_epoch[0m     |         [0;32;40m192.0[0m          |
|           [0;34;40mvalidate/latent_mean[0m          | [0;32;40m-0.0008777148905210197[0m |
|        [0;34;40mvalidate/latent_mean_epoch[0m       | [0;32;40m-0.0008777148905210197[0m |
|           [0;34;40mvalidate/latent_norm[0m          |   [0;32;40m13.672406196594238[0m   |
|        [0;34;40mvalidate/latent_norm_epoch[0m       |   [0;32;40m13.672406196594238[0m   |
|           [0;34;40mvalidate/latent_std[0m           |   [0;32;40m0.987566351890564[0m    |
|        [0;34;40mvalidate/latent_std_epoch[0m        |   [0;32;40m0.987566351890564[0m    |
|              [0;34;40mvalidate/loss[0m              |  [0;32;40m0.20114769041538239[0m   |
|           [0;34;40mvalidate/loss_epoch[0m           |  [0;32;40m0.20114769041538239[0m   |
|         [0;34;40mvalidate/loss_future_cos[0m        |  [0;32;40m0.01603529416024685[0m   |
|      [0;34;40mvalidate/loss_future_cos_epoch[0m     |  [0;32;40m0.01603529416024685[0m   |
|         [0;34;40mvalidate/loss_future_l1[0m         |  [0;32;40m0.10367586463689804[0m   |
|      [0;34;40mvalidate/loss_future_l1_epoch[0m      |  [0;32;40m0.10367586463689804[0m   |
|            [0;34;40mvalidate/loss_mse[0m            |  [0;32;40m0.030676519498229027[0m  |
|         [0;34;40mvalidate/loss_mse_epoch[0m         |  [0;32;40m0.030676519498229027[0m  |
|       [0;34;40mvalidate/loss_mse_horizon_01[0m      |  [0;32;40m0.08181441575288773[0m   |
|    [0;34;40mvalidate/loss_mse_horizon_01_epoch[0m   |  [0;32;40m0.08181441575288773[0m   |
|       [0;34;40mvalidate/loss_mse_horizon_02[0m      |  [0;32;40m0.005150689277797937[0m  |
|    [0;34;40mvalidate/loss_mse_horizon_02_epoch[0m   |  [0;32;40m0.005150689277797937[0m  |
|       [0;34;40mvalidate/loss_mse_horizon_03[0m      |  [0;32;40m0.005064446944743395[0m  |
|    [0;34;40mvalidate/loss_mse_horizon_03_epoch[0m   |  [0;32;40m0.005064446944743395[0m  |
|           [0;34;40mvalidate/loss_total[0m           |  [0;32;40m0.20114769041538239[0m   |
|        [0;34;40mvalidate/loss_total_epoch[0m        |  [0;32;40m0.20114769041538239[0m   |
|    [0;34;40mvalidate/pairwise_cos_hist_bin_00[0m    |          [0;32;40m0.0[0m           |
| [0;34;40mvalidate/pairwise_cos_hist_bin_00_epoch[0m |          [0;32;40m0.0[0m           |
|    [0;34;40mvalidate/pairwise_cos_hist_bin_01[0m    |          [0;32;40m0.0[0m           |
| [0;34;40mvalidate/pairwise_cos_hist_bin_01_epoch[0m |          [0;32;40m0.0[0m           |
|    [0;34;40mvalidate/pairwise_cos_hist_bin_02[0m    |          [0;32;40m0.0[0m           |
| [0;34;40mvalidate/pairwise_cos_hist_bin_02_epoch[0m |          [0;32;40m0.0[0m           |
|    [0;34;40mvalidate/pairwise_cos_hist_bin_03[0m    |          [0;32;40m0.0[0m           |
| [0;34;40mvalidate/pairwise_cos_hist_bin_03_epoch[0m |          [0;32;40m0.0[0m           |
|    [0;34;40mvalidate/pairwise_cos_hist_bin_04[0m    |          [0;32;40m0.0[0m           |
| [0;34;40mvalidate/pairwise_cos_hist_bin_04_epoch[0m |          [0;32;40m0.0[0m           |
|    [0;34;40mvalidate/pairwise_cos_hist_bin_05[0m    |          [0;32;40m0.0[0m           |
| [0;34;40mvalidate/pairwise_cos_hist_bin_05_epoch[0m |          [0;32;40m0.0[0m           |
|    [0;34;40mvalidate/pairwise_cos_hist_bin_06[0m    |  [0;32;40m5.14253624714911e-05[0m  |
| [0;34;40mvalidate/pairwise_cos_hist_bin_06_epoch[0m |  [0;32;40m5.14253624714911e-05[0m  |
|    [0;34;40mvalidate/pairwise_cos_hist_bin_07[0m    |  [0;32;40m0.012063452042639256[0m  |
| [0;34;40mvalidate/pairwise_cos_hist_bin_07_epoch[0m |  [0;32;40m0.012063452042639256[0m  |
|    [0;34;40mvalidate/pairwise_cos_hist_bin_08[0m    |  [0;32;40m0.10696291923522949[0m   |
| [0;34;40mvalidate/pairwise_cos_hist_bin_08_epoch[0m |  [0;32;40m0.10696291923522949[0m   |
|    [0;34;40mvalidate/pairwise_cos_hist_bin_09[0m    |   [0;32;40m0.5146348476409912[0m   |
| [0;34;40mvalidate/pairwise_cos_hist_bin_09_epoch[0m |   [0;32;40m0.5146348476409912[0m   |
|    [0;34;40mvalidate/pairwise_cos_hist_bin_10[0m    |   [0;32;40m0.2596149742603302[0m   |
| [0;34;40mvalidate/pairwise_cos_hist_bin_10_epoch[0m |   [0;32;40m0.2596149742603302[0m   |
|    [0;34;40mvalidate/pairwise_cos_hist_bin_11[0m    |  [0;32;40m0.05094769969582558[0m   |
| [0;34;40mvalidate/pairwise_cos_hist_bin_11_epoch[0m |  [0;32;40m0.05094769969582558[0m   |
|    [0;34;40mvalidate/pairwise_cos_hist_bin_12[0m    |  [0;32;40m0.014944828115403652[0m  |
| [0;34;40mvalidate/pairwise_cos_hist_bin_12_epoch[0m |  [0;32;40m0.014944828115403652[0m  |
|    [0;34;40mvalidate/pairwise_cos_hist_bin_13[0m    |  [0;32;40m0.007939684204757214[0m  |
| [0;34;40mvalidate/pairwise_cos_hist_bin_13_epoch[0m |  [0;32;40m0.007939684204757214[0m  |
|    [0;34;40mvalidate/pairwise_cos_hist_bin_14[0m    |  [0;32;40m0.006558350753039122[0m  |
| [0;34;40mvalidate/pairwise_cos_hist_bin_14_epoch[0m |  [0;32;40m0.006558350753039122[0m  |
|    [0;34;40mvalidate/pairwise_cos_hist_bin_15[0m    |  [0;32;40m0.005848408676683903[0m  |
| [0;34;40mvalidate/pairwise_cos_hist_bin_15_epoch[0m |  [0;32;40m0.005848408676683903[0m  |
|    [0;34;40mvalidate/pairwise_cos_hist_bin_16[0m    |  [0;32;40m0.005327184684574604[0m  |
| [0;34;40mvalidate/pairwise_cos_hist_bin_16_epoch[0m |  [0;32;40m0.005327184684574604[0m  |
|    [0;34;40mvalidate/pairwise_cos_hist_bin_17[0m    |  [0;32;40m0.004902636632323265[0m  |
| [0;34;40mvalidate/pairwise_cos_hist_bin_17_epoch[0m |  [0;32;40m0.004902636632323265[0m  |
|    [0;34;40mvalidate/pairwise_cos_hist_bin_18[0m    |   [0;32;40m0.0050660097040236[0m   |
| [0;34;40mvalidate/pairwise_cos_hist_bin_18_epoch[0m |   [0;32;40m0.0050660097040236[0m   |
|    [0;34;40mvalidate/pairwise_cos_hist_bin_19[0m    |  [0;32;40m0.005137566942721605[0m  |
| [0;34;40mvalidate/pairwise_cos_hist_bin_19_epoch[0m |  [0;32;40m0.005137566942721605[0m  |
|        [0;34;40mvalidate/pairwise_cos_max[0m        |   [0;32;40m0.9999972581863403[0m   |
|     [0;34;40mvalidate/pairwise_cos_max_epoch[0m     |   [0;32;40m0.9999972581863403[0m   |
|        [0;34;40mvalidate/pairwise_cos_mean[0m       |  [0;32;40m0.004826873075217009[0m  |
|     [0;34;40mvalidate/pairwise_cos_mean_epoch[0m    |  [0;32;40m0.004826873075217009[0m  |
|        [0;34;40mvalidate/pairwise_cos_min[0m        |  [0;32;40m-0.3103337585926056[0m   |
|     [0;34;40mvalidate/pairwise_cos_min_epoch[0m     |  [0;32;40m-0.3103337585926056[0m   |
|        [0;34;40mvalidate/pairwise_cos_std[0m        |  [0;32;40m0.15442217886447906[0m   |
|     [0;34;40mvalidate/pairwise_cos_std_epoch[0m     |  [0;32;40m0.15442217886447906[0m   |
|            [0;34;40mvalidate/pred_loss[0m           |  [0;32;40m0.030676519498229027[0m  |
|         [0;34;40mvalidate/pred_loss_epoch[0m        |  [0;32;40m0.030676519498229027[0m  |
|           [0;34;40mvalidate/sigreg_loss[0m          |   [0;32;40m1.8940027952194214[0m   |
|        [0;34;40mvalidate/sigreg_loss_epoch[0m       |   [0;32;40m1.8940027952194214[0m   |
+-----------------------------------------+------------------------+
22:19:02 | INFO  | utils.py    | 📦📦📦 Model saved to /data1/Johnny/challenge/wrf/homework/outputs/stable-wm/checkpoints/lewm_reacher_15/weights_epoch_14.pt 📦📦📦
[Epoch 13/15] done in 1858.3s
22:19:02 | INFO  | checkpoint_~|   Checking for non PyTorch modules to save
22:19:03 | INFO  | atomic_chec~| [atomic_save] → /data1/Johnny/challenge/wrf/homework/outputs/home/.cache/stable-pretraining/runs/20260715/150757/246fc50c1277/checkpoints/epoch=13-step=22386.ckpt
22:19:03 | INFO  | atomic_chec~| [atomic_save] ✓ epoch=13-step=22386.ckpt saved (206.8 MiB, serialise=0.37s write=0.22s rename=0.1ms)
22:19:03 | INFO  | checkpoint_~|   Checking for non PyTorch modules to save
22:19:03 | INFO  | atomic_chec~| [atomic_save] → /data1/Johnny/challenge/wrf/homework/outputs/home/.cache/stable-pretraining/runs/20260715/150757/246fc50c1277/checkpoints/last.ckpt
22:19:04 | INFO  | atomic_chec~| [atomic_save] ✓ last.ckpt saved (206.8 MiB, serialise=0.34s write=0.21s rename=18.0ms)
[Epoch 14/15] step 50/1599 (0.8 it/s)
[Epoch 14/15] step 50/1599 (0.8 it/s)
[Epoch 14/15] step 50/1599 (0.8 it/s)
[Epoch 14/15] step 50/1599 (0.8 it/s)
[Epoch 14/15] step 50/1599 (0.8 it/s)
[Epoch 14/15] step 50/1599 (0.8 it/s)
[Epoch 14/15] step 50/1599 (0.8 it/s)
[Epoch 14/15] step 50/1599 (0.8 it/s)
[Epoch 14/15] step 100/1599 (0.9 it/s)
[Epoch 14/15] step 100/1599 (0.9 it/s)
[Epoch 14/15] step 100/1599 (0.9 it/s)
[Epoch 14/15] step 100/1599 (0.9 it/s)
[Epoch 14/15] step 100/1599 (0.9 it/s)
[Epoch 14/15] step 100/1599 (0.9 it/s)
[Epoch 14/15] step 100/1599 (0.9 it/s)
[Epoch 14/15] step 100/1599 (0.9 it/s)
[Epoch 14/15] step 150/1599 (0.9 it/s)
[Epoch 14/15] step 150/1599 (0.9 it/s)
[Epoch 14/15] step 150/1599 (0.9 it/s)
[Epoch 14/15] step 150/1599 (0.9 it/s)
[Epoch 14/15] step 150/1599 (0.9 it/s)
[Epoch 14/15] step 150/1599 (0.9 it/s)
[Epoch 14/15] step 150/1599 (0.9 it/s)
[Epoch 14/15] step 150/1599 (0.9 it/s)
[Epoch 14/15] step 200/1599 (0.9 it/s)
[Epoch 14/15] step 200/1599 (0.9 it/s)
[Epoch 14/15] step 200/1599 (0.9 it/s)
[Epoch 14/15] step 200/1599 (0.9 it/s)
[Epoch 14/15] step 200/1599 (0.9 it/s)
[Epoch 14/15] step 200/1599 (0.9 it/s)
[Epoch 14/15] step 200/1599 (0.9 it/s)
[Epoch 14/15] step 200/1599 (0.9 it/s)
[Epoch 14/15] step 250/1599 (0.9 it/s)
[Epoch 14/15] step 250/1599 (0.9 it/s)
[Epoch 14/15] step 250/1599 (0.9 it/s)
[Epoch 14/15] step 250/1599 (0.9 it/s)
[Epoch 14/15] step 250/1599 (0.9 it/s)
[Epoch 14/15] step 250/1599 (0.9 it/s)
[Epoch 14/15] step 250/1599 (0.9 it/s)
[Epoch 14/15] step 250/1599 (0.9 it/s)
[Epoch 14/15] step 300/1599 (0.9 it/s)
[Epoch 14/15] step 300/1599 (0.9 it/s)
[Epoch 14/15] step 300/1599 (0.9 it/s)
[Epoch 14/15] step 300/1599 (0.9 it/s)
[Epoch 14/15] step 300/1599 (0.9 it/s)
[Epoch 14/15] step 300/1599 (0.9 it/s)
[Epoch 14/15] step 300/1599 (0.9 it/s)
[Epoch 14/15] step 300/1599 (0.9 it/s)
[Epoch 14/15] step 350/1599 (0.9 it/s)
[Epoch 14/15] step 350/1599 (0.9 it/s)
[Epoch 14/15] step 350/1599 (0.9 it/s)
[Epoch 14/15] step 350/1599 (0.9 it/s)
[Epoch 14/15] step 350/1599 (0.9 it/s)
[Epoch 14/15] step 350/1599 (0.9 it/s)
[Epoch 14/15] step 350/1599 (0.9 it/s)
[Epoch 14/15] step 350/1599 (0.9 it/s)
[Epoch 14/15] step 400/1599 (0.9 it/s)
[Epoch 14/15] step 400/1599 (0.9 it/s)
[Epoch 14/15] step 400/1599 (0.9 it/s)
[Epoch 14/15] step 400/1599 (0.9 it/s)
[Epoch 14/15] step 400/1599 (0.9 it/s)
[Epoch 14/15] step 400/1599 (0.9 it/s)
[Epoch 14/15] step 400/1599 (0.9 it/s)
[Epoch 14/15] step 400/1599 (0.9 it/s)
[Epoch 14/15] step 450/1599 (0.9 it/s)
[Epoch 14/15] step 450/1599 (0.9 it/s)
[Epoch 14/15] step 450/1599 (0.9 it/s)
[Epoch 14/15] step 450/1599 (0.9 it/s)
[Epoch 14/15] step 450/1599 (0.9 it/s)
[Epoch 14/15] step 450/1599 (0.9 it/s)
[Epoch 14/15] step 450/1599 (0.9 it/s)
[Epoch 14/15] step 450/1599 (0.9 it/s)
[Epoch 14/15] step 500/1599 (0.9 it/s)
[Epoch 14/15] step 500/1599 (0.9 it/s)
[Epoch 14/15] step 500/1599 (0.9 it/s)
[Epoch 14/15] step 500/1599 (0.9 it/s)
[Epoch 14/15] step 500/1599 (0.9 it/s)
[Epoch 14/15] step 500/1599 (0.9 it/s)
[Epoch 14/15] step 500/1599 (0.9 it/s)
[Epoch 14/15] step 500/1599 (0.9 it/s)
[Epoch 14/15] step 550/1599 (1.0 it/s)
[Epoch 14/15] step 550/1599 (1.0 it/s)
[Epoch 14/15] step 550/1599 (1.0 it/s)
[Epoch 14/15] step 550/1599 (1.0 it/s)
[Epoch 14/15] step 550/1599 (1.0 it/s)
[Epoch 14/15] step 550/1599 (1.0 it/s)
[Epoch 14/15] step 550/1599 (1.0 it/s)
[Epoch 14/15] step 550/1599 (1.0 it/s)
[Epoch 14/15] step 600/1599 (1.0 it/s)
[Epoch 14/15] step 600/1599 (1.0 it/s)
[Epoch 14/15] step 600/1599 (1.0 it/s)
[Epoch 14/15] step 600/1599 (1.0 it/s)
[Epoch 14/15] step 600/1599 (1.0 it/s)
[Epoch 14/15] step 600/1599 (1.0 it/s)
[Epoch 14/15] step 600/1599 (1.0 it/s)
[Epoch 14/15] step 600/1599 (1.0 it/s)
[Epoch 14/15] step 650/1599 (1.0 it/s)
[Epoch 14/15] step 650/1599 (1.0 it/s)
[Epoch 14/15] step 650/1599 (1.0 it/s)
[Epoch 14/15] step 650/1599 (1.0 it/s)
[Epoch 14/15] step 650/1599 (1.0 it/s)
[Epoch 14/15] step 650/1599 (1.0 it/s)
[Epoch 14/15] step 650/1599 (1.0 it/s)
[Epoch 14/15] step 650/1599 (1.0 it/s)
[Epoch 14/15] step 700/1599 (1.0 it/s)
[Epoch 14/15] step 700/1599 (1.0 it/s)
[Epoch 14/15] step 700/1599 (1.0 it/s)
[Epoch 14/15] step 700/1599 (1.0 it/s)
[Epoch 14/15] step 700/1599 (1.0 it/s)
[Epoch 14/15] step 700/1599 (1.0 it/s)
[Epoch 14/15] step 700/1599 (1.0 it/s)
[Epoch 14/15] step 700/1599 (1.0 it/s)
[Epoch 14/15] step 750/1599 (1.0 it/s)
[Epoch 14/15] step 750/1599 (1.0 it/s)
[Epoch 14/15] step 750/1599 (1.0 it/s)
[Epoch 14/15] step 750/1599 (1.0 it/s)
[Epoch 14/15] step 750/1599 (1.0 it/s)
[Epoch 14/15] step 750/1599 (1.0 it/s)
[Epoch 14/15] step 750/1599 (1.0 it/s)
[Epoch 14/15] step 750/1599 (1.0 it/s)
[Epoch 14/15] step 800/1599 (1.0 it/s)
[Epoch 14/15] step 800/1599 (1.0 it/s)
[Epoch 14/15] step 800/1599 (1.0 it/s)
[Epoch 14/15] step 800/1599 (1.0 it/s)
[Epoch 14/15] step 800/1599 (1.0 it/s)
[Epoch 14/15] step 800/1599 (1.0 it/s)
[Epoch 14/15] step 800/1599 (1.0 it/s)
[Epoch 14/15] step 800/1599 (1.0 it/s)
[Epoch 14/15] step 850/1599 (1.0 it/s)
[Epoch 14/15] step 850/1599 (1.0 it/s)
[Epoch 14/15] step 850/1599 (1.0 it/s)
[Epoch 14/15] step 850/1599 (1.0 it/s)
[Epoch 14/15] step 850/1599 (1.0 it/s)
[Epoch 14/15] step 850/1599 (1.0 it/s)
[Epoch 14/15] step 850/1599 (1.0 it/s)
[Epoch 14/15] step 850/1599 (1.0 it/s)
[Epoch 14/15] step 900/1599 (1.0 it/s)
[Epoch 14/15] step 900/1599 (1.0 it/s)
[Epoch 14/15] step 900/1599 (1.0 it/s)
[Epoch 14/15] step 900/1599 (1.0 it/s)
[Epoch 14/15] step 900/1599 (1.0 it/s)
[Epoch 14/15] step 900/1599 (1.0 it/s)
[Epoch 14/15] step 900/1599 (1.0 it/s)
[Epoch 14/15] step 900/1599 (1.0 it/s)
[Epoch 14/15] step 950/1599 (1.0 it/s)
[Epoch 14/15] step 950/1599 (1.0 it/s)
[Epoch 14/15] step 950/1599 (1.0 it/s)
[Epoch 14/15] step 950/1599 (1.0 it/s)
[Epoch 14/15] step 950/1599 (1.0 it/s)
[Epoch 14/15] step 950/1599 (1.0 it/s)
[Epoch 14/15] step 950/1599 (1.0 it/s)
[Epoch 14/15] step 950/1599 (1.0 it/s)
[Epoch 14/15] step 1000/1599 (1.0 it/s)
[Epoch 14/15] step 1000/1599 (1.0 it/s)
[Epoch 14/15] step 1000/1599 (1.0 it/s)
[Epoch 14/15] step 1000/1599 (1.0 it/s)
[Epoch 14/15] step 1000/1599 (1.0 it/s)
[Epoch 14/15] step 1000/1599 (1.0 it/s)
[Epoch 14/15] step 1000/1599 (1.0 it/s)
[Epoch 14/15] step 1000/1599 (1.0 it/s)
[Epoch 14/15] step 1050/1599 (1.0 it/s)
[Epoch 14/15] step 1050/1599 (1.0 it/s)
[Epoch 14/15] step 1050/1599 (1.0 it/s)
[Epoch 14/15] step 1050/1599 (1.0 it/s)
[Epoch 14/15] step 1050/1599 (1.0 it/s)
[Epoch 14/15] step 1050/1599 (1.0 it/s)
[Epoch 14/15] step 1050/1599 (1.0 it/s)
[Epoch 14/15] step 1050/1599 (1.0 it/s)
[Epoch 14/15] step 1100/1599 (1.0 it/s)
[Epoch 14/15] step 1100/1599 (1.0 it/s)
[Epoch 14/15] step 1100/1599 (1.0 it/s)
[Epoch 14/15] step 1100/1599 (1.0 it/s)
[Epoch 14/15] step 1100/1599 (1.0 it/s)
[Epoch 14/15] step 1100/1599 (1.0 it/s)
[Epoch 14/15] step 1100/1599 (1.0 it/s)
[Epoch 14/15] step 1100/1599 (1.0 it/s)
[Epoch 14/15] step 1150/1599 (1.0 it/s)
[Epoch 14/15] step 1150/1599 (1.0 it/s)
[Epoch 14/15] step 1150/1599 (1.0 it/s)
[Epoch 14/15] step 1150/1599 (1.0 it/s)
[Epoch 14/15] step 1150/1599 (1.0 it/s)
[Epoch 14/15] step 1150/1599 (1.0 it/s)
[Epoch 14/15] step 1150/1599 (1.0 it/s)
[Epoch 14/15] step 1150/1599 (1.0 it/s)
[Epoch 14/15] step 1200/1599 (1.0 it/s)
[Epoch 14/15] step 1200/1599 (1.0 it/s)
[Epoch 14/15] step 1200/1599 (1.0 it/s)
[Epoch 14/15] step 1200/1599 (1.0 it/s)
[Epoch 14/15] step 1200/1599 (1.0 it/s)
[Epoch 14/15] step 1200/1599 (1.0 it/s)
[Epoch 14/15] step 1200/1599 (1.0 it/s)
[Epoch 14/15] step 1200/1599 (1.0 it/s)
[Epoch 14/15] step 1250/1599 (1.0 it/s)
[Epoch 14/15] step 1250/1599 (1.0 it/s)
[Epoch 14/15] step 1250/1599 (1.0 it/s)
[Epoch 14/15] step 1250/1599 (1.0 it/s)
[Epoch 14/15] step 1250/1599 (1.0 it/s)
[Epoch 14/15] step 1250/1599 (1.0 it/s)
[Epoch 14/15] step 1250/1599 (1.0 it/s)
[Epoch 14/15] step 1250/1599 (1.0 it/s)
[Epoch 14/15] step 1300/1599 (1.0 it/s)
[Epoch 14/15] step 1300/1599 (1.0 it/s)
[Epoch 14/15] step 1300/1599 (1.0 it/s)
[Epoch 14/15] step 1300/1599 (1.0 it/s)
[Epoch 14/15] step 1300/1599 (1.0 it/s)
[Epoch 14/15] step 1300/1599 (1.0 it/s)
[Epoch 14/15] step 1300/1599 (1.0 it/s)
[Epoch 14/15] step 1300/1599 (1.0 it/s)
[Epoch 14/15] step 1350/1599 (1.0 it/s)
[Epoch 14/15] step 1350/1599 (1.0 it/s)
[Epoch 14/15] step 1350/1599 (1.0 it/s)
[Epoch 14/15] step 1350/1599 (1.0 it/s)
[Epoch 14/15] step 1350/1599 (1.0 it/s)
[Epoch 14/15] step 1350/1599 (1.0 it/s)
[Epoch 14/15] step 1350/1599 (1.0 it/s)
[Epoch 14/15] step 1350/1599 (1.0 it/s)
[Epoch 14/15] step 1400/1599 (1.0 it/s)
[Epoch 14/15] step 1400/1599 (1.0 it/s)
[Epoch 14/15] step 1400/1599 (1.0 it/s)
[Epoch 14/15] step 1400/1599 (1.0 it/s)
[Epoch 14/15] step 1400/1599 (1.0 it/s)
[Epoch 14/15] step 1400/1599 (1.0 it/s)
[Epoch 14/15] step 1400/1599 (1.0 it/s)
[Epoch 14/15] step 1400/1599 (1.0 it/s)
[Epoch 14/15] step 1450/1599 (1.0 it/s)
[Epoch 14/15] step 1450/1599 (1.0 it/s)
[Epoch 14/15] step 1450/1599 (1.0 it/s)
[Epoch 14/15] step 1450/1599 (1.0 it/s)
[Epoch 14/15] step 1450/1599 (1.0 it/s)
[Epoch 14/15] step 1450/1599 (1.0 it/s)
[Epoch 14/15] step 1450/1599 (1.0 it/s)
[Epoch 14/15] step 1450/1599 (1.0 it/s)
[Epoch 14/15] step 1500/1599 (1.0 it/s)
[Epoch 14/15] step 1500/1599 (1.0 it/s)
[Epoch 14/15] step 1500/1599 (1.0 it/s)
[Epoch 14/15] step 1500/1599 (1.0 it/s)
[Epoch 14/15] step 1500/1599 (1.0 it/s)
[Epoch 14/15] step 1500/1599 (1.0 it/s)
[Epoch 14/15] step 1500/1599 (1.0 it/s)
[Epoch 14/15] step 1500/1599 (1.0 it/s)
[Epoch 14/15] step 1550/1599 (1.0 it/s)
[Epoch 14/15] step 1550/1599 (1.0 it/s)
[Epoch 14/15] step 1550/1599 (1.0 it/s)
[Epoch 14/15] step 1550/1599 (1.0 it/s)
[Epoch 14/15] step 1550/1599 (1.0 it/s)
[Epoch 14/15] step 1550/1599 (1.0 it/s)
[Epoch 14/15] step 1550/1599 (1.0 it/s)
[Epoch 14/15] step 1550/1599 (1.0 it/s)
[Epoch 14/15] done in 1677.4s
[Epoch 14/15] done in 1677.4s
[Epoch 14/15] done in 1677.4s
[Epoch 14/15] done in 1677.4s
[Epoch 14/15] done in 1677.4s
[Epoch 14/15] done in 1677.4s
[Epoch 14/15] done in 1677.4s
22:47:01 | INFO  | trainer_inf~| \n+-----------------------------------------+------------------------+
|                  Metric                 |         Value          |
+-----------------------------------------+------------------------+
|           [0;34;40mfit/active_dim_count[0m          |         [0;32;40m192.0[0m          |
|             [0;34;40mfit/latent_mean[0m             | [0;32;40m0.0004119808436371386[0m  |
|             [0;34;40mfit/latent_norm[0m             |   [0;32;40m13.545793533325195[0m   |
|              [0;34;40mfit/latent_std[0m             |   [0;32;40m0.9799380302429199[0m   |
|           [0;34;40mfit/learning_rate_0[0m           |          [0;32;40m0.0[0m           |
|                 [0;34;40mfit/loss[0m                |  [0;32;40m0.15723635256290436[0m   |
|           [0;34;40mfit/loss_future_cos[0m           |  [0;32;40m0.017055071890354156[0m  |
|            [0;34;40mfit/loss_future_l1[0m           |    [0;32;40m0.11029052734375[0m    |
|               [0;34;40mfit/loss_mse[0m              |  [0;32;40m0.03174808248877525[0m   |
|         [0;34;40mfit/loss_mse_horizon_01[0m         |  [0;32;40m0.08054569363594055[0m   |
|         [0;34;40mfit/loss_mse_horizon_02[0m         |  [0;32;40m0.007367013022303581[0m  |
|         [0;34;40mfit/loss_mse_horizon_03[0m         |  [0;32;40m0.00733154034242034[0m   |
|              [0;34;40mfit/loss_total[0m             |  [0;32;40m0.15723635256290436[0m   |
|       [0;34;40mfit/pairwise_cos_hist_bin_00[0m      |          [0;32;40m0.0[0m           |
|       [0;34;40mfit/pairwise_cos_hist_bin_01[0m      |          [0;32;40m0.0[0m           |
|       [0;34;40mfit/pairwise_cos_hist_bin_02[0m      |          [0;32;40m0.0[0m           |
|       [0;34;40mfit/pairwise_cos_hist_bin_03[0m      |          [0;32;40m0.0[0m           |
|       [0;34;40mfit/pairwise_cos_hist_bin_04[0m      |          [0;32;40m0.0[0m           |
|       [0;34;40mfit/pairwise_cos_hist_bin_05[0m      |          [0;32;40m0.0[0m           |
|       [0;34;40mfit/pairwise_cos_hist_bin_06[0m      | [0;32;40m2.6755136786960065e-05[0m |
|       [0;34;40mfit/pairwise_cos_hist_bin_07[0m      |  [0;32;40m0.01246502622961998[0m   |
|       [0;34;40mfit/pairwise_cos_hist_bin_08[0m      |  [0;32;40m0.12943370640277863[0m   |
|       [0;34;40mfit/pairwise_cos_hist_bin_09[0m      |   [0;32;40m0.513088047504425[0m    |
|       [0;34;40mfit/pairwise_cos_hist_bin_10[0m      |   [0;32;40m0.2503831684589386[0m   |
|       [0;34;40mfit/pairwise_cos_hist_bin_11[0m      |  [0;32;40m0.04266010597348213[0m   |
|       [0;34;40mfit/pairwise_cos_hist_bin_12[0m      |  [0;32;40m0.013359413482248783[0m  |
|       [0;34;40mfit/pairwise_cos_hist_bin_13[0m      |  [0;32;40m0.007443661335855722[0m  |
|       [0;34;40mfit/pairwise_cos_hist_bin_14[0m      | [0;32;40m0.0062167467549443245[0m  |
|       [0;34;40mfit/pairwise_cos_hist_bin_15[0m      |  [0;32;40m0.005593734793365002[0m  |
|       [0;34;40mfit/pairwise_cos_hist_bin_16[0m      | [0;32;40m0.0050739203579723835[0m  |
|       [0;34;40mfit/pairwise_cos_hist_bin_17[0m      |  [0;32;40m0.004618127830326557[0m  |
|       [0;34;40mfit/pairwise_cos_hist_bin_18[0m      |  [0;32;40m0.004787258338183165[0m  |
|       [0;34;40mfit/pairwise_cos_hist_bin_19[0m      |  [0;32;40m0.004850324243307114[0m  |
|           [0;34;40mfit/pairwise_cos_max[0m          |          [0;32;40m1.0[0m           |
|          [0;34;40mfit/pairwise_cos_mean[0m          | [0;32;40m-0.0018520355224609375[0m |
|           [0;34;40mfit/pairwise_cos_min[0m          |    [0;32;40m-0.303955078125[0m     |
|           [0;34;40mfit/pairwise_cos_std[0m          |     [0;32;40m0.152099609375[0m     |
|              [0;34;40mfit/pred_loss[0m              |  [0;32;40m0.03174808248877525[0m   |
|           [0;34;40mfit/samples_per_sec[0m           |     [0;32;40m3602.83984375[0m      |
|             [0;34;40mfit/sigreg_loss[0m             |      [0;32;40m1.3935546875[0m      |
|           [0;34;40mhardware/cpu_percent[0m          |   [0;32;40m49.400001525878906[0m   |
|         [0;34;40mhardware/disk_read_mb_s[0m         |          [0;32;40m0.0[0m           |
|         [0;34;40mhardware/disk_write_mb_s[0m        |   [0;32;40m0.1753079742193222[0m   |
|          [0;34;40mhardware/net_recv_mb_s[0m         | [0;32;40m0.0046554552391171455[0m  |
|          [0;34;40mhardware/net_sent_mb_s[0m         |  [0;32;40m0.004163972567766905[0m  |
|           [0;34;40mhardware/ram_used_gb[0m          |   [0;32;40m297.8101806640625[0m    |
|          [0;34;40mhardware/ram_used_pct[0m          |   [0;32;40m15.899999618530273[0m   |
|           [0;34;40mhparams/lr_default_0[0m          |          [0;32;40m0.0[0m           |
|        [0;34;40mvalidate/active_dim_count[0m        |         [0;32;40m192.0[0m          |
|     [0;34;40mvalidate/active_dim_count_epoch[0m     |         [0;32;40m192.0[0m          |
|           [0;34;40mvalidate/latent_mean[0m          | [0;32;40m0.00040914557757787406[0m |
|        [0;34;40mvalidate/latent_mean_epoch[0m       | [0;32;40m0.00040914557757787406[0m |
|           [0;34;40mvalidate/latent_norm[0m          |   [0;32;40m13.667068481445312[0m   |
|        [0;34;40mvalidate/latent_norm_epoch[0m       |   [0;32;40m13.667068481445312[0m   |
|           [0;34;40mvalidate/latent_std[0m           |   [0;32;40m0.9881352782249451[0m   |
|        [0;34;40mvalidate/latent_std_epoch[0m        |   [0;32;40m0.9881352782249451[0m   |
|              [0;34;40mvalidate/loss[0m              |   [0;32;40m0.195316344499588[0m    |
|           [0;34;40mvalidate/loss_epoch[0m           |   [0;32;40m0.195316344499588[0m    |
|         [0;34;40mvalidate/loss_future_cos[0m        |  [0;32;40m0.015313094481825829[0m  |
|      [0;34;40mvalidate/loss_future_cos_epoch[0m     |  [0;32;40m0.015313094481825829[0m  |
|         [0;34;40mvalidate/loss_future_l1[0m         |  [0;32;40m0.09393123537302017[0m   |
|      [0;34;40mvalidate/loss_future_l1_epoch[0m      |  [0;32;40m0.09393123537302017[0m   |
|            [0;34;40mvalidate/loss_mse[0m            |  [0;32;40m0.028768986463546753[0m  |
|         [0;34;40mvalidate/loss_mse_epoch[0m         |  [0;32;40m0.028768986463546753[0m  |
|       [0;34;40mvalidate/loss_mse_horizon_01[0m      |  [0;32;40m0.08001108467578888[0m   |
|    [0;34;40mvalidate/loss_mse_horizon_01_epoch[0m   |  [0;32;40m0.08001108467578888[0m   |
|       [0;34;40mvalidate/loss_mse_horizon_02[0m      |  [0;32;40m0.003200989216566086[0m  |
|    [0;34;40mvalidate/loss_mse_horizon_02_epoch[0m   |  [0;32;40m0.003200989216566086[0m  |
|       [0;34;40mvalidate/loss_mse_horizon_03[0m      |  [0;32;40m0.003094895975664258[0m  |
|    [0;34;40mvalidate/loss_mse_horizon_03_epoch[0m   |  [0;32;40m0.003094895975664258[0m  |
|           [0;34;40mvalidate/loss_total[0m           |   [0;32;40m0.195316344499588[0m    |
|        [0;34;40mvalidate/loss_total_epoch[0m        |   [0;32;40m0.195316344499588[0m    |
|    [0;34;40mvalidate/pairwise_cos_hist_bin_00[0m    |          [0;32;40m0.0[0m           |
| [0;34;40mvalidate/pairwise_cos_hist_bin_00_epoch[0m |          [0;32;40m0.0[0m           |
|    [0;34;40mvalidate/pairwise_cos_hist_bin_01[0m    |          [0;32;40m0.0[0m           |
| [0;34;40mvalidate/pairwise_cos_hist_bin_01_epoch[0m |          [0;32;40m0.0[0m           |
|    [0;34;40mvalidate/pairwise_cos_hist_bin_02[0m    |          [0;32;40m0.0[0m           |
| [0;34;40mvalidate/pairwise_cos_hist_bin_02_epoch[0m |          [0;32;40m0.0[0m           |
|    [0;34;40mvalidate/pairwise_cos_hist_bin_03[0m    |          [0;32;40m0.0[0m           |
| [0;34;40mvalidate/pairwise_cos_hist_bin_03_epoch[0m |          [0;32;40m0.0[0m           |
|    [0;34;40mvalidate/pairwise_cos_hist_bin_04[0m    |          [0;32;40m0.0[0m           |
| [0;34;40mvalidate/pairwise_cos_hist_bin_04_epoch[0m |          [0;32;40m0.0[0m           |
|    [0;34;40mvalidate/pairwise_cos_hist_bin_05[0m    |          [0;32;40m0.0[0m           |
| [0;34;40mvalidate/pairwise_cos_hist_bin_05_epoch[0m |          [0;32;40m0.0[0m           |
|    [0;34;40mvalidate/pairwise_cos_hist_bin_06[0m    |  [0;32;40m7.37470509193372e-06[0m  |
| [0;34;40mvalidate/pairwise_cos_hist_bin_06_epoch[0m |  [0;32;40m7.37470509193372e-06[0m  |
|    [0;34;40mvalidate/pairwise_cos_hist_bin_07[0m    |  [0;32;40m0.011430902406573296[0m  |
| [0;34;40mvalidate/pairwise_cos_hist_bin_07_epoch[0m |  [0;32;40m0.011430902406573296[0m  |
|    [0;34;40mvalidate/pairwise_cos_hist_bin_08[0m    |   [0;32;40m0.1104084849357605[0m   |
| [0;34;40mvalidate/pairwise_cos_hist_bin_08_epoch[0m |   [0;32;40m0.1104084849357605[0m   |
|    [0;34;40mvalidate/pairwise_cos_hist_bin_09[0m    |   [0;32;40m0.5106911063194275[0m   |
| [0;34;40mvalidate/pairwise_cos_hist_bin_09_epoch[0m |   [0;32;40m0.5106911063194275[0m   |
|    [0;34;40mvalidate/pairwise_cos_hist_bin_10[0m    |   [0;32;40m0.2656087875366211[0m   |
| [0;34;40mvalidate/pairwise_cos_hist_bin_10_epoch[0m |   [0;32;40m0.2656087875366211[0m   |
|    [0;34;40mvalidate/pairwise_cos_hist_bin_11[0m    |  [0;32;40m0.04670083895325661[0m   |
| [0;34;40mvalidate/pairwise_cos_hist_bin_11_epoch[0m |  [0;32;40m0.04670083895325661[0m   |
|    [0;34;40mvalidate/pairwise_cos_hist_bin_12[0m    |  [0;32;40m0.01477869227528572[0m   |
| [0;34;40mvalidate/pairwise_cos_hist_bin_12_epoch[0m |  [0;32;40m0.01477869227528572[0m   |
|    [0;34;40mvalidate/pairwise_cos_hist_bin_13[0m    |  [0;32;40m0.00776019087061286[0m   |
| [0;34;40mvalidate/pairwise_cos_hist_bin_13_epoch[0m |  [0;32;40m0.00776019087061286[0m   |
|    [0;34;40mvalidate/pairwise_cos_hist_bin_14[0m    |  [0;32;40m0.006521637085825205[0m  |
| [0;34;40mvalidate/pairwise_cos_hist_bin_14_epoch[0m |  [0;32;40m0.006521637085825205[0m  |
|    [0;34;40mvalidate/pairwise_cos_hist_bin_15[0m    | [0;32;40m0.0058153122663497925[0m  |
| [0;34;40mvalidate/pairwise_cos_hist_bin_15_epoch[0m | [0;32;40m0.0058153122663497925[0m  |
|    [0;34;40mvalidate/pairwise_cos_hist_bin_16[0m    |  [0;32;40m0.005301915109157562[0m  |
| [0;34;40mvalidate/pairwise_cos_hist_bin_16_epoch[0m |  [0;32;40m0.005301915109157562[0m  |
|    [0;34;40mvalidate/pairwise_cos_hist_bin_17[0m    |  [0;32;40m0.00485217897221446[0m   |
| [0;34;40mvalidate/pairwise_cos_hist_bin_17_epoch[0m |  [0;32;40m0.00485217897221446[0m   |
|    [0;34;40mvalidate/pairwise_cos_hist_bin_18[0m    | [0;32;40m0.0050209700129926205[0m  |
| [0;34;40mvalidate/pairwise_cos_hist_bin_18_epoch[0m | [0;32;40m0.0050209700129926205[0m  |
|    [0;34;40mvalidate/pairwise_cos_hist_bin_19[0m    |  [0;32;40m0.005101632792502642[0m  |
| [0;34;40mvalidate/pairwise_cos_hist_bin_19_epoch[0m |  [0;32;40m0.005101632792502642[0m  |
|        [0;34;40mvalidate/pairwise_cos_max[0m        |   [0;32;40m0.9999972581863403[0m   |
|     [0;34;40mvalidate/pairwise_cos_max_epoch[0m     |   [0;32;40m0.9999972581863403[0m   |
|        [0;34;40mvalidate/pairwise_cos_mean[0m       | [0;32;40m0.0042800018563866615[0m  |
|     [0;34;40mvalidate/pairwise_cos_mean_epoch[0m    | [0;32;40m0.0042800018563866615[0m  |
|        [0;34;40mvalidate/pairwise_cos_min[0m        |  [0;32;40m-0.2990638017654419[0m   |
|     [0;34;40mvalidate/pairwise_cos_min_epoch[0m     |  [0;32;40m-0.2990638017654419[0m   |
|        [0;34;40mvalidate/pairwise_cos_std[0m        |  [0;32;40m0.15360482037067413[0m   |
|     [0;34;40mvalidate/pairwise_cos_std_epoch[0m     |  [0;32;40m0.15360482037067413[0m   |
|            [0;34;40mvalidate/pred_loss[0m           |  [0;32;40m0.028768986463546753[0m  |
|         [0;34;40mvalidate/pred_loss_epoch[0m        |  [0;32;40m0.028768986463546753[0m  |
|           [0;34;40mvalidate/sigreg_loss[0m          |   [0;32;40m1.850403904914856[0m    |
|        [0;34;40mvalidate/sigreg_loss_epoch[0m       |   [0;32;40m1.850403904914856[0m    |
+-----------------------------------------+------------------------+
22:47:01 | INFO  | utils.py    | 📦📦📦 Model saved to /data1/Johnny/challenge/wrf/homework/outputs/stable-wm/checkpoints/lewm_reacher_15/weights_epoch_15.pt 📦📦📦
22:47:01 | INFO  | utils.py    | 📦📦📦 Model saved to /data1/Johnny/challenge/wrf/homework/outputs/stable-wm/checkpoints/lewm_reacher_15/weights_epoch_15.pt 📦📦📦
[Epoch 14/15] done in 1677.6s
22:47:01 | INFO  | checkpoint_~|   Checking for non PyTorch modules to save
22:47:01 | INFO  | atomic_chec~| [atomic_save] → /data1/Johnny/challenge/wrf/homework/outputs/home/.cache/stable-pretraining/runs/20260715/150757/246fc50c1277/checkpoints/epoch=14-step=23985.ckpt
22:47:02 | INFO  | atomic_chec~| [atomic_save] ✓ epoch=14-step=23985.ckpt saved (206.8 MiB, serialise=0.32s write=0.18s rename=0.0ms)
22:47:02 | INFO  | checkpoint_~|   Checking for non PyTorch modules to save
22:47:02 | INFO  | atomic_chec~| [atomic_save] → /data1/Johnny/challenge/wrf/homework/outputs/home/.cache/stable-pretraining/runs/20260715/150757/246fc50c1277/checkpoints/last.ckpt
22:47:02 | INFO  | atomic_chec~| [atomic_save] ✓ last.ckpt saved (206.8 MiB, serialise=0.31s write=0.17s rename=20.0ms)
`Trainer.fit` stopped: `max_epochs=15` reached.
Epoch 14/14 ━━━━━━━━━━━━━━━━━━━━━━━━━━━━━━━━━━━━━━━━ 1599/1599 0:26:11 • 0:00:00 2.14it/s  
22:47:04 | INFO  | utils.py    | ── SignalHandlers (after Trainer.fit() returned) ──
22:47:04 | INFO  | manager.py  |   SIGUSR1  → SIG_DFL (default OS action — terminate process)
22:47:04 | INFO  | manager.py  |   SIGUSR2  → SIG_DFL (default OS action — terminate process)
22:47:04 | INFO  | manager.py  |   SIGCONT  → SIG_DFL (default OS action — terminate process)
22:47:04 | INFO  | manager.py  |   SIGTERM  → SIG_DFL (default OS action — terminate process)
