14:56:33 | INFO  | atomic_chec~| [atomic_save] installed crash-safe checkpoint plugin (write to sibling .tmp + fsync + atomic rename)
[2026-07-15 14:57:59,167][root][INFO] - Cached 'action' from '/manifoldai-training/johnny/challenge/lewm-reacher/datasets/reacher.h5'
[2026-07-15 14:57:59,584][root][INFO] - Cached 'observation' from '/manifoldai-training/johnny/challenge/lewm-reacher/datasets/reacher.h5'
14:58:00 | INFO  | utils.py    | Created ViT-tiny from scratch with config: {'hidden_size': 192, 'num_hidden_layers': 12, 'num_attention_heads': 3, 'intermediate_size': 768, 'image_size': 224, 'patch_size': 14}
14:58:00 | INFO  | module.py   | Setting up DataModule
14:58:00 | INFO  | utils.py    | ── Module ────────────────────────────────────────
14:58:00 | WARN  | module.py   | ! No hyperparameters provided - hyperparameter logging is disabled.
14:58:00 | INFO  | module.py   |   Setting custom forward method.
14:58:00 | INFO  | module.py   |   Setting attribute: self.model = <class 'jepa.JEPA'>
14:58:00 | INFO  | module.py   |   Setting attribute: self.sigreg = <class 'module.SIGReg'>
14:58:00 | INFO  | module.py   |   Setting attribute: self.optim = <class 'dict'>
14:58:00 | INFO  | module.py   |   No metrics configuration provided - automatic metric tracking is disabled.
/data1/Johnny/challenge/wrf/.venv/lib/python3.10/site-packages/lightning/fabric/connector.py:571: `precision=bf16` is supported for historical reasons but its usage is discouraged. Please set your precision to bf16-mixed instead!
Using bfloat16 Automatic Mixed Precision (AMP)
14:58:00 | INFO  | env_info.py |   EnvironmentDumpCallback initialized (filename=environment.json, async=True)
14:58:00 | INFO  | utils.py    | ── HuggingFaceCheckpoint ─────────────────────────
14:58:00 | INFO  | hf_models.py|   save_dir: <cyan>hf_exports</cyan>
14:58:00 | INFO  | hf_models.py|   per_step: <cyan>False</cyan>  (False ⇒ overwrite single 'last/' subdir; True ⇒ keep step_N/)
Adding 14 callbacks from entry point 'stablepretraining_callbacks': PrintProgressBar, ModuleRegistryCallback, LoggingCallback, EnvironmentDumpCallback, TrainerInfo, SklearnCheckpoint, WandbCheckpoint, TrackioCheckpoint, SwanLabCheckpoint, ModuleSummary, SLURMInfo, LogUnusedParametersOnce, HuggingFaceCheckpointCallback, HardwareMonitor
GPU available: True (cuda), used: True
TPU available: False, using: 0 TPU cores
/data1/Johnny/challenge/wrf/.venv/lib/python3.10/site-packages/lightning/pytorch/trainer/connectors/logger_connector/logger_connector.py:76: Starting from v1.9.0, `tensorboardX` has been removed as a dependency of the `lightning.pytorch` package, due to potential conflicts with other packages in the ML ecosystem. For this reason, `logger=True` will use `CSVLogger` as the default logger, unless the `tensorboard` or `tensorboardX` packages are found. Please `pip install lightning[extra]` or one of them to enable TensorBoard support by default
💡 Tip: For seamless cloud logging and experiment tracking, try installing [litlogger](https://pypi.org/project/litlogger/) to enable LitLogger, which logs metrics and artifacts automatically to the Lightning Experiments platform.
14:58:00 | INFO  | utils.py    | ── SIGTERM preempt handler — install ─────────────
14:58:00 | INFO  | manager.py  |   SLURM_JOB_ID         = None
14:58:00 | INFO  | manager.py  |   SLURM_RESTART_COUNT  = '0'
14:58:00 | INFO  | manager.py  |   SLURM_PROCID         = '?'
14:58:00 | INFO  | manager.py  |   SLURM_NODEID         = '?'
14:58:00 | INFO  | manager.py  |   → not under SLURM (SLURM_JOB_ID unset); leaving SIGTERM handler as-is. Forwarding to submitit's USR signal would be a no-op since submitit isn't running upstream.
14:58:00 | WARN  | manager.py  | User didn't specify seed, runs won't be exactly reproducible!
14:58:00 | INFO  | manager.py  |   Manager init: ckpt_path=None, weights_only=True
14:58:00 | INFO  | utils.py    | ── WorkingDirectory ──────────────────────────────
14:58:00 | INFO  | manager.py  |   cwd: /data1/Johnny/challenge/wrf/homework/le-wm-residual
14:58:00 | INFO  | utils.py    | ── Seed ──────────────────────────────────────────
14:58:00 | INFO  | manager.py  |   seed: None
/data1/Johnny/challenge/wrf/.venv/lib/python3.10/site-packages/lightning/fabric/utilities/seed.py:44: No seed found, seed set to 0
Seed set to 0
14:58:00 | INFO  | utils.py    | ── RunDirectory ──────────────────────────────────
14:58:00 | INFO  | manager.py  |   cache_dir = /data1/Johnny/challenge/wrf/homework/outputs/home/.cache/stable-pretraining
14:58:00 | INFO  | manager.py  |   ddp: launch_key=(single-process) rank=0 is_rank_zero=True
14:58:00 | INFO  | utils.py    | ── RunDirectory: requeue probe ───────────────────
14:58:00 | INFO  | manager.py  |   SLURM session key   = (no SLURM)
14:58:00 | INFO  | manager.py  |   SLURM_RESTART_COUNT = 0
14:58:00 | INFO  | manager.py  |   in_requeue          = False
14:58:00 | INFO  | utils.py    | ── RunDirectory: fresh ───────────────────────────
14:58:00 | INFO  | manager.py  |   no user ckpt_path — training from scratch / pretrained backbone.
14:58:00 | INFO  | manager.py  |   created run_dir = /data1/Johnny/challenge/wrf/homework/outputs/home/.cache/stable-pretraining/runs/20260715/145800/ee58f199d257
14:58:00 | INFO  | manager.py  |   wrote run_meta.json with run_id=ee58f199d257
14:58:00 | INFO  | manager.py  |   SLURM index = (no SLURM, skipped)
14:58:00 | WARN  | manager.py  | ! cache_dir is set but the Trainer was passed as an already-instantiated object. Cannot override default_root_dir cleanly. Consider passing the trainer as a config dict instead.
14:58:00 | WARN  | manager.py  | ! Hydra run.dir='outputs/2026-07-15/14-56-33' will be ignored for trainer outputs (cache_dir takes precedence).
14:58:00 | WARN  | manager.py  | ! Hydra sweep.dir='multirun/2026-07-15/14-56-33' will be ignored for trainer outputs (cache_dir takes precedence).
14:58:00 | INFO  | logger.py   | [RegistryLogger] run_id=ee58f199d257 run_dir=/data1/Johnny/challenge/wrf/homework/outputs/home/.cache/stable-pretraining/runs/20260715/145800/ee58f199d257 — sidecar.json + summary.json + metrics.csv will live here
14:58:00 | INFO  | utils.py    | ── RegistryLogger ────────────────────────────────
14:58:00 | INFO  | manager.py  |   run_dir: /data1/Johnny/challenge/wrf/homework/outputs/home/.cache/stable-pretraining/runs/20260715/145800/ee58f199d257
14:58:00 | INFO  | manager.py  |   run_id:  ee58f199d257
14:58:00 | INFO  | utils.py    | ── CSVLogger ─────────────────────────────────────
14:58:00 | INFO  | manager.py  |   root_dir: /data1/Johnny/challenge/wrf/homework/outputs/home/.cache/stable-pretraining/runs/20260715/145800/ee58f199d257/
14:58:00 | INFO  | manager.py  |   save_dir: /data1/Johnny/challenge/wrf/homework/outputs/home/.cache/stable-pretraining/runs/20260715/145800/ee58f199d257
14:58:00 | INFO  | manager.py  |   log_dir: /data1/Johnny/challenge/wrf/homework/outputs/home/.cache/stable-pretraining/runs/20260715/145800/ee58f199d257/
14:58:00 | INFO  | utils.py    | ── SignalHandlers (after submitit setup (spt SIGTERM installed in __init__)) ──
14:58:00 | INFO  | manager.py  |   SIGUSR1  → SIG_DFL (default OS action — terminate process)
14:58:00 | INFO  | manager.py  |   SIGUSR2  → SIG_DFL (default OS action — terminate process)
14:58:00 | INFO  | manager.py  |   SIGCONT  → SIG_DFL (default OS action — terminate process)
14:58:00 | INFO  | manager.py  |   SIGTERM  → SIG_DFL (default OS action — terminate process)
14:58:00 | INFO  | utils.py    | ── Callbacks ─────────────────────────────────────
14:58:00 | INFO  | manager.py  |   count: 20
14:58:00 | INFO  | utils.py    | ── CacheDirCheckpointing ─────────────────────────
14:58:00 | INFO  | manager.py  |   Saving checkpoints to: /data1/Johnny/challenge/wrf/homework/outputs/home/.cache/stable-pretraining/runs/20260715/145800/ee58f199d257/checkpoints
14:58:00 | WARN  | manager.py  |   Redirecting HuggingFaceCheckpointCallback from 'hf_exports' to '/data1/Johnny/challenge/wrf/homework/outputs/home/.cache/stable-pretraining/runs/20260715/145800/ee58f199d257/hf_exports' (cache_dir is active — prevents races on a shared cache)
14:58:00 | INFO  | manager.py  |   Added requeue checkpoint (filename='last')
14:58:00 | INFO  | utils.py    | ── LoadPath resolution ───────────────────────────
14:58:00 | INFO  | manager.py  |   in_requeue = False
14:58:00 | INFO  | manager.py  |   user ckpt_path = None
14:58:00 | INFO  | manager.py  |   user weights_only = True
14:58:00 | INFO  | manager.py  |   → no ckpt_path; training from scratch.
14:58:00 | INFO  | utils.py    | ── TrainerFit ────────────────────────────────────
14:58:00 | INFO  | manager.py  |   ckpt_path:     None
14:58:00 | INFO  | manager.py  |   weights_only:  None
14:58:00 | INFO  | utils.py    | ── SignalHandlers (before Trainer.fit() (handler installed in __init__)) ──
14:58:00 | INFO  | manager.py  |   SIGUSR1  → SIG_DFL (default OS action — terminate process)
14:58:00 | INFO  | manager.py  |   SIGUSR2  → SIG_DFL (default OS action — terminate process)
14:58:00 | INFO  | manager.py  |   SIGCONT  → SIG_DFL (default OS action — terminate process)
14:58:00 | INFO  | manager.py  |   SIGTERM  → SIG_DFL (default OS action — terminate process)
14:58:00 | INFO  | manager.py  |   → entering Trainer.fit(); lightning's _SignalConnector will now register its own handlers. SIGTERM will become _HandlersCompose([_sigterm_notifier_fn, _sigterm_handler_fn, spt._handler]); USR-sig binding from submitit is preserved (lightning skips USR registration when one already exists).
💡 Tip: For seamless cloud uploads and versioning, try installing [litmodels](https://pypi.org/project/litmodels/) to enable LitModelCheckpoint, which syncs automatically with the Lightning model registry.
You are using a CUDA device ('NVIDIA A800-SXM4-80GB') that has Tensor Cores. To properly utilize them, you should set `torch.set_float32_matmul_precision('medium' | 'high')` which will trade-off precision for performance. For more details, read https://pytorch.org/docs/stable/generated/torch.set_float32_matmul_precision.html#torch.set_float32_matmul_precision
Initializing distributed: GLOBAL_RANK: 0, MEMBER: 1/8
[2026-07-15 14:58:09,764][root][INFO] - Cached 'action' from '/manifoldai-training/johnny/challenge/lewm-reacher/datasets/reacher.h5'
[2026-07-15 14:58:09,831][root][INFO] - Cached 'observation' from '/manifoldai-training/johnny/challenge/lewm-reacher/datasets/reacher.h5'
[2026-07-15 14:58:09,857][root][INFO] - Cached 'action' from '/manifoldai-training/johnny/challenge/lewm-reacher/datasets/reacher.h5'
[2026-07-15 14:58:09,871][root][INFO] - Cached 'action' from '/manifoldai-training/johnny/challenge/lewm-reacher/datasets/reacher.h5'
[2026-07-15 14:58:09,872][root][INFO] - Cached 'action' from '/manifoldai-training/johnny/challenge/lewm-reacher/datasets/reacher.h5'
[2026-07-15 14:58:09,913][root][INFO] - Cached 'action' from '/manifoldai-training/johnny/challenge/lewm-reacher/datasets/reacher.h5'
[2026-07-15 14:58:09,923][root][INFO] - Cached 'observation' from '/manifoldai-training/johnny/challenge/lewm-reacher/datasets/reacher.h5'
[2026-07-15 14:58:09,936][root][INFO] - Cached 'observation' from '/manifoldai-training/johnny/challenge/lewm-reacher/datasets/reacher.h5'
[2026-07-15 14:58:09,939][root][INFO] - Cached 'observation' from '/manifoldai-training/johnny/challenge/lewm-reacher/datasets/reacher.h5'
[2026-07-15 14:58:09,969][root][INFO] - Cached 'action' from '/manifoldai-training/johnny/challenge/lewm-reacher/datasets/reacher.h5'
[2026-07-15 14:58:09,977][root][INFO] - Cached 'observation' from '/manifoldai-training/johnny/challenge/lewm-reacher/datasets/reacher.h5'
[2026-07-15 14:58:10,033][root][INFO] - Cached 'observation' from '/manifoldai-training/johnny/challenge/lewm-reacher/datasets/reacher.h5'
[2026-07-15 14:58:10,087][root][INFO] - Cached 'action' from '/manifoldai-training/johnny/challenge/lewm-reacher/datasets/reacher.h5'
[2026-07-15 14:58:10,152][root][INFO] - Cached 'observation' from '/manifoldai-training/johnny/challenge/lewm-reacher/datasets/reacher.h5'
Adding 14 callbacks from entry point 'stablepretraining_callbacks': PrintProgressBar, ModuleRegistryCallback, LoggingCallback, EnvironmentDumpCallback, TrainerInfo, SklearnCheckpoint, WandbCheckpoint, TrackioCheckpoint, SwanLabCheckpoint, ModuleSummary, SLURMInfo, LogUnusedParametersOnce, HuggingFaceCheckpointCallback, HardwareMonitor
[rank: 2] Seed set to 0
Adding 14 callbacks from entry point 'stablepretraining_callbacks': PrintProgressBar, ModuleRegistryCallback, LoggingCallback, EnvironmentDumpCallback, TrainerInfo, SklearnCheckpoint, WandbCheckpoint, TrackioCheckpoint, SwanLabCheckpoint, ModuleSummary, SLURMInfo, LogUnusedParametersOnce, HuggingFaceCheckpointCallback, HardwareMonitor
[rank: 7] Seed set to 0
Adding 14 callbacks from entry point 'stablepretraining_callbacks': PrintProgressBar, ModuleRegistryCallback, LoggingCallback, EnvironmentDumpCallback, TrainerInfo, SklearnCheckpoint, WandbCheckpoint, TrackioCheckpoint, SwanLabCheckpoint, ModuleSummary, SLURMInfo, LogUnusedParametersOnce, HuggingFaceCheckpointCallback, HardwareMonitor
Adding 14 callbacks from entry point 'stablepretraining_callbacks': PrintProgressBar, ModuleRegistryCallback, LoggingCallback, EnvironmentDumpCallback, TrainerInfo, SklearnCheckpoint, WandbCheckpoint, TrackioCheckpoint, SwanLabCheckpoint, ModuleSummary, SLURMInfo, LogUnusedParametersOnce, HuggingFaceCheckpointCallback, HardwareMonitor
[rank: 5] Seed set to 0
[rank: 1] Seed set to 0
Adding 14 callbacks from entry point 'stablepretraining_callbacks': PrintProgressBar, ModuleRegistryCallback, LoggingCallback, EnvironmentDumpCallback, TrainerInfo, SklearnCheckpoint, WandbCheckpoint, TrackioCheckpoint, SwanLabCheckpoint, ModuleSummary, SLURMInfo, LogUnusedParametersOnce, HuggingFaceCheckpointCallback, HardwareMonitor
[rank: 4] Seed set to 0
Adding 14 callbacks from entry point 'stablepretraining_callbacks': PrintProgressBar, ModuleRegistryCallback, LoggingCallback, EnvironmentDumpCallback, TrainerInfo, SklearnCheckpoint, WandbCheckpoint, TrackioCheckpoint, SwanLabCheckpoint, ModuleSummary, SLURMInfo, LogUnusedParametersOnce, HuggingFaceCheckpointCallback, HardwareMonitor
[rank: 6] Seed set to 0
Adding 14 callbacks from entry point 'stablepretraining_callbacks': PrintProgressBar, ModuleRegistryCallback, LoggingCallback, EnvironmentDumpCallback, TrainerInfo, SklearnCheckpoint, WandbCheckpoint, TrackioCheckpoint, SwanLabCheckpoint, ModuleSummary, SLURMInfo, LogUnusedParametersOnce, HuggingFaceCheckpointCallback, HardwareMonitor
[rank: 3] Seed set to 0
Initializing distributed: GLOBAL_RANK: 2, MEMBER: 3/8
Initializing distributed: GLOBAL_RANK: 7, MEMBER: 8/8
Initializing distributed: GLOBAL_RANK: 5, MEMBER: 6/8
Initializing distributed: GLOBAL_RANK: 1, MEMBER: 2/8
Initializing distributed: GLOBAL_RANK: 4, MEMBER: 5/8
Initializing distributed: GLOBAL_RANK: 6, MEMBER: 7/8
Initializing distributed: GLOBAL_RANK: 3, MEMBER: 4/8
----------------------------------------------------------------------------------------------------
distributed_backend=nccl
All distributed processes registered. Starting with 8 processes
----------------------------------------------------------------------------------------------------

14:59:13 | OK    | module.py   | ✓ dataset for fit loaded
14:59:13 | INFO  | module.py   |   setup was done by user
14:59:13 | INFO  | utils.py    | ── EnvironmentDump ───────────────────────────────
14:59:13 | INFO  | env_info.py |   log_dir: /data1/Johnny/challenge/wrf/homework/outputs/home/.cache/stable-pretraining
14:59:13 | INFO  | env_info.py |   Running environment dump in background thread (non-blocking)
14:59:13 | INFO  | env_info.py |   Collecting environment information...
14:59:13 | OK    | env_info.py | ✓ Background thread started successfully
14:59:13 | OK    | env_info.py | ✓ Python 3.10.12
14:59:13 | INFO  | trainer_inf~|   linking trainer to DataModule
14:59:13 | OK    | env_info.py | ✓ System: Linux 5.4.119-19-0009.11 (x86_64)
14:59:13 | INFO  | utils.py    | ── Callbacks (in order) ──────────────────────────
14:59:13 | INFO  | env_info.py |   Hostname: nb-1574109748394576640-c7tepdyjlr7k
14:59:13 | INFO  | utils.py    |     [ 0] SaveCkptCallback
14:59:13 | INFO  | utils.py    |     [ 1] JEPATrainStatsCallback
14:59:13 | INFO  | utils.py    |     [ 2] RichProgressBar
14:59:13 | INFO  | utils.py    |     [ 3] RichModelSummary
14:59:13 | INFO  | utils.py    |     [ 4] PrintProgressBar
14:59:13 | INFO  | utils.py    |     [ 5] ModuleRegistryCallback
14:59:13 | INFO  | utils.py    |     [ 6] LoggingCallback
14:59:13 | INFO  | utils.py    |     [ 7] EnvironmentDumpCallback
14:59:13 | INFO  | utils.py    |     [ 8] TrainerInfo
14:59:13 | INFO  | utils.py    |     [ 9] SklearnCheckpoint
14:59:13 | INFO  | utils.py    |     [10] WandbCheckpoint
14:59:13 | INFO  | utils.py    |     [11] TrackioCheckpoint
14:59:13 | INFO  | utils.py    |     [12] SwanLabCheckpoint
14:59:13 | INFO  | utils.py    |     [13] ModuleSummary
14:59:13 | INFO  | utils.py    |     [14] SLURMInfo
14:59:13 | INFO  | utils.py    |     [15] LogUnusedParametersOnce
14:59:13 | INFO  | utils.py    |     [16] HuggingFaceCheckpointCallback
14:59:13 | INFO  | utils.py    |     [17] HardwareMonitor
14:59:13 | INFO  | utils.py    |     [18] ModelCheckpoint
14:59:13 | INFO  | utils.py    |     [19] _RunDirCallback
14:59:13 | INFO  | utils.py    |     [20] ModelCheckpoint
14:59:13 | INFO  | utils.py    |   ⚑ marks order-sensitive callbacks; see AGENTS.md → Callback ordering for the full rules.
14:59:13 | INFO  | utils.py    | ── SklearnCheckpoint ─────────────────────────────
14:59:13 | INFO  | checkpoint_~|   Sklearn Modules:
14:59:13 | INFO  | checkpoint_~| 
┏━━━━━━━━━━┳━━━━━━━━┳━━━━━━━━┓
┃ Module   ┃ Name   ┃ Type   ┃
┣━━━━━━━━━━╋━━━━━━━━╋━━━━━━━━┫
┗━━━━━━━━━━┻━━━━━━━━┻━━━━━━━━┛
14:59:13 | INFO  | utils.py    | ── WandbCheckpoint ───────────────────────────────
14:59:13 | INFO  | utils.py    | ── TrackioCheckpoint ─────────────────────────────
14:59:13 | INFO  | utils.py    | ── SwanLabCheckpoint ─────────────────────────────
14:59:13 | INFO  | utils.py    | ── PyTorch Modules ───────────────────────────────
14:59:13 | WARN  | module.py   | ! You are calling self.parameters which also gives callbacks parameters, to remove them, pass `with_callbacks=False`
14:59:13 | INFO  | trainer_inf~| \n+-----------------------------------------------------------------+----------------------+--------------------------+--------------------------+---------+
| Module                                                          | Trainable parameters | Non Trainable parameters | Uninitialized parameters | Buffers |
+-----------------------------------------------------------------+----------------------+--------------------------+--------------------------+---------+
|                                                                 |             18034478 |                        0 |                        0 |    8245 |
| callbacks_modules                                               |                    0 |                        0 |                        0 |       0 |
| callbacks_metrics                                               |                    0 |                        0 |                        0 |       0 |
| model                                                           |             18034478 |                        0 |                        0 |    8194 |
| model.encoder                                                   |              5501376 |                        0 |                        0 |       0 |
| model.encoder.embeddings                                        |               162624 |                        0 |                        0 |       0 |
| model.encoder.embeddings.patch_embeddings                       |               113088 |                        0 |                        0 |       0 |
| model.encoder.embeddings.patch_embeddings.projection            |               113088 |                        0 |                        0 |       0 |
| model.encoder.embeddings.dropout                                |                    0 |                        0 |                        0 |       0 |
| model.encoder.encoder                                           |              5338368 |                        0 |                        0 |       0 |
| model.encoder.encoder.layer                                     |              5338368 |                        0 |                        0 |       0 |
| model.encoder.encoder.layer.0                                   |               444864 |                        0 |                        0 |       0 |
| model.encoder.encoder.layer.0.attention                         |               148224 |                        0 |                        0 |       0 |
| model.encoder.encoder.layer.0.attention.attention               |               111168 |                        0 |                        0 |       0 |
| model.encoder.encoder.layer.0.attention.attention.query         |                37056 |                        0 |                        0 |       0 |
| model.encoder.encoder.layer.0.attention.attention.key           |                37056 |                        0 |                        0 |       0 |
| model.encoder.encoder.layer.0.attention.attention.value         |                37056 |                        0 |                        0 |       0 |
| model.encoder.encoder.layer.0.attention.output                  |                37056 |                        0 |                        0 |       0 |
| model.encoder.encoder.layer.0.attention.output.dense            |                37056 |                        0 |                        0 |       0 |
| model.encoder.encoder.layer.0.attention.output.dropout          |                    0 |                        0 |                        0 |       0 |
| model.encoder.encoder.layer.0.intermediate                      |               148224 |                        0 |                        0 |       0 |
| model.encoder.encoder.layer.0.intermediate.dense                |               148224 |                        0 |                        0 |       0 |
| model.encoder.encoder.layer.0.intermediate.intermediate_act_fn  |                    0 |                        0 |                        0 |       0 |
| model.encoder.encoder.layer.0.output                            |               147648 |                        0 |                        0 |       0 |
| model.encoder.encoder.layer.0.output.dense                      |               147648 |                        0 |                        0 |       0 |
| model.encoder.encoder.layer.0.output.dropout                    |                    0 |                        0 |                        0 |       0 |
| model.encoder.encoder.layer.0.layernorm_before                  |                  384 |                        0 |                        0 |       0 |
| model.encoder.encoder.layer.0.layernorm_after                   |                  384 |                        0 |                        0 |       0 |
| model.encoder.encoder.layer.1                                   |               444864 |                        0 |                        0 |       0 |
| model.encoder.encoder.layer.1.attention                         |               148224 |                        0 |                        0 |       0 |
| model.encoder.encoder.layer.1.attention.attention               |               111168 |                        0 |                        0 |       0 |
| model.encoder.encoder.layer.1.attention.attention.query         |                37056 |                        0 |                        0 |       0 |
| model.encoder.encoder.layer.1.attention.attention.key           |                37056 |                        0 |                        0 |       0 |
| model.encoder.encoder.layer.1.attention.attention.value         |                37056 |                        0 |                        0 |       0 |
| model.encoder.encoder.layer.1.attention.output                  |                37056 |                        0 |                        0 |       0 |
| model.encoder.encoder.layer.1.attention.output.dense            |                37056 |                        0 |                        0 |       0 |
| model.encoder.encoder.layer.1.attention.output.dropout          |                    0 |                        0 |                        0 |       0 |
| model.encoder.encoder.layer.1.intermediate                      |               148224 |                        0 |                        0 |       0 |
| model.encoder.encoder.layer.1.intermediate.dense                |               148224 |                        0 |                        0 |       0 |
| model.encoder.encoder.layer.1.intermediate.intermediate_act_fn  |                    0 |                        0 |                        0 |       0 |
| model.encoder.encoder.layer.1.output                            |               147648 |                        0 |                        0 |       0 |
| model.encoder.encoder.layer.1.output.dense                      |               147648 |                        0 |                        0 |       0 |
| model.encoder.encoder.layer.1.output.dropout                    |                    0 |                        0 |                        0 |       0 |
| model.encoder.encoder.layer.1.layernorm_before                  |                  384 |                        0 |                        0 |       0 |
| model.encoder.encoder.layer.1.layernorm_after                   |                  384 |                        0 |                        0 |       0 |
| model.encoder.encoder.layer.2                                   |               444864 |                        0 |                        0 |       0 |
| model.encoder.encoder.layer.2.attention                         |               148224 |                        0 |                        0 |       0 |
| model.encoder.encoder.layer.2.attention.attention               |               111168 |                        0 |                        0 |       0 |
| model.encoder.encoder.layer.2.attention.attention.query         |                37056 |                        0 |                        0 |       0 |
| model.encoder.encoder.layer.2.attention.attention.key           |                37056 |                        0 |                        0 |       0 |
| model.encoder.encoder.layer.2.attention.attention.value         |                37056 |                        0 |                        0 |       0 |
| model.encoder.encoder.layer.2.attention.output                  |                37056 |                        0 |                        0 |       0 |
| model.encoder.encoder.layer.2.attention.output.dense            |                37056 |                        0 |                        0 |       0 |
| model.encoder.encoder.layer.2.attention.output.dropout          |                    0 |                        0 |                        0 |       0 |
| model.encoder.encoder.layer.2.intermediate                      |               148224 |                        0 |                        0 |       0 |
| model.encoder.encoder.layer.2.intermediate.dense                |               148224 |                        0 |                        0 |       0 |
| model.encoder.encoder.layer.2.intermediate.intermediate_act_fn  |                    0 |                        0 |                        0 |       0 |
| model.encoder.encoder.layer.2.output                            |               147648 |                        0 |                        0 |       0 |
| model.encoder.encoder.layer.2.output.dense                      |               147648 |                        0 |                        0 |       0 |
| model.encoder.encoder.layer.2.output.dropout                    |                    0 |                        0 |                        0 |       0 |
| model.encoder.encoder.layer.2.layernorm_before                  |                  384 |                        0 |                        0 |       0 |
| model.encoder.encoder.layer.2.layernorm_after                   |                  384 |                        0 |                        0 |       0 |
| model.encoder.encoder.layer.3                                   |               444864 |                        0 |                        0 |       0 |
| model.encoder.encoder.layer.3.attention                         |               148224 |                        0 |                        0 |       0 |
| model.encoder.encoder.layer.3.attention.attention               |               111168 |                        0 |                        0 |       0 |
| model.encoder.encoder.layer.3.attention.attention.query         |                37056 |                        0 |                        0 |       0 |
| model.encoder.encoder.layer.3.attention.attention.key           |                37056 |                        0 |                        0 |       0 |
| model.encoder.encoder.layer.3.attention.attention.value         |                37056 |                        0 |                        0 |       0 |
| model.encoder.encoder.layer.3.attention.output                  |                37056 |                        0 |                        0 |       0 |
| model.encoder.encoder.layer.3.attention.output.dense            |                37056 |                        0 |                        0 |       0 |
| model.encoder.encoder.layer.3.attention.output.dropout          |                    0 |                        0 |                        0 |       0 |
| model.encoder.encoder.layer.3.intermediate                      |               148224 |                        0 |                        0 |       0 |
| model.encoder.encoder.layer.3.intermediate.dense                |               148224 |                        0 |                        0 |       0 |
| model.encoder.encoder.layer.3.intermediate.intermediate_act_fn  |                    0 |                        0 |                        0 |       0 |
| model.encoder.encoder.layer.3.output                            |               147648 |                        0 |                        0 |       0 |
| model.encoder.encoder.layer.3.output.dense                      |               147648 |                        0 |                        0 |       0 |
| model.encoder.encoder.layer.3.output.dropout                    |                    0 |                        0 |                        0 |       0 |
| model.encoder.encoder.layer.3.layernorm_before                  |                  384 |                        0 |                        0 |       0 |
| model.encoder.encoder.layer.3.layernorm_after                   |                  384 |                        0 |                        0 |       0 |
| model.encoder.encoder.layer.4                                   |               444864 |                        0 |                        0 |       0 |
| model.encoder.encoder.layer.4.attention                         |               148224 |                        0 |                        0 |       0 |
| model.encoder.encoder.layer.4.attention.attention               |               111168 |                        0 |                        0 |       0 |
| model.encoder.encoder.layer.4.attention.attention.query         |                37056 |                        0 |                        0 |       0 |
| model.encoder.encoder.layer.4.attention.attention.key           |                37056 |                        0 |                        0 |       0 |
| model.encoder.encoder.layer.4.attention.attention.value         |                37056 |                        0 |                        0 |       0 |
| model.encoder.encoder.layer.4.attention.output                  |                37056 |                        0 |                        0 |       0 |
| model.encoder.encoder.layer.4.attention.output.dense            |                37056 |                        0 |                        0 |       0 |
| model.encoder.encoder.layer.4.attention.output.dropout          |                    0 |                        0 |                        0 |       0 |
| model.encoder.encoder.layer.4.intermediate                      |               148224 |                        0 |                        0 |       0 |
| model.encoder.encoder.layer.4.intermediate.dense                |               148224 |                        0 |                        0 |       0 |
| model.encoder.encoder.layer.4.intermediate.intermediate_act_fn  |                    0 |                        0 |                        0 |       0 |
| model.encoder.encoder.layer.4.output                            |               147648 |                        0 |                        0 |       0 |
| model.encoder.encoder.layer.4.output.dense                      |               147648 |                        0 |                        0 |       0 |
| model.encoder.encoder.layer.4.output.dropout                    |                    0 |                        0 |                        0 |       0 |
| model.encoder.encoder.layer.4.layernorm_before                  |                  384 |                        0 |                        0 |       0 |
| model.encoder.encoder.layer.4.layernorm_after                   |                  384 |                        0 |                        0 |       0 |
| model.encoder.encoder.layer.5                                   |               444864 |                        0 |                        0 |       0 |
| model.encoder.encoder.layer.5.attention                         |               148224 |                        0 |                        0 |       0 |
| model.encoder.encoder.layer.5.attention.attention               |               111168 |                        0 |                        0 |       0 |
| model.encoder.encoder.layer.5.attention.attention.query         |                37056 |                        0 |                        0 |       0 |
| model.encoder.encoder.layer.5.attention.attention.key           |                37056 |                        0 |                        0 |       0 |
| model.encoder.encoder.layer.5.attention.attention.value         |                37056 |                        0 |                        0 |       0 |
| model.encoder.encoder.layer.5.attention.output                  |                37056 |                        0 |                        0 |       0 |
| model.encoder.encoder.layer.5.attention.output.dense            |                37056 |                        0 |                        0 |       0 |
| model.encoder.encoder.layer.5.attention.output.dropout          |                    0 |                        0 |                        0 |       0 |
| model.encoder.encoder.layer.5.intermediate                      |               148224 |                        0 |                        0 |       0 |
| model.encoder.encoder.layer.5.intermediate.dense                |               148224 |                        0 |                        0 |       0 |
| model.encoder.encoder.layer.5.intermediate.intermediate_act_fn  |                    0 |                        0 |                        0 |       0 |
| model.encoder.encoder.layer.5.output                            |               147648 |                        0 |                        0 |       0 |
| model.encoder.encoder.layer.5.output.dense                      |               147648 |                        0 |                        0 |       0 |
| model.encoder.encoder.layer.5.output.dropout                    |                    0 |                        0 |                        0 |       0 |
| model.encoder.encoder.layer.5.layernorm_before                  |                  384 |                        0 |                        0 |       0 |
| model.encoder.encoder.layer.5.layernorm_after                   |                  384 |                        0 |                        0 |       0 |
| model.encoder.encoder.layer.6                                   |               444864 |                        0 |                        0 |       0 |
| model.encoder.encoder.layer.6.attention                         |               148224 |                        0 |                        0 |       0 |
| model.encoder.encoder.layer.6.attention.attention               |               111168 |                        0 |                        0 |       0 |
| model.encoder.encoder.layer.6.attention.attention.query         |                37056 |                        0 |                        0 |       0 |
| model.encoder.encoder.layer.6.attention.attention.key           |                37056 |                        0 |                        0 |       0 |
| model.encoder.encoder.layer.6.attention.attention.value         |                37056 |                        0 |                        0 |       0 |
| model.encoder.encoder.layer.6.attention.output                  |                37056 |                        0 |                        0 |       0 |
| model.encoder.encoder.layer.6.attention.output.dense            |                37056 |                        0 |                        0 |       0 |
| model.encoder.encoder.layer.6.attention.output.dropout          |                    0 |                        0 |                        0 |       0 |
| model.encoder.encoder.layer.6.intermediate                      |               148224 |                        0 |                        0 |       0 |
| model.encoder.encoder.layer.6.intermediate.dense                |               148224 |                        0 |                        0 |       0 |
| model.encoder.encoder.layer.6.intermediate.intermediate_act_fn  |                    0 |                        0 |                        0 |       0 |
| model.encoder.encoder.layer.6.output                            |               147648 |                        0 |                        0 |       0 |
| model.encoder.encoder.layer.6.output.dense                      |               147648 |                        0 |                        0 |       0 |
| model.encoder.encoder.layer.6.output.dropout                    |                    0 |                        0 |                        0 |       0 |
| model.encoder.encoder.layer.6.layernorm_before                  |                  384 |                        0 |                        0 |       0 |
| model.encoder.encoder.layer.6.layernorm_after                   |                  384 |                        0 |                        0 |       0 |
| model.encoder.encoder.layer.7                                   |               444864 |                        0 |                        0 |       0 |
| model.encoder.encoder.layer.7.attention                         |               148224 |                        0 |                        0 |       0 |
| model.encoder.encoder.layer.7.attention.attention               |               111168 |                        0 |                        0 |       0 |
| model.encoder.encoder.layer.7.attention.attention.query         |                37056 |                        0 |                        0 |       0 |
| model.encoder.encoder.layer.7.attention.attention.key           |                37056 |                        0 |                        0 |       0 |
| model.encoder.encoder.layer.7.attention.attention.value         |                37056 |                        0 |                        0 |       0 |
| model.encoder.encoder.layer.7.attention.output                  |                37056 |                        0 |                        0 |       0 |
| model.encoder.encoder.layer.7.attention.output.dense            |                37056 |                        0 |                        0 |       0 |
| model.encoder.encoder.layer.7.attention.output.dropout          |                    0 |                        0 |                        0 |       0 |
| model.encoder.encoder.layer.7.intermediate                      |               148224 |                        0 |                        0 |       0 |
| model.encoder.encoder.layer.7.intermediate.dense                |               148224 |                        0 |                        0 |       0 |
| model.encoder.encoder.layer.7.intermediate.intermediate_act_fn  |                    0 |                        0 |                        0 |       0 |
| model.encoder.encoder.layer.7.output                            |               147648 |                        0 |                        0 |       0 |
| model.encoder.encoder.layer.7.output.dense                      |               147648 |                        0 |                        0 |       0 |
| model.encoder.encoder.layer.7.output.dropout                    |                    0 |                        0 |                        0 |       0 |
| model.encoder.encoder.layer.7.layernorm_before                  |                  384 |                        0 |                        0 |       0 |
| model.encoder.encoder.layer.7.layernorm_after                   |                  384 |                        0 |                        0 |       0 |
| model.encoder.encoder.layer.8                                   |               444864 |                        0 |                        0 |       0 |
| model.encoder.encoder.layer.8.attention                         |               148224 |                        0 |                        0 |       0 |
| model.encoder.encoder.layer.8.attention.attention               |               111168 |                        0 |                        0 |       0 |
| model.encoder.encoder.layer.8.attention.attention.query         |                37056 |                        0 |                        0 |       0 |
| model.encoder.encoder.layer.8.attention.attention.key           |                37056 |                        0 |                        0 |       0 |
| model.encoder.encoder.layer.8.attention.attention.value         |                37056 |                        0 |                        0 |       0 |
| model.encoder.encoder.layer.8.attention.output                  |                37056 |                        0 |                        0 |       0 |
| model.encoder.encoder.layer.8.attention.output.dense            |                37056 |                        0 |                        0 |       0 |
| model.encoder.encoder.layer.8.attention.output.dropout          |                    0 |                        0 |                        0 |       0 |
| model.encoder.encoder.layer.8.intermediate                      |               148224 |                        0 |                        0 |       0 |
| model.encoder.encoder.layer.8.intermediate.dense                |               148224 |                        0 |                        0 |       0 |
| model.encoder.encoder.layer.8.intermediate.intermediate_act_fn  |                    0 |                        0 |                        0 |       0 |
| model.encoder.encoder.layer.8.output                            |               147648 |                        0 |                        0 |       0 |
| model.encoder.encoder.layer.8.output.dense                      |               147648 |                        0 |                        0 |       0 |
| model.encoder.encoder.layer.8.output.dropout                    |                    0 |                        0 |                        0 |       0 |
| model.encoder.encoder.layer.8.layernorm_before                  |                  384 |                        0 |                        0 |       0 |
| model.encoder.encoder.layer.8.layernorm_after                   |                  384 |                        0 |                        0 |       0 |
| model.encoder.encoder.layer.9                                   |               444864 |                        0 |                        0 |       0 |
| model.encoder.encoder.layer.9.attention                         |               148224 |                        0 |                        0 |       0 |
| model.encoder.encoder.layer.9.attention.attention               |               111168 |                        0 |                        0 |       0 |
| model.encoder.encoder.layer.9.attention.attention.query         |                37056 |                        0 |                        0 |       0 |
| model.encoder.encoder.layer.9.attention.attention.key           |                37056 |                        0 |                        0 |       0 |
| model.encoder.encoder.layer.9.attention.attention.value         |                37056 |                        0 |                        0 |       0 |
| model.encoder.encoder.layer.9.attention.output                  |                37056 |                        0 |                        0 |       0 |
| model.encoder.encoder.layer.9.attention.output.dense            |                37056 |                        0 |                        0 |       0 |
| model.encoder.encoder.layer.9.attention.output.dropout          |                    0 |                        0 |                        0 |       0 |
| model.encoder.encoder.layer.9.intermediate                      |               148224 |                        0 |                        0 |       0 |
| model.encoder.encoder.layer.9.intermediate.dense                |               148224 |                        0 |                        0 |       0 |
| model.encoder.encoder.layer.9.intermediate.intermediate_act_fn  |                    0 |                        0 |                        0 |       0 |
| model.encoder.encoder.layer.9.output                            |               147648 |                        0 |                        0 |       0 |
| model.encoder.encoder.layer.9.output.dense                      |               147648 |                        0 |                        0 |       0 |
| model.encoder.encoder.layer.9.output.dropout                    |                    0 |                        0 |                        0 |       0 |
| model.encoder.encoder.layer.9.layernorm_before                  |                  384 |                        0 |                        0 |       0 |
| model.encoder.encoder.layer.9.layernorm_after                   |                  384 |                        0 |                        0 |       0 |
| model.encoder.encoder.layer.10                                  |               444864 |                        0 |                        0 |       0 |
| model.encoder.encoder.layer.10.attention                        |               148224 |                        0 |                        0 |       0 |
| model.encoder.encoder.layer.10.attention.attention              |               111168 |                        0 |                        0 |       0 |
| model.encoder.encoder.layer.10.attention.attention.query        |                37056 |                        0 |                        0 |       0 |
| model.encoder.encoder.layer.10.attention.attention.key          |                37056 |                        0 |                        0 |       0 |
| model.encoder.encoder.layer.10.attention.attention.value        |                37056 |                        0 |                        0 |       0 |
| model.encoder.encoder.layer.10.attention.output                 |                37056 |                        0 |                        0 |       0 |
| model.encoder.encoder.layer.10.attention.output.dense           |                37056 |                        0 |                        0 |       0 |
| model.encoder.encoder.layer.10.attention.output.dropout         |                    0 |                        0 |                        0 |       0 |
| model.encoder.encoder.layer.10.intermediate                     |               148224 |                        0 |                        0 |       0 |
| model.encoder.encoder.layer.10.intermediate.dense               |               148224 |                        0 |                        0 |       0 |
| model.encoder.encoder.layer.10.intermediate.intermediate_act_fn |                    0 |                        0 |                        0 |       0 |
| model.encoder.encoder.layer.10.output                           |               147648 |                        0 |                        0 |       0 |
| model.encoder.encoder.layer.10.output.dense                     |               147648 |                        0 |                        0 |       0 |
| model.encoder.encoder.layer.10.output.dropout                   |                    0 |                        0 |                        0 |       0 |
| model.encoder.encoder.layer.10.layernorm_before                 |                  384 |                        0 |                        0 |       0 |
| model.encoder.encoder.layer.10.layernorm_after                  |                  384 |                        0 |                        0 |       0 |
| model.encoder.encoder.layer.11                                  |               444864 |                        0 |                        0 |       0 |
| model.encoder.encoder.layer.11.attention                        |               148224 |                        0 |                        0 |       0 |
| model.encoder.encoder.layer.11.attention.attention              |               111168 |                        0 |                        0 |       0 |
| model.encoder.encoder.layer.11.attention.attention.query        |                37056 |                        0 |                        0 |       0 |
| model.encoder.encoder.layer.11.attention.attention.key          |                37056 |                        0 |                        0 |       0 |
| model.encoder.encoder.layer.11.attention.attention.value        |                37056 |                        0 |                        0 |       0 |
| model.encoder.encoder.layer.11.attention.output                 |                37056 |                        0 |                        0 |       0 |
| model.encoder.encoder.layer.11.attention.output.dense           |                37056 |                        0 |                        0 |       0 |
| model.encoder.encoder.layer.11.attention.output.dropout         |                    0 |                        0 |                        0 |       0 |
| model.encoder.encoder.layer.11.intermediate                     |               148224 |                        0 |                        0 |       0 |
| model.encoder.encoder.layer.11.intermediate.dense               |               148224 |                        0 |                        0 |       0 |
| model.encoder.encoder.layer.11.intermediate.intermediate_act_fn |                    0 |                        0 |                        0 |       0 |
| model.encoder.encoder.layer.11.output                           |               147648 |                        0 |                        0 |       0 |
| model.encoder.encoder.layer.11.output.dense                     |               147648 |                        0 |                        0 |       0 |
| model.encoder.encoder.layer.11.output.dropout                   |                    0 |                        0 |                        0 |       0 |
| model.encoder.encoder.layer.11.layernorm_before                 |                  384 |                        0 |                        0 |       0 |
| model.encoder.encoder.layer.11.layernorm_after                  |                  384 |                        0 |                        0 |       0 |
| model.encoder.layernorm                                         |                  384 |                        0 |                        0 |       0 |
| model.predictor                                                 |             10791360 |                        0 |                        0 |       0 |
| model.predictor.dropout                                         |                    0 |                        0 |                        0 |       0 |
| model.predictor.transformer                                     |             10790784 |                        0 |                        0 |       0 |
| model.predictor.transformer.norm                                |                  384 |                        0 |                        0 |       0 |
| model.predictor.transformer.layers                              |             10790400 |                        0 |                        0 |       0 |
| model.predictor.transformer.layers.0                            |              1798400 |                        0 |                        0 |       0 |
| model.predictor.transformer.layers.0.attn                       |               787008 |                        0 |                        0 |       0 |
| model.predictor.transformer.layers.0.attn.norm                  |                  384 |                        0 |                        0 |       0 |
| model.predictor.transformer.layers.0.attn.attend                |                    0 |                        0 |                        0 |       0 |
| model.predictor.transformer.layers.0.attn.to_qkv                |               589824 |                        0 |                        0 |       0 |
| model.predictor.transformer.layers.0.attn.to_out                |               196800 |                        0 |                        0 |       0 |
| model.predictor.transformer.layers.0.attn.to_out.0              |               196800 |                        0 |                        0 |       0 |
| model.predictor.transformer.layers.0.attn.to_out.1              |                    0 |                        0 |                        0 |       0 |
| model.predictor.transformer.layers.0.mlp                        |               789056 |                        0 |                        0 |       0 |
| model.predictor.transformer.layers.0.mlp.net                    |               789056 |                        0 |                        0 |       0 |
| model.predictor.transformer.layers.0.mlp.net.0                  |                  384 |                        0 |                        0 |       0 |
| model.predictor.transformer.layers.0.mlp.net.1                  |               395264 |                        0 |                        0 |       0 |
| model.predictor.transformer.layers.0.mlp.net.2                  |                    0 |                        0 |                        0 |       0 |
| model.predictor.transformer.layers.0.mlp.net.3                  |                    0 |                        0 |                        0 |       0 |
| model.predictor.transformer.layers.0.mlp.net.4                  |               393408 |                        0 |                        0 |       0 |
| model.predictor.transformer.layers.0.mlp.net.5                  |                    0 |                        0 |                        0 |       0 |
| model.predictor.transformer.layers.0.norm1                      |                    0 |                        0 |                        0 |       0 |
| model.predictor.transformer.layers.0.norm2                      |                    0 |                        0 |                        0 |       0 |
| model.predictor.transformer.layers.0.adaLN_modulation           |               222336 |                        0 |                        0 |       0 |
| model.predictor.transformer.layers.0.adaLN_modulation.0         |                    0 |                        0 |                        0 |       0 |
| model.predictor.transformer.layers.0.adaLN_modulation.1         |               222336 |                        0 |                        0 |       0 |
| model.predictor.transformer.layers.1                            |              1798400 |                        0 |                        0 |       0 |
| model.predictor.transformer.layers.1.attn                       |               787008 |                        0 |                        0 |       0 |
| model.predictor.transformer.layers.1.attn.norm                  |                  384 |                        0 |                        0 |       0 |
| model.predictor.transformer.layers.1.attn.attend                |                    0 |                        0 |                        0 |       0 |
| model.predictor.transformer.layers.1.attn.to_qkv                |               589824 |                        0 |                        0 |       0 |
| model.predictor.transformer.layers.1.attn.to_out                |               196800 |                        0 |                        0 |       0 |
| model.predictor.transformer.layers.1.attn.to_out.0              |               196800 |                        0 |                        0 |       0 |
| model.predictor.transformer.layers.1.attn.to_out.1              |                    0 |                        0 |                        0 |       0 |
| model.predictor.transformer.layers.1.mlp                        |               789056 |                        0 |                        0 |       0 |
| model.predictor.transformer.layers.1.mlp.net                    |               789056 |                        0 |                        0 |       0 |
| model.predictor.transformer.layers.1.mlp.net.0                  |                  384 |                        0 |                        0 |       0 |
| model.predictor.transformer.layers.1.mlp.net.1                  |               395264 |                        0 |                        0 |       0 |
| model.predictor.transformer.layers.1.mlp.net.2                  |                    0 |                        0 |                        0 |       0 |
| model.predictor.transformer.layers.1.mlp.net.3                  |                    0 |                        0 |                        0 |       0 |
| model.predictor.transformer.layers.1.mlp.net.4                  |               393408 |                        0 |                        0 |       0 |
| model.predictor.transformer.layers.1.mlp.net.5                  |                    0 |                        0 |                        0 |       0 |
| model.predictor.transformer.layers.1.norm1                      |                    0 |                        0 |                        0 |       0 |
| model.predictor.transformer.layers.1.norm2                      |                    0 |                        0 |                        0 |       0 |
| model.predictor.transformer.layers.1.adaLN_modulation           |               222336 |                        0 |                        0 |       0 |
| model.predictor.transformer.layers.1.adaLN_modulation.0         |                    0 |                        0 |                        0 |       0 |
| model.predictor.transformer.layers.1.adaLN_modulation.1         |               222336 |                        0 |                        0 |       0 |
| model.predictor.transformer.layers.2                            |              1798400 |                        0 |                        0 |       0 |
| model.predictor.transformer.layers.2.attn                       |               787008 |                        0 |                        0 |       0 |
| model.predictor.transformer.layers.2.attn.norm                  |                  384 |                        0 |                        0 |       0 |
| model.predictor.transformer.layers.2.attn.attend                |                    0 |                        0 |                        0 |       0 |
| model.predictor.transformer.layers.2.attn.to_qkv                |               589824 |                        0 |                        0 |       0 |
| model.predictor.transformer.layers.2.attn.to_out                |               196800 |                        0 |                        0 |       0 |
| model.predictor.transformer.layers.2.attn.to_out.0              |               196800 |                        0 |                        0 |       0 |
| model.predictor.transformer.layers.2.attn.to_out.1              |                    0 |                        0 |                        0 |       0 |
| model.predictor.transformer.layers.2.mlp                        |               789056 |                        0 |                        0 |       0 |
| model.predictor.transformer.layers.2.mlp.net                    |               789056 |                        0 |                        0 |       0 |
| model.predictor.transformer.layers.2.mlp.net.0                  |                  384 |                        0 |                        0 |       0 |
| model.predictor.transformer.layers.2.mlp.net.1                  |               395264 |                        0 |                        0 |       0 |
| model.predictor.transformer.layers.2.mlp.net.2                  |                    0 |                        0 |                        0 |       0 |
| model.predictor.transformer.layers.2.mlp.net.3                  |                    0 |                        0 |                        0 |       0 |
| model.predictor.transformer.layers.2.mlp.net.4                  |               393408 |                        0 |                        0 |       0 |
| model.predictor.transformer.layers.2.mlp.net.5                  |                    0 |                        0 |                        0 |       0 |
| model.predictor.transformer.layers.2.norm1                      |                    0 |                        0 |                        0 |       0 |
| model.predictor.transformer.layers.2.norm2                      |                    0 |                        0 |                        0 |       0 |
| model.predictor.transformer.layers.2.adaLN_modulation           |               222336 |                        0 |                        0 |       0 |
| model.predictor.transformer.layers.2.adaLN_modulation.0         |                    0 |                        0 |                        0 |       0 |
| model.predictor.transformer.layers.2.adaLN_modulation.1         |               222336 |                        0 |                        0 |       0 |
| model.predictor.transformer.layers.3                            |              1798400 |                        0 |                        0 |       0 |
| model.predictor.transformer.layers.3.attn                       |               787008 |                        0 |                        0 |       0 |
| model.predictor.transformer.layers.3.attn.norm                  |                  384 |                        0 |                        0 |       0 |
| model.predictor.transformer.layers.3.attn.attend                |                    0 |                        0 |                        0 |       0 |
| model.predictor.transformer.layers.3.attn.to_qkv                |               589824 |                        0 |                        0 |       0 |
| model.predictor.transformer.layers.3.attn.to_out                |               196800 |                        0 |                        0 |       0 |
| model.predictor.transformer.layers.3.attn.to_out.0              |               196800 |                        0 |                        0 |       0 |
| model.predictor.transformer.layers.3.attn.to_out.1              |                    0 |                        0 |                        0 |       0 |
| model.predictor.transformer.layers.3.mlp                        |               789056 |                        0 |                        0 |       0 |
| model.predictor.transformer.layers.3.mlp.net                    |               789056 |                        0 |                        0 |       0 |
| model.predictor.transformer.layers.3.mlp.net.0                  |                  384 |                        0 |                        0 |       0 |
| model.predictor.transformer.layers.3.mlp.net.1                  |               395264 |                        0 |                        0 |       0 |
| model.predictor.transformer.layers.3.mlp.net.2                  |                    0 |                        0 |                        0 |       0 |
| model.predictor.transformer.layers.3.mlp.net.3                  |                    0 |                        0 |                        0 |       0 |
| model.predictor.transformer.layers.3.mlp.net.4                  |               393408 |                        0 |                        0 |       0 |
| model.predictor.transformer.layers.3.mlp.net.5                  |                    0 |                        0 |                        0 |       0 |
| model.predictor.transformer.layers.3.norm1                      |                    0 |                        0 |                        0 |       0 |
| model.predictor.transformer.layers.3.norm2                      |                    0 |                        0 |                        0 |       0 |
| model.predictor.transformer.layers.3.adaLN_modulation           |               222336 |                        0 |                        0 |       0 |
| model.predictor.transformer.layers.3.adaLN_modulation.0         |                    0 |                        0 |                        0 |       0 |
| model.predictor.transformer.layers.3.adaLN_modulation.1         |               222336 |                        0 |                        0 |       0 |
| model.predictor.transformer.layers.4                            |              1798400 |                        0 |                        0 |       0 |
| model.predictor.transformer.layers.4.attn                       |               787008 |                        0 |                        0 |       0 |
| model.predictor.transformer.layers.4.attn.norm                  |                  384 |                        0 |                        0 |       0 |
| model.predictor.transformer.layers.4.attn.attend                |                    0 |                        0 |                        0 |       0 |
| model.predictor.transformer.layers.4.attn.to_qkv                |               589824 |                        0 |                        0 |       0 |
| model.predictor.transformer.layers.4.attn.to_out                |               196800 |                        0 |                        0 |       0 |
| model.predictor.transformer.layers.4.attn.to_out.0              |               196800 |                        0 |                        0 |       0 |
| model.predictor.transformer.layers.4.attn.to_out.1              |                    0 |                        0 |                        0 |       0 |
| model.predictor.transformer.layers.4.mlp                        |               789056 |                        0 |                        0 |       0 |
| model.predictor.transformer.layers.4.mlp.net                    |               789056 |                        0 |                        0 |       0 |
| model.predictor.transformer.layers.4.mlp.net.0                  |                  384 |                        0 |                        0 |       0 |
| model.predictor.transformer.layers.4.mlp.net.1                  |               395264 |                        0 |                        0 |       0 |
| model.predictor.transformer.layers.4.mlp.net.2                  |                    0 |                        0 |                        0 |       0 |
| model.predictor.transformer.layers.4.mlp.net.3                  |                    0 |                        0 |                        0 |       0 |
| model.predictor.transformer.layers.4.mlp.net.4                  |               393408 |                        0 |                        0 |       0 |
| model.predictor.transformer.layers.4.mlp.net.5                  |                    0 |                        0 |                        0 |       0 |
| model.predictor.transformer.layers.4.norm1                      |                    0 |                        0 |                        0 |       0 |
| model.predictor.transformer.layers.4.norm2                      |                    0 |                        0 |                        0 |       0 |
| model.predictor.transformer.layers.4.adaLN_modulation           |               222336 |                        0 |                        0 |       0 |
| model.predictor.transformer.layers.4.adaLN_modulation.0         |                    0 |                        0 |                        0 |       0 |
| model.predictor.transformer.layers.4.adaLN_modulation.1         |               222336 |                        0 |                        0 |       0 |
| model.predictor.transformer.layers.5                            |              1798400 |                        0 |                        0 |       0 |
| model.predictor.transformer.layers.5.attn                       |               787008 |                        0 |                        0 |       0 |
| model.predictor.transformer.layers.5.attn.norm                  |                  384 |                        0 |                        0 |       0 |
| model.predictor.transformer.layers.5.attn.attend                |                    0 |                        0 |                        0 |       0 |
| model.predictor.transformer.layers.5.attn.to_qkv                |               589824 |                        0 |                        0 |       0 |
| model.predictor.transformer.layers.5.attn.to_out                |               196800 |                        0 |                        0 |       0 |
| model.predictor.transformer.layers.5.attn.to_out.0              |               196800 |                        0 |                        0 |       0 |
| model.predictor.transformer.layers.5.attn.to_out.1              |                    0 |                        0 |                        0 |       0 |
| model.predictor.transformer.layers.5.mlp                        |               789056 |                        0 |                        0 |       0 |
| model.predictor.transformer.layers.5.mlp.net                    |               789056 |                        0 |                        0 |       0 |
| model.predictor.transformer.layers.5.mlp.net.0                  |                  384 |                        0 |                        0 |       0 |
| model.predictor.transformer.layers.5.mlp.net.1                  |               395264 |                        0 |                        0 |       0 |
| model.predictor.transformer.layers.5.mlp.net.2                  |                    0 |                        0 |                        0 |       0 |
| model.predictor.transformer.layers.5.mlp.net.3                  |                    0 |                        0 |                        0 |       0 |
| model.predictor.transformer.layers.5.mlp.net.4                  |               393408 |                        0 |                        0 |       0 |
| model.predictor.transformer.layers.5.mlp.net.5                  |                    0 |                        0 |                        0 |       0 |
| model.predictor.transformer.layers.5.norm1                      |                    0 |                        0 |                        0 |       0 |
| model.predictor.transformer.layers.5.norm2                      |                    0 |                        0 |                        0 |       0 |
| model.predictor.transformer.layers.5.adaLN_modulation           |               222336 |                        0 |                        0 |       0 |
| model.predictor.transformer.layers.5.adaLN_modulation.0         |                    0 |                        0 |                        0 |       0 |
| model.predictor.transformer.layers.5.adaLN_modulation.1         |               222336 |                        0 |                        0 |       0 |
| model.predictor.transformer.input_proj                          |                    0 |                        0 |                        0 |       0 |
| model.predictor.transformer.cond_proj                           |                    0 |                        0 |                        0 |       0 |
| model.predictor.transformer.output_proj                         |                    0 |                        0 |                        0 |       0 |
| model.action_encoder                                            |               156206 |                        0 |                        0 |       0 |
| model.action_encoder.patch_embed                                |                  110 |                        0 |                        0 |       0 |
| model.action_encoder.embed                                      |               156096 |                        0 |                        0 |       0 |
| model.action_encoder.embed.0                                    |                 8448 |                        0 |                        0 |       0 |
| model.action_encoder.embed.1                                    |                    0 |                        0 |                        0 |       0 |
| model.action_encoder.embed.2                                    |               147648 |                        0 |                        0 |       0 |
| model.projector                                                 |               792768 |                        0 |                        0 |    4097 |
| model.projector.net                                             |               792768 |                        0 |                        0 |    4097 |
| model.projector.net.0                                           |               395264 |                        0 |                        0 |       0 |
| model.projector.net.1                                           |                 4096 |                        0 |                        0 |    4097 |
| model.projector.net.2                                           |                    0 |                        0 |                        0 |       0 |
| model.projector.net.3                                           |               393408 |                        0 |                        0 |       0 |
| model.pred_proj                                                 |               792768 |                        0 |                        0 |    4097 |
| model.pred_proj.net                                             |               792768 |                        0 |                        0 |    4097 |
| model.pred_proj.net.0                                           |               395264 |                        0 |                        0 |       0 |
| model.pred_proj.net.1                                           |                 4096 |                        0 |                        0 |    4097 |
| model.pred_proj.net.2                                           |                    0 |                        0 |                        0 |       0 |
| model.pred_proj.net.3                                           |               393408 |                        0 |                        0 |       0 |
| sigreg                                                          |                    0 |                        0 |                        0 |      51 |
+-----------------------------------------------------------------+----------------------+--------------------------+--------------------------+---------+
14:59:13 | INFO  | utils.py    | ── SLURM ─────────────────────────────────────────
14:59:13 | INFO  | trainer_inf~|   Job ID: N/A
14:59:13 | INFO  | trainer_inf~|   Task ID: N/A
14:59:13 | INFO  | trainer_inf~|   Job Name: N/A
14:59:13 | INFO  | trainer_inf~|   Nodes: N/A
14:59:13 | INFO  | trainer_inf~|   Tasks: N/A
14:59:13 | INFO  | trainer_inf~|   CPUs per node: N/A
14:59:13 | INFO  | trainer_inf~|   CPUs per task: N/A
14:59:13 | INFO  | trainer_inf~|   Memory per node: N/A
14:59:13 | INFO  | trainer_inf~|   Memory per CPU: N/A
14:59:13 | INFO  | trainer_inf~|   Time limit: N/A
14:59:13 | INFO  | trainer_inf~|   Partition: N/A
14:59:13 | INFO  | trainer_inf~|   Node List: N/A
14:59:13 | INFO  | trainer_inf~|   Submit Directory: N/A
14:59:13 | INFO  | utils.py    | ── HardwareMonitor ───────────────────────────────
14:59:13 | INFO  | hardware_mo~|   interval: 10.0s
14:59:13 | INFO  | hardware_mo~|   prefix:   'hardware/'
14:59:13 | INFO  | hardware_mo~|   metrics:  cpu=True ram=True disk=True net=True gpu=True
14:59:13 | INFO  | hardware_mo~|   per-rank: rank 0 only
LOCAL_RANK: 4 - CUDA_VISIBLE_DEVICES: [0,1,2,3,4,5,6,7]
LOCAL_RANK: 1 - CUDA_VISIBLE_DEVICES: [0,1,2,3,4,5,6,7]
LOCAL_RANK: 0 - CUDA_VISIBLE_DEVICES: [0,1,2,3,4,5,6,7]
LOCAL_RANK: 7 - CUDA_VISIBLE_DEVICES: [0,1,2,3,4,5,6,7]
LOCAL_RANK: 6 - CUDA_VISIBLE_DEVICES: [0,1,2,3,4,5,6,7]
LOCAL_RANK: 5 - CUDA_VISIBLE_DEVICES: [0,1,2,3,4,5,6,7]
LOCAL_RANK: 3 - CUDA_VISIBLE_DEVICES: [0,1,2,3,4,5,6,7]
LOCAL_RANK: 2 - CUDA_VISIBLE_DEVICES: [0,1,2,3,4,5,6,7]
14:59:13 | WARN  | hardware_mo~| HardwareMonitor: pynvml unavailable (ModuleNotFoundError("No module named 'pynvml'")); GPU metrics disabled.
14:59:13 | INFO  | utils.py    | ── Optimizers ────────────────────────────────────
14:59:13 | INFO  | module.py   |   Optimizer specified by Dict with keys ['model_opt']
14:59:13 | INFO  | module.py   | 
┏━━━━━━━━━━━━━┳━━━━━━━━━━━┳━━━━━━━━━━━━━━━━━━━┳━━━━━━━━━━━━━━━━━┳━━━━━━━━━━━━━━━━┳━━━━━━━━━━━━━━━━━━━━━━━━┓
┃ Optimizer   ┃ Pattern   ┃   Matched Modules ┃   Param Tensors ┃   Total Params ┃   RequiresGrad Tensors ┃
┣━━━━━━━━━━━━━╋━━━━━━━━━━━╋━━━━━━━━━━━━━━━━━━━╋━━━━━━━━━━━━━━━━━╋━━━━━━━━━━━━━━━━╋━━━━━━━━━━━━━━━━━━━━━━━━┫
┃ model_opt   ┃ model     ┃               365 ┃             297 ┃       18034478 ┃                    297 ┃
┗━━━━━━━━━━━━━┻━━━━━━━━━━━┻━━━━━━━━━━━━━━━━━━━┻━━━━━━━━━━━━━━━━━┻━━━━━━━━━━━━━━━━┻━━━━━━━━━━━━━━━━━━━━━━━━┛
14:59:13 | INFO  | lr_schedule~| 	User provided a dict
Loading `train_dataloader` to estimate number of stepping batches.
/data1/Johnny/challenge/wrf/.venv/lib/python3.10/site-packages/lance/__init__.py:298: UserWarning: lance is not fork-safe. If you are using multiprocessing, use spawn or forkserver instead.
  warnings.warn(
/data1/Johnny/challenge/wrf/.venv/lib/python3.10/site-packages/lance/__init__.py:298: UserWarning: lance is not fork-safe. If you are using multiprocessing, use spawn or forkserver instead.
  warnings.warn(
/data1/Johnny/challenge/wrf/.venv/lib/python3.10/site-packages/lance/__init__.py:298: UserWarning: lance is not fork-safe. If you are using multiprocessing, use spawn or forkserver instead.
  warnings.warn(
/data1/Johnny/challenge/wrf/.venv/lib/python3.10/site-packages/lance/__init__.py:298: UserWarning: lance is not fork-safe. If you are using multiprocessing, use spawn or forkserver instead.
  warnings.warn(
/data1/Johnny/challenge/wrf/.venv/lib/python3.10/site-packages/lance/__init__.py:298: UserWarning: lance is not fork-safe. If you are using multiprocessing, use spawn or forkserver instead.
  warnings.warn(
/data1/Johnny/challenge/wrf/.venv/lib/python3.10/site-packages/lance/__init__.py:298: UserWarning: lance is not fork-safe. If you are using multiprocessing, use spawn or forkserver instead.
  warnings.warn(
/data1/Johnny/challenge/wrf/.venv/lib/python3.10/site-packages/lance/__init__.py:298: UserWarning: lance is not fork-safe. If you are using multiprocessing, use spawn or forkserver instead.
  warnings.warn(
/data1/Johnny/challenge/wrf/.venv/lib/python3.10/site-packages/lance/__init__.py:298: UserWarning: lance is not fork-safe. If you are using multiprocessing, use spawn or forkserver instead.
  warnings.warn(
/data1/Johnny/challenge/wrf/.venv/lib/python3.10/site-packages/lancedb/__init__.py:294: UserWarning: lance is not fork-safe. If you are using multiprocessing, use spawn instead.
  warnings.warn(
/data1/Johnny/challenge/wrf/.venv/lib/python3.10/site-packages/lancedb/__init__.py:294: UserWarning: lance is not fork-safe. If you are using multiprocessing, use spawn instead.
  warnings.warn(
/data1/Johnny/challenge/wrf/.venv/lib/python3.10/site-packages/lancedb/__init__.py:294: UserWarning: lance is not fork-safe. If you are using multiprocessing, use spawn instead.
  warnings.warn(
/data1/Johnny/challenge/wrf/.venv/lib/python3.10/site-packages/lancedb/__init__.py:294: UserWarning: lance is not fork-safe. If you are using multiprocessing, use spawn instead.
  warnings.warn(
/data1/Johnny/challenge/wrf/.venv/lib/python3.10/site-packages/lancedb/__init__.py:294: UserWarning: lance is not fork-safe. If you are using multiprocessing, use spawn instead.
  warnings.warn(
/data1/Johnny/challenge/wrf/.venv/lib/python3.10/site-packages/lancedb/__init__.py:294: UserWarning: lance is not fork-safe. If you are using multiprocessing, use spawn instead.
  warnings.warn(
/data1/Johnny/challenge/wrf/.venv/lib/python3.10/site-packages/lancedb/__init__.py:294: UserWarning: lance is not fork-safe. If you are using multiprocessing, use spawn instead.
  warnings.warn(
/data1/Johnny/challenge/wrf/.venv/lib/python3.10/site-packages/lancedb/__init__.py:294: UserWarning: lance is not fork-safe. If you are using multiprocessing, use spawn instead.
  warnings.warn(
14:59:13 | OK    | env_info.py | ✓ Packages: 185 packages collected in 0.55s
14:59:13 | INFO  | module.py   |   Configured optimizer 'model_opt' (modules=365, param_tensors=297, total_params=18034478) with LinearWarmupCosineAnnealingLR scheduler.
/data1/Johnny/challenge/wrf/.venv/lib/python3.10/site-packages/lightning/pytorch/utilities/model_summary/model_summary.py:242: Precision bf16-mixed is not supported by the model summary.  Estimated model size in MB will not be accurate. Using 32 bits instead.
┏━━━┳━━━━━━━━━━━━━━━━━━━┳━━━━━━━━━━━━┳━━━━━━━━┳━━━━━━━┳━━━━━━━┓
┃   ┃ Name              ┃ Type       ┃ Params ┃ Mode  ┃ FLOPs ┃
┡━━━╇━━━━━━━━━━━━━━━━━━━╇━━━━━━━━━━━━╇━━━━━━━━╇━━━━━━━╇━━━━━━━┩
│ 0 │ callbacks_modules │ ModuleDict │      0 │ train │     0 │
│ 1 │ callbacks_metrics │ ModuleDict │      0 │ train │     0 │
│ 2 │ model             │ JEPA       │ 18.0 M │ train │     0 │
│ 3 │ sigreg            │ SIGReg     │      0 │ train │     0 │
└───┴───────────────────┴────────────┴────────┴───────┴───────┘
Trainable params: 18.0 M                                                                                         
Non-trainable params: 0                                                                                          
Total params: 18.0 M                                                                                             
Total estimated model params size (MB): 72.138                                                                   
Modules in train mode: 368                                                                                       
Modules in eval mode: 0                                                                                          
Total FLOPs: 0                                                                                                   
14:59:13 | INFO  | logger.py   | [RegistryLogger] summary.json flushed (0 metrics, step=0, epoch=0) → /data1/Johnny/challenge/wrf/homework/outputs/home/.cache/stable-pretraining/runs/20260715/145800/ee58f199d257/summary.json
/data1/Johnny/challenge/wrf/.venv/lib/python3.10/site-packages/lance/__init__.py:298: UserWarning: lance is not fork-safe. If you are using multiprocessing, use spawn or forkserver instead.
  warnings.warn(
/data1/Johnny/challenge/wrf/.venv/lib/python3.10/site-packages/lancedb/__init__.py:294: UserWarning: lance is not fork-safe. If you are using multiprocessing, use spawn instead.
  warnings.warn(
14:59:13 | OK    | env_info.py | ✓ NVIDIA Driver: 535.129.03
/data1/Johnny/challenge/wrf/.venv/lib/python3.10/site-packages/lance/__init__.py:298: UserWarning: lance is not fork-safe. If you are using multiprocessing, use spawn or forkserver instead.
  warnings.warn(
/data1/Johnny/challenge/wrf/.venv/lib/python3.10/site-packages/lancedb/__init__.py:294: UserWarning: lance is not fork-safe. If you are using multiprocessing, use spawn instead.
  warnings.warn(
/data1/Johnny/challenge/wrf/.venv/lib/python3.10/site-packages/lance/__init__.py:298: UserWarning: lance is not fork-safe. If you are using multiprocessing, use spawn or forkserver instead.
  warnings.warn(
/data1/Johnny/challenge/wrf/.venv/lib/python3.10/site-packages/lancedb/__init__.py:294: UserWarning: lance is not fork-safe. If you are using multiprocessing, use spawn instead.
  warnings.warn(
/data1/Johnny/challenge/wrf/.venv/lib/python3.10/site-packages/lance/__init__.py:298: UserWarning: lance is not fork-safe. If you are using multiprocessing, use spawn or forkserver instead.
  warnings.warn(
/data1/Johnny/challenge/wrf/.venv/lib/python3.10/site-packages/lancedb/__init__.py:294: UserWarning: lance is not fork-safe. If you are using multiprocessing, use spawn instead.
  warnings.warn(
/data1/Johnny/challenge/wrf/.venv/lib/python3.10/site-packages/lance/__init__.py:298: UserWarning: lance is not fork-safe. If you are using multiprocessing, use spawn or forkserver instead.
  warnings.warn(
/data1/Johnny/challenge/wrf/.venv/lib/python3.10/site-packages/lancedb/__init__.py:294: UserWarning: lance is not fork-safe. If you are using multiprocessing, use spawn instead.
  warnings.warn(
14:59:14 | OK    | env_info.py | ✓ Git: main @ e1a7f46f
14:59:14 | INFO  | env_info.py |   Remote: git@github-huamaqieqie:huamaqieqie/homework.git
14:59:14 | WARN  | env_info.py | ! Working directory has uncommitted changes
14:59:14 | OK    | env_info.py | ✓ Environment: 12 relevant variables captured
14:59:14 | INFO  | env_info.py |   Serializing environment data...
14:59:14 | INFO  | env_info.py |   File exists, using version 5: environment_v5.json
14:59:14 | INFO  | env_info.py |   File exists, using version 5: requirements_frozen_v5.txt
14:59:14 | INFO  | env_info.py |   Save directory: /data1/Johnny/challenge/wrf/homework/outputs/home/.cache/stable-pretraining
14:59:14 | INFO  | env_info.py |   Writing environment to temp file...
14:59:14 | INFO  | env_info.py |   Moving to: environment_v5.json
14:59:14 | OK    | env_info.py | ✓ Environment file saved (11.3 KB)
14:59:14 | OK    | env_info.py | ✓ Requirements file saved (3.5 KB)
14:59:54 | INFO  | trainer_inf~| \n+-------------------------------------------+-------------------------+
|                   Metric                  |          Value          |
+-------------------------------------------+-------------------------+
|         [0;34;40mvalidate/active_dim_count[0m         |           [0;32;40m0.0[0m           |
|      [0;34;40mvalidate/active_dim_count_epoch[0m      |           [0;32;40m0.0[0m           |
|             [0;34;40mvalidate/delta_cos[0m            | [0;32;40m-1.7090438632294536e-05[0m |
|          [0;34;40mvalidate/delta_cos_epoch[0m         | [0;32;40m-1.7090438632294536e-05[0m |
|            [0;34;40mvalidate/delta_norm[0m            |     [0;32;40m2.78671932220459[0m    |
|         [0;34;40mvalidate/delta_norm_epoch[0m         |     [0;32;40m2.78671932220459[0m    |
|            [0;34;40mvalidate/latent_mean[0m           |  [0;32;40m-0.015890080481767654[0m  |
|         [0;34;40mvalidate/latent_mean_epoch[0m        |  [0;32;40m-0.015890080481767654[0m  |
|            [0;34;40mvalidate/latent_norm[0m           |    [0;32;40m2.672961711883545[0m    |
|         [0;34;40mvalidate/latent_norm_epoch[0m        |    [0;32;40m2.672961711883545[0m    |
|            [0;34;40mvalidate/latent_std[0m            |    [0;32;40m0.1922488957643509[0m   |
|         [0;34;40mvalidate/latent_std_epoch[0m         |    [0;32;40m0.1922488957643509[0m   |
|               [0;34;40mvalidate/loss[0m               |    [0;32;40m5.0407023429870605[0m   |
|            [0;34;40mvalidate/loss_epoch[0m            |    [0;32;40m5.0407023429870605[0m   |
|          [0;34;40mvalidate/loss_future_cos[0m         |    [0;32;40m0.3220478296279907[0m   |
|       [0;34;40mvalidate/loss_future_cos_epoch[0m      |    [0;32;40m0.3220478296279907[0m   |
|          [0;34;40mvalidate/loss_future_l1[0m          |       [0;32;40m0.1572265625[0m      |
|       [0;34;40mvalidate/loss_future_l1_epoch[0m       |       [0;32;40m0.1572265625[0m      |
|             [0;34;40mvalidate/loss_mse[0m             |   [0;32;40m0.04070223495364189[0m   |
|          [0;34;40mvalidate/loss_mse_epoch[0m          |   [0;32;40m0.04070223495364189[0m   |
|        [0;34;40mvalidate/loss_mse_horizon_01[0m       |   [0;32;40m0.03841724246740341[0m   |
|     [0;34;40mvalidate/loss_mse_horizon_01_epoch[0m    |   [0;32;40m0.03841724246740341[0m   |
|        [0;34;40mvalidate/loss_mse_horizon_02[0m       |   [0;32;40m0.034213583916425705[0m  |
|     [0;34;40mvalidate/loss_mse_horizon_02_epoch[0m    |   [0;32;40m0.034213583916425705[0m  |
|        [0;34;40mvalidate/loss_mse_horizon_03[0m       |   [0;32;40m0.04947587847709656[0m   |
|     [0;34;40mvalidate/loss_mse_horizon_03_epoch[0m    |   [0;32;40m0.04947587847709656[0m   |
|            [0;34;40mvalidate/loss_total[0m            |    [0;32;40m5.0407023429870605[0m   |
|         [0;34;40mvalidate/loss_total_epoch[0m         |    [0;32;40m5.0407023429870605[0m   |
|     [0;34;40mvalidate/pairwise_cos_hist_bin_00[0m     |           [0;32;40m0.0[0m           |
|  [0;34;40mvalidate/pairwise_cos_hist_bin_00_epoch[0m  |           [0;32;40m0.0[0m           |
|     [0;34;40mvalidate/pairwise_cos_hist_bin_01[0m     |           [0;32;40m0.0[0m           |
|  [0;34;40mvalidate/pairwise_cos_hist_bin_01_epoch[0m  |           [0;32;40m0.0[0m           |
|     [0;34;40mvalidate/pairwise_cos_hist_bin_02[0m     |           [0;32;40m0.0[0m           |
|  [0;34;40mvalidate/pairwise_cos_hist_bin_02_epoch[0m  |           [0;32;40m0.0[0m           |
|     [0;34;40mvalidate/pairwise_cos_hist_bin_03[0m     |           [0;32;40m0.0[0m           |
|  [0;34;40mvalidate/pairwise_cos_hist_bin_03_epoch[0m  |           [0;32;40m0.0[0m           |
|     [0;34;40mvalidate/pairwise_cos_hist_bin_04[0m     |           [0;32;40m0.0[0m           |
|  [0;34;40mvalidate/pairwise_cos_hist_bin_04_epoch[0m  |           [0;32;40m0.0[0m           |
|     [0;34;40mvalidate/pairwise_cos_hist_bin_05[0m     |           [0;32;40m0.0[0m           |
|  [0;34;40mvalidate/pairwise_cos_hist_bin_05_epoch[0m  |           [0;32;40m0.0[0m           |
|     [0;34;40mvalidate/pairwise_cos_hist_bin_06[0m     |           [0;32;40m0.0[0m           |
|  [0;34;40mvalidate/pairwise_cos_hist_bin_06_epoch[0m  |           [0;32;40m0.0[0m           |
|     [0;34;40mvalidate/pairwise_cos_hist_bin_07[0m     |           [0;32;40m0.0[0m           |
|  [0;34;40mvalidate/pairwise_cos_hist_bin_07_epoch[0m  |           [0;32;40m0.0[0m           |
|     [0;34;40mvalidate/pairwise_cos_hist_bin_08[0m     |           [0;32;40m0.0[0m           |
|  [0;34;40mvalidate/pairwise_cos_hist_bin_08_epoch[0m  |           [0;32;40m0.0[0m           |
|     [0;34;40mvalidate/pairwise_cos_hist_bin_09[0m     |           [0;32;40m0.0[0m           |
|  [0;34;40mvalidate/pairwise_cos_hist_bin_09_epoch[0m  |           [0;32;40m0.0[0m           |
|     [0;34;40mvalidate/pairwise_cos_hist_bin_10[0m     |           [0;32;40m0.0[0m           |
|  [0;34;40mvalidate/pairwise_cos_hist_bin_10_epoch[0m  |           [0;32;40m0.0[0m           |
|     [0;34;40mvalidate/pairwise_cos_hist_bin_11[0m     |           [0;32;40m0.0[0m           |
|  [0;34;40mvalidate/pairwise_cos_hist_bin_11_epoch[0m  |           [0;32;40m0.0[0m           |
|     [0;34;40mvalidate/pairwise_cos_hist_bin_12[0m     |           [0;32;40m0.0[0m           |
|  [0;34;40mvalidate/pairwise_cos_hist_bin_12_epoch[0m  |           [0;32;40m0.0[0m           |
|     [0;34;40mvalidate/pairwise_cos_hist_bin_13[0m     |           [0;32;40m0.0[0m           |
|  [0;34;40mvalidate/pairwise_cos_hist_bin_13_epoch[0m  |           [0;32;40m0.0[0m           |
|     [0;34;40mvalidate/pairwise_cos_hist_bin_14[0m     |           [0;32;40m0.0[0m           |
|  [0;34;40mvalidate/pairwise_cos_hist_bin_14_epoch[0m  |           [0;32;40m0.0[0m           |
|     [0;34;40mvalidate/pairwise_cos_hist_bin_15[0m     |           [0;32;40m0.0[0m           |
|  [0;34;40mvalidate/pairwise_cos_hist_bin_15_epoch[0m  |           [0;32;40m0.0[0m           |
|     [0;34;40mvalidate/pairwise_cos_hist_bin_16[0m     |           [0;32;40m0.0[0m           |
|  [0;34;40mvalidate/pairwise_cos_hist_bin_16_epoch[0m  |           [0;32;40m0.0[0m           |
|     [0;34;40mvalidate/pairwise_cos_hist_bin_17[0m     |           [0;32;40m0.0[0m           |
|  [0;34;40mvalidate/pairwise_cos_hist_bin_17_epoch[0m  |           [0;32;40m0.0[0m           |
|     [0;34;40mvalidate/pairwise_cos_hist_bin_18[0m     |           [0;32;40m0.0[0m           |
|  [0;34;40mvalidate/pairwise_cos_hist_bin_18_epoch[0m  |           [0;32;40m0.0[0m           |
|     [0;34;40mvalidate/pairwise_cos_hist_bin_19[0m     |           [0;32;40m1.0[0m           |
|  [0;34;40mvalidate/pairwise_cos_hist_bin_19_epoch[0m  |           [0;32;40m1.0[0m           |
|         [0;34;40mvalidate/pairwise_cos_max[0m         |           [0;32;40m1.0[0m           |
|      [0;34;40mvalidate/pairwise_cos_max_epoch[0m      |           [0;32;40m1.0[0m           |
|         [0;34;40mvalidate/pairwise_cos_mean[0m        |           [0;32;40m1.0[0m           |
|      [0;34;40mvalidate/pairwise_cos_mean_epoch[0m     |           [0;32;40m1.0[0m           |
|         [0;34;40mvalidate/pairwise_cos_min[0m         |      [0;32;40m0.99658203125[0m      |
|      [0;34;40mvalidate/pairwise_cos_min_epoch[0m      |      [0;32;40m0.99658203125[0m      |
|         [0;34;40mvalidate/pairwise_cos_std[0m         |  [0;32;40m3.016740083694458e-05[0m  |
|      [0;34;40mvalidate/pairwise_cos_std_epoch[0m      |  [0;32;40m3.016740083694458e-05[0m  |
|          [0;34;40mvalidate/pred_latent_mse[0m         |   [0;32;40m0.04070223495364189[0m   |
|       [0;34;40mvalidate/pred_latent_mse_epoch[0m      |   [0;32;40m0.04070223495364189[0m   |
|             [0;34;40mvalidate/pred_loss[0m            |   [0;32;40m0.04070223495364189[0m   |
|          [0;34;40mvalidate/pred_loss_epoch[0m         |   [0;32;40m0.04070223495364189[0m   |
|    [0;34;40mvalidate/predictor_mode_is_residual[0m    |           [0;32;40m1.0[0m           |
| [0;34;40mvalidate/predictor_mode_is_residual_epoch[0m |           [0;32;40m1.0[0m           |
|            [0;34;40mvalidate/sigreg_loss[0m           |           [0;32;40m55.5[0m          |
|         [0;34;40mvalidate/sigreg_loss_epoch[0m        |           [0;32;40m55.5[0m          |
|         [0;34;40mvalidate/target_delta_norm[0m        |   [0;32;40m0.04393460974097252[0m   |
|      [0;34;40mvalidate/target_delta_norm_epoch[0m     |   [0;32;40m0.04393460974097252[0m   |
+-------------------------------------------+-------------------------+
14:59:54 | WARN  | hf_models.py| ! No Hugging Face (PreTrainedModel) submodules found in LightningModule.
14:59:54 | INFO  | utils.py    | ── Optimizers ────────────────────────────────────
14:59:54 | INFO  | module.py   |   self.optimizers() gave us 1 optimizers
14:59:54 | WARN  | module.py   | ! No clip val found for optimizer default_0
14:59:54 | WARN  | module.py   | ! Will use the Trainer's value of 1.0
14:59:54 | WARN  | module.py   | ! No clip algorithm found for optimizer default_0
14:59:54 | WARN  | module.py   | ! Will use the Trainer's value of None
14:59:54 | OK    | module.py   | ✓ Optimizer check complete:
+------------+-----------+----------------+-----------+-----------+
| Opt. Index | Opt. name |      opt       | clip val. | clip alg. |
+------------+-----------+----------------+-----------+-----------+
|     0      | default_0 | LightningAdamW |    1.0    |    None   |
+------------+-----------+----------------+-----------+-----------+
14:59:54 | INFO  | utils.py    | ── LogUnusedParametersOnce ───────────────────────
14:59:54 | INFO  | unused_para~|   registered hooks on 297 leaf parameters
14:59:55 | OK    | unused_para~| ✓ all tracked parameters received gradients on the first backward pass
14:59:55 | INFO  | unused_para~|   hooks removed, callback disabled
[Epoch 0/15] step 50/1599 (1.5 it/s)
[Epoch 0/15] step 50/1599 (1.5 it/s)
[Epoch 0/15] step 50/1599 (1.5 it/s)
[Epoch 0/15] step 50/1599 (1.5 it/s)
[Epoch 0/15] step 50/1599 (1.5 it/s)
[Epoch 0/15] step 50/1599 (1.5 it/s)
[Epoch 0/15] step 50/1599 (1.5 it/s)
[Epoch 0/15] step 50/1599 (1.5 it/s)
[Epoch 0/15] step 100/1599 (1.7 it/s)
[Epoch 0/15] step 100/1599 (1.7 it/s)
[Epoch 0/15] step 100/1599 (1.7 it/s)
[Epoch 0/15] step 100/1599 (1.7 it/s)
[Epoch 0/15] step 100/1599 (1.7 it/s)
[Epoch 0/15] step 100/1599 (1.7 it/s)
[Epoch 0/15] step 100/1599 (1.7 it/s)
[Epoch 0/15] step 100/1599 (1.7 it/s)
[Epoch 0/15] step 150/1599 (1.8 it/s)
[Epoch 0/15] step 150/1599 (1.8 it/s)
[Epoch 0/15] step 150/1599 (1.8 it/s)
[Epoch 0/15] step 150/1599 (1.8 it/s)
[Epoch 0/15] step 150/1599 (1.8 it/s)
[Epoch 0/15] step 150/1599 (1.8 it/s)
[Epoch 0/15] step 150/1599 (1.8 it/s)
[Epoch 0/15] step 150/1599 (1.8 it/s)
[Epoch 0/15] step 200/1599 (1.8 it/s)
[Epoch 0/15] step 200/1599 (1.8 it/s)
[Epoch 0/15] step 200/1599 (1.8 it/s)
[Epoch 0/15] step 200/1599 (1.8 it/s)
[Epoch 0/15] step 200/1599 (1.8 it/s)
[Epoch 0/15] step 200/1599 (1.8 it/s)
[Epoch 0/15] step 200/1599 (1.8 it/s)
[Epoch 0/15] step 200/1599 (1.8 it/s)
[Epoch 0/15] step 250/1599 (1.8 it/s)
[Epoch 0/15] step 250/1599 (1.8 it/s)
[Epoch 0/15] step 250/1599 (1.8 it/s)
[Epoch 0/15] step 250/1599 (1.8 it/s)
[Epoch 0/15] step 250/1599 (1.8 it/s)
[Epoch 0/15] step 250/1599 (1.8 it/s)
[Epoch 0/15] step 250/1599 (1.8 it/s)
[Epoch 0/15] step 250/1599 (1.8 it/s)
[Epoch 0/15] step 300/1599 (1.8 it/s)
[Epoch 0/15] step 300/1599 (1.8 it/s)
[Epoch 0/15] step 300/1599 (1.8 it/s)
[Epoch 0/15] step 300/1599 (1.8 it/s)
[Epoch 0/15] step 300/1599 (1.8 it/s)
[Epoch 0/15] step 300/1599 (1.8 it/s)
[Epoch 0/15] step 300/1599 (1.8 it/s)
[Epoch 0/15] step 300/1599 (1.8 it/s)
[Epoch 0/15] step 350/1599 (1.8 it/s)
[Epoch 0/15] step 350/1599 (1.8 it/s)
[Epoch 0/15] step 350/1599 (1.8 it/s)
[Epoch 0/15] step 350/1599 (1.8 it/s)
[Epoch 0/15] step 350/1599 (1.8 it/s)
[Epoch 0/15] step 350/1599 (1.8 it/s)
[Epoch 0/15] step 350/1599 (1.8 it/s)
[Epoch 0/15] step 350/1599 (1.8 it/s)
[Epoch 0/15] step 400/1599 (1.8 it/s)
[Epoch 0/15] step 400/1599 (1.8 it/s)
[Epoch 0/15] step 400/1599 (1.8 it/s)
[Epoch 0/15] step 400/1599 (1.8 it/s)
[Epoch 0/15] step 400/1599 (1.8 it/s)
[Epoch 0/15] step 400/1599 (1.8 it/s)
[Epoch 0/15] step 400/1599 (1.8 it/s)
[Epoch 0/15] step 400/1599 (1.8 it/s)
[Epoch 0/15] step 450/1599 (1.8 it/s)
[Epoch 0/15] step 450/1599 (1.8 it/s)
[Epoch 0/15] step 450/1599 (1.8 it/s)
[Epoch 0/15] step 450/1599 (1.8 it/s)
[Epoch 0/15] step 450/1599 (1.8 it/s)
[Epoch 0/15] step 450/1599 (1.8 it/s)
[Epoch 0/15] step 450/1599 (1.8 it/s)
[Epoch 0/15] step 450/1599 (1.8 it/s)
[Epoch 0/15] step 500/1599 (1.8 it/s)
[Epoch 0/15] step 500/1599 (1.8 it/s)
[Epoch 0/15] step 500/1599 (1.8 it/s)
[Epoch 0/15] step 500/1599 (1.8 it/s)
[Epoch 0/15] step 500/1599 (1.8 it/s)
[Epoch 0/15] step 500/1599 (1.8 it/s)
[Epoch 0/15] step 500/1599 (1.8 it/s)
[Epoch 0/15] step 500/1599 (1.8 it/s)
[Epoch 0/15] step 550/1599 (1.8 it/s)
[Epoch 0/15] step 550/1599 (1.8 it/s)
[Epoch 0/15] step 550/1599 (1.8 it/s)
[Epoch 0/15] step 550/1599 (1.8 it/s)
[Epoch 0/15] step 550/1599 (1.8 it/s)
[Epoch 0/15] step 550/1599 (1.8 it/s)
[Epoch 0/15] step 550/1599 (1.8 it/s)
[Epoch 0/15] step 550/1599 (1.8 it/s)
[Epoch 0/15] step 600/1599 (1.8 it/s)
[Epoch 0/15] step 600/1599 (1.8 it/s)
[Epoch 0/15] step 600/1599 (1.8 it/s)
[Epoch 0/15] step 600/1599 (1.8 it/s)
[Epoch 0/15] step 600/1599 (1.8 it/s)
[Epoch 0/15] step 600/1599 (1.8 it/s)
[Epoch 0/15] step 600/1599 (1.8 it/s)
[Epoch 0/15] step 600/1599 (1.8 it/s)
[Epoch 0/15] step 650/1599 (1.8 it/s)
[Epoch 0/15] step 650/1599 (1.8 it/s)
[Epoch 0/15] step 650/1599 (1.8 it/s)
[Epoch 0/15] step 650/1599 (1.8 it/s)
[Epoch 0/15] step 650/1599 (1.8 it/s)
[Epoch 0/15] step 650/1599 (1.8 it/s)
[Epoch 0/15] step 650/1599 (1.8 it/s)
[Epoch 0/15] step 650/1599 (1.8 it/s)
[Epoch 0/15] step 700/1599 (1.8 it/s)
[Epoch 0/15] step 700/1599 (1.8 it/s)
[Epoch 0/15] step 700/1599 (1.8 it/s)
[Epoch 0/15] step 700/1599 (1.8 it/s)
[Epoch 0/15] step 700/1599 (1.8 it/s)
[Epoch 0/15] step 700/1599 (1.8 it/s)
[Epoch 0/15] step 700/1599 (1.8 it/s)
[Epoch 0/15] step 700/1599 (1.8 it/s)
[Epoch 0/15] step 750/1599 (1.8 it/s)
[Epoch 0/15] step 750/1599 (1.8 it/s)
[Epoch 0/15] step 750/1599 (1.8 it/s)
[Epoch 0/15] step 750/1599 (1.8 it/s)
[Epoch 0/15] step 750/1599 (1.8 it/s)
[Epoch 0/15] step 750/1599 (1.8 it/s)
[Epoch 0/15] step 750/1599 (1.8 it/s)
[Epoch 0/15] step 750/1599 (1.8 it/s)
[Epoch 0/15] step 800/1599 (1.8 it/s)
[Epoch 0/15] step 800/1599 (1.8 it/s)
[Epoch 0/15] step 800/1599 (1.8 it/s)
[Epoch 0/15] step 800/1599 (1.8 it/s)
[Epoch 0/15] step 800/1599 (1.8 it/s)
[Epoch 0/15] step 800/1599 (1.8 it/s)
[Epoch 0/15] step 800/1599 (1.8 it/s)
[Epoch 0/15] step 800/1599 (1.8 it/s)
[Epoch 0/15] step 850/1599 (1.8 it/s)
[Epoch 0/15] step 850/1599 (1.8 it/s)
[Epoch 0/15] step 850/1599 (1.8 it/s)
[Epoch 0/15] step 850/1599 (1.8 it/s)
[Epoch 0/15] step 850/1599 (1.8 it/s)
[Epoch 0/15] step 850/1599 (1.8 it/s)
[Epoch 0/15] step 850/1599 (1.8 it/s)
[Epoch 0/15] step 850/1599 (1.8 it/s)
[Epoch 0/15] step 900/1599 (1.8 it/s)
[Epoch 0/15] step 900/1599 (1.8 it/s)
[Epoch 0/15] step 900/1599 (1.8 it/s)
[Epoch 0/15] step 900/1599 (1.8 it/s)
[Epoch 0/15] step 900/1599 (1.8 it/s)
[Epoch 0/15] step 900/1599 (1.8 it/s)
[Epoch 0/15] step 900/1599 (1.8 it/s)
[Epoch 0/15] step 900/1599 (1.8 it/s)
[Epoch 0/15] step 950/1599 (1.8 it/s)
[Epoch 0/15] step 950/1599 (1.8 it/s)
[Epoch 0/15] step 950/1599 (1.8 it/s)
[Epoch 0/15] step 950/1599 (1.8 it/s)
[Epoch 0/15] step 950/1599 (1.8 it/s)
[Epoch 0/15] step 950/1599 (1.8 it/s)
[Epoch 0/15] step 950/1599 (1.8 it/s)
[Epoch 0/15] step 950/1599 (1.8 it/s)
[Epoch 0/15] step 1000/1599 (1.8 it/s)
[Epoch 0/15] step 1000/1599 (1.8 it/s)
[Epoch 0/15] step 1000/1599 (1.8 it/s)
[Epoch 0/15] step 1000/1599 (1.8 it/s)
[Epoch 0/15] step 1000/1599 (1.8 it/s)
[Epoch 0/15] step 1000/1599 (1.8 it/s)
[Epoch 0/15] step 1000/1599 (1.8 it/s)
[Epoch 0/15] step 1000/1599 (1.8 it/s)
[Epoch 0/15] step 1050/1599 (1.7 it/s)
[Epoch 0/15] step 1050/1599 (1.7 it/s)
[Epoch 0/15] step 1050/1599 (1.7 it/s)
[Epoch 0/15] step 1050/1599 (1.7 it/s)
[Epoch 0/15] step 1050/1599 (1.7 it/s)
[Epoch 0/15] step 1050/1599 (1.7 it/s)
[Epoch 0/15] step 1050/1599 (1.7 it/s)
[Epoch 0/15] step 1050/1599 (1.7 it/s)
[Epoch 0/15] step 1100/1599 (1.7 it/s)
[Epoch 0/15] step 1100/1599 (1.7 it/s)
[Epoch 0/15] step 1100/1599 (1.7 it/s)
[Epoch 0/15] step 1100/1599 (1.7 it/s)
[Epoch 0/15] step 1100/1599 (1.7 it/s)
[Epoch 0/15] step 1100/1599 (1.7 it/s)
[Epoch 0/15] step 1100/1599 (1.7 it/s)
[Epoch 0/15] step 1100/1599 (1.7 it/s)
[Epoch 0/15] step 1150/1599 (1.6 it/s)
[Epoch 0/15] step 1150/1599 (1.6 it/s)
[Epoch 0/15] step 1150/1599 (1.6 it/s)
[Epoch 0/15] step 1150/1599 (1.6 it/s)
[Epoch 0/15] step 1150/1599 (1.6 it/s)
[Epoch 0/15] step 1150/1599 (1.6 it/s)
[Epoch 0/15] step 1150/1599 (1.6 it/s)
[Epoch 0/15] step 1150/1599 (1.6 it/s)
[Epoch 0/15] step 1200/1599 (1.6 it/s)
[Epoch 0/15] step 1200/1599 (1.6 it/s)
[Epoch 0/15] step 1200/1599 (1.6 it/s)
[Epoch 0/15] step 1200/1599 (1.6 it/s)
[Epoch 0/15] step 1200/1599 (1.6 it/s)
[Epoch 0/15] step 1200/1599 (1.6 it/s)
[Epoch 0/15] step 1200/1599 (1.6 it/s)
[Epoch 0/15] step 1200/1599 (1.6 it/s)
[Epoch 0/15] step 1250/1599 (1.5 it/s)
[Epoch 0/15] step 1250/1599 (1.5 it/s)
[Epoch 0/15] step 1250/1599 (1.5 it/s)
[Epoch 0/15] step 1250/1599 (1.5 it/s)
[Epoch 0/15] step 1250/1599 (1.5 it/s)
[Epoch 0/15] step 1250/1599 (1.5 it/s)
[Epoch 0/15] step 1250/1599 (1.5 it/s)
[Epoch 0/15] step 1250/1599 (1.5 it/s)
[Epoch 0/15] step 1300/1599 (1.5 it/s)
[Epoch 0/15] step 1300/1599 (1.5 it/s)
[Epoch 0/15] step 1300/1599 (1.5 it/s)
[Epoch 0/15] step 1300/1599 (1.5 it/s)
[Epoch 0/15] step 1300/1599 (1.5 it/s)
[Epoch 0/15] step 1300/1599 (1.5 it/s)
[Epoch 0/15] step 1300/1599 (1.5 it/s)
[Epoch 0/15] step 1300/1599 (1.5 it/s)
[Epoch 0/15] step 1350/1599 (1.5 it/s)
[Epoch 0/15] step 1350/1599 (1.5 it/s)
[Epoch 0/15] step 1350/1599 (1.5 it/s)
[Epoch 0/15] step 1350/1599 (1.5 it/s)
[Epoch 0/15] step 1350/1599 (1.5 it/s)
[Epoch 0/15] step 1350/1599 (1.5 it/s)
[Epoch 0/15] step 1350/1599 (1.5 it/s)
[Epoch 0/15] step 1350/1599 (1.5 it/s)
[Epoch 0/15] step 1400/1599 (1.4 it/s)
[Epoch 0/15] step 1400/1599 (1.4 it/s)
[Epoch 0/15] step 1400/1599 (1.4 it/s)
[Epoch 0/15] step 1400/1599 (1.4 it/s)
[Epoch 0/15] step 1400/1599 (1.4 it/s)
[Epoch 0/15] step 1400/1599 (1.4 it/s)
[Epoch 0/15] step 1400/1599 (1.4 it/s)
[Epoch 0/15] step 1400/1599 (1.4 it/s)
[Epoch 0/15] step 1450/1599 (1.4 it/s)
[Epoch 0/15] step 1450/1599 (1.4 it/s)
[Epoch 0/15] step 1450/1599 (1.4 it/s)
[Epoch 0/15] step 1450/1599 (1.4 it/s)
[Epoch 0/15] step 1450/1599 (1.4 it/s)
[Epoch 0/15] step 1450/1599 (1.4 it/s)
[Epoch 0/15] step 1450/1599 (1.4 it/s)
[Epoch 0/15] step 1450/1599 (1.4 it/s)
[Epoch 0/15] step 1500/1599 (1.4 it/s)
[Epoch 0/15] step 1500/1599 (1.4 it/s)
[Epoch 0/15] step 1500/1599 (1.4 it/s)
[Epoch 0/15] step 1500/1599 (1.4 it/s)
[Epoch 0/15] step 1500/1599 (1.4 it/s)
[Epoch 0/15] step 1500/1599 (1.4 it/s)
[Epoch 0/15] step 1500/1599 (1.4 it/s)
[Epoch 0/15] step 1500/1599 (1.4 it/s)
[Epoch 0/15] step 1550/1599 (1.4 it/s)
[Epoch 0/15] step 1550/1599 (1.4 it/s)
[Epoch 0/15] step 1550/1599 (1.4 it/s)
[Epoch 0/15] step 1550/1599 (1.4 it/s)
[Epoch 0/15] step 1550/1599 (1.4 it/s)
[Epoch 0/15] step 1550/1599 (1.4 it/s)
[Epoch 0/15] step 1550/1599 (1.4 it/s)
[Epoch 0/15] step 1550/1599 (1.4 it/s)
[Epoch 0/15] done in 1349.7s
[Epoch 0/15] done in 1349.7s
[Epoch 0/15] done in 1349.7s
[Epoch 0/15] done in 1349.7s
[Epoch 0/15] done in 1349.7s
[Epoch 0/15] done in 1349.7s
[Epoch 0/15] done in 1349.7s
15:22:24 | INFO  | trainer_inf~| \n+-------------------------------------------+------------------------+
|                   Metric                  |         Value          |
+-------------------------------------------+------------------------+
|            [0;34;40mfit/active_dim_count[0m           |         [0;32;40m192.0[0m          |
|               [0;34;40mfit/delta_cos[0m               |   [0;32;40m0.8437066674232483[0m   |
|               [0;34;40mfit/delta_norm[0m              |   [0;32;40m5.988176345825195[0m    |
|              [0;34;40mfit/latent_mean[0m              | [0;32;40m-0.0004492404405027628[0m |
|              [0;34;40mfit/latent_norm[0m              |   [0;32;40m13.321677207946777[0m   |
|               [0;34;40mfit/latent_std[0m              |   [0;32;40m0.9685765504837036[0m   |
|            [0;34;40mfit/learning_rate_0[0m            | [0;32;40m4.959641591995023e-05[0m  |
|                  [0;34;40mfit/loss[0m                 |   [0;32;40m0.2656475901603699[0m   |
|            [0;34;40mfit/loss_future_cos[0m            |  [0;32;40m0.026108205318450928[0m  |
|             [0;34;40mfit/loss_future_l1[0m            |    [0;32;40m0.1575927734375[0m     |
|                [0;34;40mfit/loss_mse[0m               |  [0;32;40m0.04860655963420868[0m   |
|          [0;34;40mfit/loss_mse_horizon_01[0m          |  [0;32;40m0.08946982026100159[0m   |
|          [0;34;40mfit/loss_mse_horizon_02[0m          |  [0;32;40m0.02847103215754032[0m   |
|          [0;34;40mfit/loss_mse_horizon_03[0m          |  [0;32;40m0.02787884697318077[0m   |
|               [0;34;40mfit/loss_total[0m              |   [0;32;40m0.2656475901603699[0m   |
|        [0;34;40mfit/pairwise_cos_hist_bin_00[0m       |          [0;32;40m0.0[0m           |
|        [0;34;40mfit/pairwise_cos_hist_bin_01[0m       |          [0;32;40m0.0[0m           |
|        [0;34;40mfit/pairwise_cos_hist_bin_02[0m       |          [0;32;40m0.0[0m           |
|        [0;34;40mfit/pairwise_cos_hist_bin_03[0m       |          [0;32;40m0.0[0m           |
|        [0;34;40mfit/pairwise_cos_hist_bin_04[0m       | [0;32;40m0.00023601853172294796[0m |
|        [0;34;40mfit/pairwise_cos_hist_bin_05[0m       | [0;32;40m0.0038613397628068924[0m  |
|        [0;34;40mfit/pairwise_cos_hist_bin_06[0m       |  [0;32;40m0.02204432338476181[0m   |
|        [0;34;40mfit/pairwise_cos_hist_bin_07[0m       |  [0;32;40m0.07904327660799026[0m   |
|        [0;34;40mfit/pairwise_cos_hist_bin_08[0m       |  [0;32;40m0.22782954573631287[0m   |
|        [0;34;40mfit/pairwise_cos_hist_bin_09[0m       |  [0;32;40m0.29128506779670715[0m   |
|        [0;34;40mfit/pairwise_cos_hist_bin_10[0m       |  [0;32;40m0.17730151116847992[0m   |
|        [0;34;40mfit/pairwise_cos_hist_bin_11[0m       |  [0;32;40m0.08115693181753159[0m   |
|        [0;34;40mfit/pairwise_cos_hist_bin_12[0m       |  [0;32;40m0.03734348341822624[0m   |
|        [0;34;40mfit/pairwise_cos_hist_bin_13[0m       |  [0;32;40m0.020876649767160416[0m  |
|        [0;34;40mfit/pairwise_cos_hist_bin_14[0m       |  [0;32;40m0.014869166538119316[0m  |
|        [0;34;40mfit/pairwise_cos_hist_bin_15[0m       |  [0;32;40m0.011633707210421562[0m  |
|        [0;34;40mfit/pairwise_cos_hist_bin_16[0m       |  [0;32;40m0.009537250734865665[0m  |
|        [0;34;40mfit/pairwise_cos_hist_bin_17[0m       |  [0;32;40m0.007768545299768448[0m  |
|        [0;34;40mfit/pairwise_cos_hist_bin_18[0m       |  [0;32;40m0.007680635899305344[0m  |
|        [0;34;40mfit/pairwise_cos_hist_bin_19[0m       | [0;32;40m0.0075325267389416695[0m  |
|            [0;34;40mfit/pairwise_cos_max[0m           |          [0;32;40m1.0[0m           |
|           [0;34;40mfit/pairwise_cos_mean[0m           | [0;32;40m-0.001483917236328125[0m  |
|            [0;34;40mfit/pairwise_cos_min[0m           |      [0;32;40m-0.568359375[0m      |
|            [0;34;40mfit/pairwise_cos_std[0m           |     [0;32;40m0.21923828125[0m      |
|            [0;34;40mfit/pred_latent_mse[0m            |  [0;32;40m0.04860655963420868[0m   |
|               [0;34;40mfit/pred_loss[0m               |  [0;32;40m0.04860655963420868[0m   |
|       [0;34;40mfit/predictor_mode_is_residual[0m      |          [0;32;40m1.0[0m           |
|            [0;34;40mfit/samples_per_sec[0m            |   [0;32;40m1351.2078857421875[0m   |
|              [0;34;40mfit/sigreg_loss[0m              |      [0;32;40m2.412109375[0m       |
|           [0;34;40mfit/target_delta_norm[0m           |   [0;32;40m6.563353538513184[0m    |
|            [0;34;40mhardware/cpu_percent[0m           |   [0;32;40m41.599998474121094[0m   |
|          [0;34;40mhardware/disk_read_mb_s[0m          |  [0;32;40m0.000780704605858773[0m  |
|          [0;34;40mhardware/disk_write_mb_s[0m         |  [0;32;40m0.36458903551101685[0m   |
|           [0;34;40mhardware/net_recv_mb_s[0m          |  [0;32;40m0.09483740478754044[0m   |
|           [0;34;40mhardware/net_sent_mb_s[0m          |   [0;32;40m4.066899299621582[0m    |
|            [0;34;40mhardware/ram_used_gb[0m           |   [0;32;40m503.29754638671875[0m   |
|           [0;34;40mhardware/ram_used_pct[0m           |   [0;32;40m26.899999618530273[0m   |
|            [0;34;40mhparams/lr_default_0[0m           | [0;32;40m4.959641591995023e-05[0m  |
|         [0;34;40mvalidate/active_dim_count[0m         |         [0;32;40m192.0[0m          |
|      [0;34;40mvalidate/active_dim_count_epoch[0m      |         [0;32;40m192.0[0m          |
|             [0;34;40mvalidate/delta_cos[0m            |   [0;32;40m0.3267781138420105[0m   |
|          [0;34;40mvalidate/delta_cos_epoch[0m         |   [0;32;40m0.3267781138420105[0m   |
|            [0;34;40mvalidate/delta_norm[0m            |   [0;32;40m6.7854814529418945[0m   |
|         [0;34;40mvalidate/delta_norm_epoch[0m         |   [0;32;40m6.7854814529418945[0m   |
|            [0;34;40mvalidate/latent_mean[0m           | [0;32;40m-0.030885152518749237[0m  |
|         [0;34;40mvalidate/latent_mean_epoch[0m        | [0;32;40m-0.030885152518749237[0m  |
|            [0;34;40mvalidate/latent_norm[0m           |   [0;32;40m21.595857620239258[0m   |
|         [0;34;40mvalidate/latent_norm_epoch[0m        |   [0;32;40m21.595857620239258[0m   |
|            [0;34;40mvalidate/latent_std[0m            |   [0;32;40m1.5758432149887085[0m   |
|         [0;34;40mvalidate/latent_std_epoch[0m         |   [0;32;40m1.5758432149887085[0m   |
|               [0;34;40mvalidate/loss[0m               |   [0;32;40m6.766915321350098[0m    |
|            [0;34;40mvalidate/loss_epoch[0m            |   [0;32;40m6.766915321350098[0m    |
|          [0;34;40mvalidate/loss_future_cos[0m         |  [0;32;40m0.05064662545919418[0m   |
|       [0;34;40mvalidate/loss_future_cos_epoch[0m      |  [0;32;40m0.05064662545919418[0m   |
|          [0;34;40mvalidate/loss_future_l1[0m          |  [0;32;40m0.40492916107177734[0m   |
|       [0;34;40mvalidate/loss_future_l1_epoch[0m       |  [0;32;40m0.40492916107177734[0m   |
|             [0;34;40mvalidate/loss_mse[0m             |   [0;32;40m0.281412273645401[0m    |
|          [0;34;40mvalidate/loss_mse_epoch[0m          |   [0;32;40m0.281412273645401[0m    |
|        [0;34;40mvalidate/loss_mse_horizon_01[0m       |   [0;32;40m0.2861079275608063[0m   |
|     [0;34;40mvalidate/loss_mse_horizon_01_epoch[0m    |   [0;32;40m0.2861079275608063[0m   |
|        [0;34;40mvalidate/loss_mse_horizon_02[0m       |  [0;32;40m0.27278193831443787[0m   |
|     [0;34;40mvalidate/loss_mse_horizon_02_epoch[0m    |  [0;32;40m0.27278193831443787[0m   |
|        [0;34;40mvalidate/loss_mse_horizon_03[0m       |   [0;32;40m0.2853469252586365[0m   |
|     [0;34;40mvalidate/loss_mse_horizon_03_epoch[0m    |   [0;32;40m0.2853469252586365[0m   |
|            [0;34;40mvalidate/loss_total[0m            |   [0;32;40m6.766915321350098[0m    |
|         [0;34;40mvalidate/loss_total_epoch[0m         |   [0;32;40m6.766915321350098[0m    |
|     [0;34;40mvalidate/pairwise_cos_hist_bin_00[0m     |          [0;32;40m0.0[0m           |
|  [0;34;40mvalidate/pairwise_cos_hist_bin_00_epoch[0m  |          [0;32;40m0.0[0m           |
|     [0;34;40mvalidate/pairwise_cos_hist_bin_01[0m     |          [0;32;40m0.0[0m           |
|  [0;34;40mvalidate/pairwise_cos_hist_bin_01_epoch[0m  |          [0;32;40m0.0[0m           |
|     [0;34;40mvalidate/pairwise_cos_hist_bin_02[0m     |          [0;32;40m0.0[0m           |
|  [0;34;40mvalidate/pairwise_cos_hist_bin_02_epoch[0m  |          [0;32;40m0.0[0m           |
|     [0;34;40mvalidate/pairwise_cos_hist_bin_03[0m     |          [0;32;40m0.0[0m           |
|  [0;34;40mvalidate/pairwise_cos_hist_bin_03_epoch[0m  |          [0;32;40m0.0[0m           |
|     [0;34;40mvalidate/pairwise_cos_hist_bin_04[0m     |          [0;32;40m0.0[0m           |
|  [0;34;40mvalidate/pairwise_cos_hist_bin_04_epoch[0m  |          [0;32;40m0.0[0m           |
|     [0;34;40mvalidate/pairwise_cos_hist_bin_05[0m     |          [0;32;40m0.0[0m           |
|  [0;34;40mvalidate/pairwise_cos_hist_bin_05_epoch[0m  |          [0;32;40m0.0[0m           |
|     [0;34;40mvalidate/pairwise_cos_hist_bin_06[0m     |          [0;32;40m0.0[0m           |
|  [0;34;40mvalidate/pairwise_cos_hist_bin_06_epoch[0m  |          [0;32;40m0.0[0m           |
|     [0;34;40mvalidate/pairwise_cos_hist_bin_07[0m     |          [0;32;40m0.0[0m           |
|  [0;34;40mvalidate/pairwise_cos_hist_bin_07_epoch[0m  |          [0;32;40m0.0[0m           |
|     [0;34;40mvalidate/pairwise_cos_hist_bin_08[0m     |          [0;32;40m0.0[0m           |
|  [0;34;40mvalidate/pairwise_cos_hist_bin_08_epoch[0m  |          [0;32;40m0.0[0m           |
|     [0;34;40mvalidate/pairwise_cos_hist_bin_09[0m     |          [0;32;40m0.0[0m           |
|  [0;34;40mvalidate/pairwise_cos_hist_bin_09_epoch[0m  |          [0;32;40m0.0[0m           |
|     [0;34;40mvalidate/pairwise_cos_hist_bin_10[0m     |          [0;32;40m0.0[0m           |
|  [0;34;40mvalidate/pairwise_cos_hist_bin_10_epoch[0m  |          [0;32;40m0.0[0m           |
|     [0;34;40mvalidate/pairwise_cos_hist_bin_11[0m     | [0;32;40m1.625570803298615e-06[0m  |
|  [0;34;40mvalidate/pairwise_cos_hist_bin_11_epoch[0m  | [0;32;40m1.625570803298615e-06[0m  |
|     [0;34;40mvalidate/pairwise_cos_hist_bin_12[0m     |  [0;32;40m0.003337985835969448[0m  |
|  [0;34;40mvalidate/pairwise_cos_hist_bin_12_epoch[0m  |  [0;32;40m0.003337985835969448[0m  |
|     [0;34;40mvalidate/pairwise_cos_hist_bin_13[0m     |  [0;32;40m0.04523022845387459[0m   |
|  [0;34;40mvalidate/pairwise_cos_hist_bin_13_epoch[0m  |  [0;32;40m0.04523022845387459[0m   |
|     [0;34;40mvalidate/pairwise_cos_hist_bin_14[0m     |   [0;32;40m0.1569996476173401[0m   |
|  [0;34;40mvalidate/pairwise_cos_hist_bin_14_epoch[0m  |   [0;32;40m0.1569996476173401[0m   |
|     [0;34;40mvalidate/pairwise_cos_hist_bin_15[0m     |   [0;32;40m0.2667691111564636[0m   |
|  [0;34;40mvalidate/pairwise_cos_hist_bin_15_epoch[0m  |   [0;32;40m0.2667691111564636[0m   |
|     [0;34;40mvalidate/pairwise_cos_hist_bin_16[0m     |  [0;32;40m0.26020991802215576[0m   |
|  [0;34;40mvalidate/pairwise_cos_hist_bin_16_epoch[0m  |  [0;32;40m0.26020991802215576[0m   |
|     [0;34;40mvalidate/pairwise_cos_hist_bin_17[0m     |   [0;32;40m0.1542210876941681[0m   |
|  [0;34;40mvalidate/pairwise_cos_hist_bin_17_epoch[0m  |   [0;32;40m0.1542210876941681[0m   |
|     [0;34;40mvalidate/pairwise_cos_hist_bin_18[0m     |   [0;32;40m0.0766090676188469[0m   |
|  [0;34;40mvalidate/pairwise_cos_hist_bin_18_epoch[0m  |   [0;32;40m0.0766090676188469[0m   |
|     [0;34;40mvalidate/pairwise_cos_hist_bin_19[0m     |  [0;32;40m0.03662135824561119[0m   |
|  [0;34;40mvalidate/pairwise_cos_hist_bin_19_epoch[0m  |  [0;32;40m0.03662135824561119[0m   |
|         [0;34;40mvalidate/pairwise_cos_max[0m         |          [0;32;40m1.0[0m           |
|      [0;34;40mvalidate/pairwise_cos_max_epoch[0m      |          [0;32;40m1.0[0m           |
|         [0;34;40mvalidate/pairwise_cos_mean[0m        |   [0;32;40m0.6186863780021667[0m   |
|      [0;34;40mvalidate/pairwise_cos_mean_epoch[0m     |   [0;32;40m0.6186863780021667[0m   |
|         [0;34;40mvalidate/pairwise_cos_min[0m         |  [0;32;40m0.21328751742839813[0m   |
|      [0;34;40mvalidate/pairwise_cos_min_epoch[0m      |  [0;32;40m0.21328751742839813[0m   |
|         [0;34;40mvalidate/pairwise_cos_std[0m         |  [0;32;40m0.14078287780284882[0m   |
|      [0;34;40mvalidate/pairwise_cos_std_epoch[0m      |  [0;32;40m0.14078287780284882[0m   |
|          [0;34;40mvalidate/pred_latent_mse[0m         |   [0;32;40m0.281412273645401[0m    |
|       [0;34;40mvalidate/pred_latent_mse_epoch[0m      |   [0;32;40m0.281412273645401[0m    |
|             [0;34;40mvalidate/pred_loss[0m            |   [0;32;40m0.281412273645401[0m    |
|          [0;34;40mvalidate/pred_loss_epoch[0m         |   [0;32;40m0.281412273645401[0m    |
|    [0;34;40mvalidate/predictor_mode_is_residual[0m    |          [0;32;40m1.0[0m           |
| [0;34;40mvalidate/predictor_mode_is_residual_epoch[0m |          [0;32;40m1.0[0m           |
|            [0;34;40mvalidate/sigreg_loss[0m           |    [0;32;40m72.0661849975586[0m    |
|         [0;34;40mvalidate/sigreg_loss_epoch[0m        |    [0;32;40m72.0661849975586[0m    |
|         [0;34;40mvalidate/target_delta_norm[0m        |   [0;32;40m5.643126964569092[0m    |
|      [0;34;40mvalidate/target_delta_norm_epoch[0m     |   [0;32;40m5.643126964569092[0m    |
+-------------------------------------------+------------------------+
15:22:24 | INFO  | utils.py    | 📦📦📦 Model saved to /data1/Johnny/challenge/wrf/homework/outputs/stable-wm/checkpoints/lewm_residual_reacher_15/weights_epoch_1.pt 📦📦📦
[Epoch 0/15] done in 1349.9s
15:22:24 | INFO  | checkpoint_~|   Checking for non PyTorch modules to save
15:22:24 | INFO  | atomic_chec~| [atomic_save] → /data1/Johnny/challenge/wrf/homework/outputs/home/.cache/stable-pretraining/runs/20260715/145800/ee58f199d257/checkpoints/epoch=0-step=1599.ckpt
15:22:25 | INFO  | atomic_chec~| [atomic_save] ✓ epoch=0-step=1599.ckpt saved (206.8 MiB, serialise=0.34s write=0.19s rename=0.1ms)
15:22:25 | INFO  | checkpoint_~|   Checking for non PyTorch modules to save
15:22:25 | INFO  | atomic_chec~| [atomic_save] → /data1/Johnny/challenge/wrf/homework/outputs/home/.cache/stable-pretraining/runs/20260715/145800/ee58f199d257/checkpoints/last.ckpt
15:22:25 | INFO  | atomic_chec~| [atomic_save] ✓ last.ckpt saved (206.8 MiB, serialise=0.32s write=0.24s rename=0.1ms)
[Epoch 1/15] step 50/1599 (0.8 it/s)
[Epoch 1/15] step 50/1599 (0.8 it/s)
[Epoch 1/15] step 50/1599 (0.8 it/s)
[Epoch 1/15] step 50/1599 (0.8 it/s)
[Epoch 1/15] step 50/1599 (0.8 it/s)
[Epoch 1/15] step 50/1599 (0.8 it/s)
[Epoch 1/15] step 50/1599 (0.8 it/s)
[Epoch 1/15] step 50/1599 (0.8 it/s)
[Epoch 1/15] step 100/1599 (0.9 it/s)
[Epoch 1/15] step 100/1599 (0.9 it/s)
[Epoch 1/15] step 100/1599 (0.9 it/s)
[Epoch 1/15] step 100/1599 (0.9 it/s)
[Epoch 1/15] step 100/1599 (0.9 it/s)
[Epoch 1/15] step 100/1599 (0.9 it/s)
[Epoch 1/15] step 100/1599 (0.9 it/s)
[Epoch 1/15] step 100/1599 (0.9 it/s)
[Epoch 1/15] step 150/1599 (0.9 it/s)
[Epoch 1/15] step 150/1599 (0.9 it/s)
[Epoch 1/15] step 150/1599 (0.9 it/s)
[Epoch 1/15] step 150/1599 (0.9 it/s)
[Epoch 1/15] step 150/1599 (0.9 it/s)
[Epoch 1/15] step 150/1599 (0.9 it/s)
[Epoch 1/15] step 150/1599 (0.9 it/s)
[Epoch 1/15] step 150/1599 (0.9 it/s)
[Epoch 1/15] step 200/1599 (0.9 it/s)
[Epoch 1/15] step 200/1599 (0.9 it/s)
[Epoch 1/15] step 200/1599 (0.9 it/s)
[Epoch 1/15] step 200/1599 (0.9 it/s)
[Epoch 1/15] step 200/1599 (0.9 it/s)
[Epoch 1/15] step 200/1599 (0.9 it/s)
[Epoch 1/15] step 200/1599 (0.9 it/s)
[Epoch 1/15] step 200/1599 (0.9 it/s)
[Epoch 1/15] step 250/1599 (0.9 it/s)
[Epoch 1/15] step 250/1599 (0.9 it/s)
[Epoch 1/15] step 250/1599 (0.9 it/s)
[Epoch 1/15] step 250/1599 (0.9 it/s)
[Epoch 1/15] step 250/1599 (0.9 it/s)
[Epoch 1/15] step 250/1599 (0.9 it/s)
[Epoch 1/15] step 250/1599 (0.9 it/s)
[Epoch 1/15] step 250/1599 (0.9 it/s)
[Epoch 1/15] step 300/1599 (0.9 it/s)
[Epoch 1/15] step 300/1599 (0.9 it/s)
[Epoch 1/15] step 300/1599 (0.9 it/s)
[Epoch 1/15] step 300/1599 (0.9 it/s)
[Epoch 1/15] step 300/1599 (0.9 it/s)
[Epoch 1/15] step 300/1599 (0.9 it/s)
[Epoch 1/15] step 300/1599 (0.9 it/s)
[Epoch 1/15] step 300/1599 (0.9 it/s)
[Epoch 1/15] step 350/1599 (0.9 it/s)
[Epoch 1/15] step 350/1599 (0.9 it/s)
[Epoch 1/15] step 350/1599 (0.9 it/s)
[Epoch 1/15] step 350/1599 (0.9 it/s)
[Epoch 1/15] step 350/1599 (0.9 it/s)
[Epoch 1/15] step 350/1599 (0.9 it/s)
[Epoch 1/15] step 350/1599 (0.9 it/s)
[Epoch 1/15] step 350/1599 (0.9 it/s)
[Epoch 1/15] step 400/1599 (0.9 it/s)
[Epoch 1/15] step 400/1599 (0.9 it/s)
[Epoch 1/15] step 400/1599 (0.9 it/s)
[Epoch 1/15] step 400/1599 (0.9 it/s)
[Epoch 1/15] step 400/1599 (0.9 it/s)
[Epoch 1/15] step 400/1599 (0.9 it/s)
[Epoch 1/15] step 400/1599 (0.9 it/s)
[Epoch 1/15] step 400/1599 (0.9 it/s)
[Epoch 1/15] step 450/1599 (0.9 it/s)
[Epoch 1/15] step 450/1599 (0.9 it/s)
[Epoch 1/15] step 450/1599 (0.9 it/s)
[Epoch 1/15] step 450/1599 (0.9 it/s)
[Epoch 1/15] step 450/1599 (0.9 it/s)
[Epoch 1/15] step 450/1599 (0.9 it/s)
[Epoch 1/15] step 450/1599 (0.9 it/s)
[Epoch 1/15] step 450/1599 (0.9 it/s)
[Epoch 1/15] step 500/1599 (0.9 it/s)
[Epoch 1/15] step 500/1599 (0.9 it/s)
[Epoch 1/15] step 500/1599 (0.9 it/s)
[Epoch 1/15] step 500/1599 (0.9 it/s)
[Epoch 1/15] step 500/1599 (0.9 it/s)
[Epoch 1/15] step 500/1599 (0.9 it/s)
[Epoch 1/15] step 500/1599 (0.9 it/s)
[Epoch 1/15] step 500/1599 (0.9 it/s)
[Epoch 1/15] step 550/1599 (0.9 it/s)
[Epoch 1/15] step 550/1599 (0.9 it/s)
[Epoch 1/15] step 550/1599 (0.9 it/s)
[Epoch 1/15] step 550/1599 (0.9 it/s)
[Epoch 1/15] step 550/1599 (0.9 it/s)
[Epoch 1/15] step 550/1599 (0.9 it/s)
[Epoch 1/15] step 550/1599 (0.9 it/s)
[Epoch 1/15] step 550/1599 (0.9 it/s)
[Epoch 1/15] step 600/1599 (0.9 it/s)
[Epoch 1/15] step 600/1599 (0.9 it/s)
[Epoch 1/15] step 600/1599 (0.9 it/s)
[Epoch 1/15] step 600/1599 (0.9 it/s)
[Epoch 1/15] step 600/1599 (0.9 it/s)
[Epoch 1/15] step 600/1599 (0.9 it/s)
[Epoch 1/15] step 600/1599 (0.9 it/s)
[Epoch 1/15] step 600/1599 (0.9 it/s)
[Epoch 1/15] step 650/1599 (0.9 it/s)
[Epoch 1/15] step 650/1599 (0.9 it/s)
[Epoch 1/15] step 650/1599 (0.9 it/s)
[Epoch 1/15] step 650/1599 (0.9 it/s)
[Epoch 1/15] step 650/1599 (0.9 it/s)
[Epoch 1/15] step 650/1599 (0.9 it/s)
[Epoch 1/15] step 650/1599 (0.9 it/s)
[Epoch 1/15] step 650/1599 (0.9 it/s)
[Epoch 1/15] step 700/1599 (0.9 it/s)
[Epoch 1/15] step 700/1599 (0.9 it/s)
[Epoch 1/15] step 700/1599 (0.9 it/s)
[Epoch 1/15] step 700/1599 (0.9 it/s)
[Epoch 1/15] step 700/1599 (0.9 it/s)
[Epoch 1/15] step 700/1599 (0.9 it/s)
[Epoch 1/15] step 700/1599 (0.9 it/s)
[Epoch 1/15] step 700/1599 (0.9 it/s)
[Epoch 1/15] step 750/1599 (0.9 it/s)
[Epoch 1/15] step 750/1599 (0.9 it/s)
[Epoch 1/15] step 750/1599 (0.9 it/s)
[Epoch 1/15] step 750/1599 (0.9 it/s)
[Epoch 1/15] step 750/1599 (0.9 it/s)
[Epoch 1/15] step 750/1599 (0.9 it/s)
[Epoch 1/15] step 750/1599 (0.9 it/s)
[Epoch 1/15] step 750/1599 (0.9 it/s)
[Epoch 1/15] step 800/1599 (0.9 it/s)
[Epoch 1/15] step 800/1599 (0.9 it/s)
[Epoch 1/15] step 800/1599 (0.9 it/s)
[Epoch 1/15] step 800/1599 (0.9 it/s)
[Epoch 1/15] step 800/1599 (0.9 it/s)
[Epoch 1/15] step 800/1599 (0.9 it/s)
[Epoch 1/15] step 800/1599 (0.9 it/s)
[Epoch 1/15] step 800/1599 (0.9 it/s)
[Epoch 1/15] step 850/1599 (0.9 it/s)
[Epoch 1/15] step 850/1599 (0.9 it/s)
[Epoch 1/15] step 850/1599 (0.9 it/s)
[Epoch 1/15] step 850/1599 (0.9 it/s)
[Epoch 1/15] step 850/1599 (0.9 it/s)
[Epoch 1/15] step 850/1599 (0.9 it/s)
[Epoch 1/15] step 850/1599 (0.9 it/s)
[Epoch 1/15] step 850/1599 (0.9 it/s)
[Epoch 1/15] step 900/1599 (0.9 it/s)
[Epoch 1/15] step 900/1599 (0.9 it/s)
[Epoch 1/15] step 900/1599 (0.9 it/s)
[Epoch 1/15] step 900/1599 (0.9 it/s)
[Epoch 1/15] step 900/1599 (0.9 it/s)
[Epoch 1/15] step 900/1599 (0.9 it/s)
[Epoch 1/15] step 900/1599 (0.9 it/s)
[Epoch 1/15] step 900/1599 (0.9 it/s)
[Epoch 1/15] step 950/1599 (0.9 it/s)
[Epoch 1/15] step 950/1599 (0.9 it/s)
[Epoch 1/15] step 950/1599 (0.9 it/s)
[Epoch 1/15] step 950/1599 (0.9 it/s)
[Epoch 1/15] step 950/1599 (0.9 it/s)
[Epoch 1/15] step 950/1599 (0.9 it/s)
[Epoch 1/15] step 950/1599 (0.9 it/s)
[Epoch 1/15] step 950/1599 (0.9 it/s)
[Epoch 1/15] step 1000/1599 (0.9 it/s)
[Epoch 1/15] step 1000/1599 (0.9 it/s)
[Epoch 1/15] step 1000/1599 (0.9 it/s)
[Epoch 1/15] step 1000/1599 (0.9 it/s)
[Epoch 1/15] step 1000/1599 (0.9 it/s)
[Epoch 1/15] step 1000/1599 (0.9 it/s)
[Epoch 1/15] step 1000/1599 (0.9 it/s)
[Epoch 1/15] step 1000/1599 (0.9 it/s)
[Epoch 1/15] step 1050/1599 (0.9 it/s)
[Epoch 1/15] step 1050/1599 (0.9 it/s)
[Epoch 1/15] step 1050/1599 (0.9 it/s)
[Epoch 1/15] step 1050/1599 (0.9 it/s)
[Epoch 1/15] step 1050/1599 (0.9 it/s)
[Epoch 1/15] step 1050/1599 (0.9 it/s)
[Epoch 1/15] step 1050/1599 (0.9 it/s)
[Epoch 1/15] step 1050/1599 (0.9 it/s)
[Epoch 1/15] step 1100/1599 (0.9 it/s)
[Epoch 1/15] step 1100/1599 (0.9 it/s)
[Epoch 1/15] step 1100/1599 (0.9 it/s)
[Epoch 1/15] step 1100/1599 (0.9 it/s)
[Epoch 1/15] step 1100/1599 (0.9 it/s)
[Epoch 1/15] step 1100/1599 (0.9 it/s)
[Epoch 1/15] step 1100/1599 (0.9 it/s)
[Epoch 1/15] step 1100/1599 (0.9 it/s)
[Epoch 1/15] step 1150/1599 (0.9 it/s)
[Epoch 1/15] step 1150/1599 (0.9 it/s)
[Epoch 1/15] step 1150/1599 (0.9 it/s)
[Epoch 1/15] step 1150/1599 (0.9 it/s)
[Epoch 1/15] step 1150/1599 (0.9 it/s)
[Epoch 1/15] step 1150/1599 (0.9 it/s)
[Epoch 1/15] step 1150/1599 (0.9 it/s)
[Epoch 1/15] step 1150/1599 (0.9 it/s)
[Epoch 1/15] step 1200/1599 (0.9 it/s)
[Epoch 1/15] step 1200/1599 (0.9 it/s)
[Epoch 1/15] step 1200/1599 (0.9 it/s)
[Epoch 1/15] step 1200/1599 (0.9 it/s)
[Epoch 1/15] step 1200/1599 (0.9 it/s)
[Epoch 1/15] step 1200/1599 (0.9 it/s)
[Epoch 1/15] step 1200/1599 (0.9 it/s)
[Epoch 1/15] step 1200/1599 (0.9 it/s)
[Epoch 1/15] step 1250/1599 (0.9 it/s)
[Epoch 1/15] step 1250/1599 (0.9 it/s)
[Epoch 1/15] step 1250/1599 (0.9 it/s)
[Epoch 1/15] step 1250/1599 (0.9 it/s)
[Epoch 1/15] step 1250/1599 (0.9 it/s)
[Epoch 1/15] step 1250/1599 (0.9 it/s)
[Epoch 1/15] step 1250/1599 (0.9 it/s)
[Epoch 1/15] step 1250/1599 (0.9 it/s)
[Epoch 1/15] step 1300/1599 (0.9 it/s)
[Epoch 1/15] step 1300/1599 (0.9 it/s)
[Epoch 1/15] step 1300/1599 (0.9 it/s)
[Epoch 1/15] step 1300/1599 (0.9 it/s)
[Epoch 1/15] step 1300/1599 (0.9 it/s)
[Epoch 1/15] step 1300/1599 (0.9 it/s)
[Epoch 1/15] step 1300/1599 (0.9 it/s)
[Epoch 1/15] step 1300/1599 (0.9 it/s)
[Epoch 1/15] step 1350/1599 (0.9 it/s)
[Epoch 1/15] step 1350/1599 (0.9 it/s)
[Epoch 1/15] step 1350/1599 (0.9 it/s)
[Epoch 1/15] step 1350/1599 (0.9 it/s)
[Epoch 1/15] step 1350/1599 (0.9 it/s)
[Epoch 1/15] step 1350/1599 (0.9 it/s)
[Epoch 1/15] step 1350/1599 (0.9 it/s)
[Epoch 1/15] step 1350/1599 (0.9 it/s)
[Epoch 1/15] step 1400/1599 (0.9 it/s)
[Epoch 1/15] step 1400/1599 (0.9 it/s)
[Epoch 1/15] step 1400/1599 (0.9 it/s)
[Epoch 1/15] step 1400/1599 (0.9 it/s)
[Epoch 1/15] step 1400/1599 (0.9 it/s)
[Epoch 1/15] step 1400/1599 (0.9 it/s)
[Epoch 1/15] step 1400/1599 (0.9 it/s)
[Epoch 1/15] step 1400/1599 (0.9 it/s)
[Epoch 1/15] step 1450/1599 (0.9 it/s)
[Epoch 1/15] step 1450/1599 (0.9 it/s)
[Epoch 1/15] step 1450/1599 (0.9 it/s)
[Epoch 1/15] step 1450/1599 (0.9 it/s)
[Epoch 1/15] step 1450/1599 (0.9 it/s)
[Epoch 1/15] step 1450/1599 (0.9 it/s)
[Epoch 1/15] step 1450/1599 (0.9 it/s)
[Epoch 1/15] step 1450/1599 (0.9 it/s)
[Epoch 1/15] step 1500/1599 (0.9 it/s)
[Epoch 1/15] step 1500/1599 (0.9 it/s)
[Epoch 1/15] step 1500/1599 (0.9 it/s)
[Epoch 1/15] step 1500/1599 (0.9 it/s)
[Epoch 1/15] step 1500/1599 (0.9 it/s)
[Epoch 1/15] step 1500/1599 (0.9 it/s)
[Epoch 1/15] step 1500/1599 (0.9 it/s)
[Epoch 1/15] step 1500/1599 (0.9 it/s)
[Epoch 1/15] step 1550/1599 (0.9 it/s)
[Epoch 1/15] step 1550/1599 (0.9 it/s)
[Epoch 1/15] step 1550/1599 (0.9 it/s)
[Epoch 1/15] step 1550/1599 (0.9 it/s)
[Epoch 1/15] step 1550/1599 (0.9 it/s)
[Epoch 1/15] step 1550/1599 (0.9 it/s)
[Epoch 1/15] step 1550/1599 (0.9 it/s)
[Epoch 1/15] step 1550/1599 (0.9 it/s)
[Epoch 1/15] done in 1887.3s
[Epoch 1/15] done in 1887.3s
[Epoch 1/15] done in 1887.3s
[Epoch 1/15] done in 1887.3s
[Epoch 1/15] done in 1887.3s
[Epoch 1/15] done in 1887.3s
[Epoch 1/15] done in 1887.3s
15:53:53 | INFO  | trainer_inf~| \n+-------------------------------------------+------------------------+
|                   Metric                  |         Value          |
+-------------------------------------------+------------------------+
|            [0;34;40mfit/active_dim_count[0m           |         [0;32;40m192.0[0m          |
|               [0;34;40mfit/delta_cos[0m               |   [0;32;40m0.8766359686851501[0m   |
|               [0;34;40mfit/delta_norm[0m              |   [0;32;40m6.287076473236084[0m    |
|              [0;34;40mfit/latent_mean[0m              |  [0;32;40m0.000961328623816371[0m  |
|              [0;34;40mfit/latent_norm[0m              |   [0;32;40m13.464171409606934[0m   |
|               [0;34;40mfit/latent_std[0m              |   [0;32;40m0.9766385555267334[0m   |
|            [0;34;40mfit/learning_rate_0[0m            | [0;32;40m4.810868267668411e-05[0m  |
|                  [0;34;40mfit/loss[0m                 |  [0;32;40m0.22752106189727783[0m   |
|            [0;34;40mfit/loss_future_cos[0m            |  [0;32;40m0.02052384614944458[0m   |
|             [0;34;40mfit/loss_future_l1[0m            |    [0;32;40m0.1385498046875[0m     |
|                [0;34;40mfit/loss_mse[0m               |  [0;32;40m0.038922421634197235[0m  |
|          [0;34;40mfit/loss_mse_horizon_01[0m          |  [0;32;40m0.07707525789737701[0m   |
|          [0;34;40mfit/loss_mse_horizon_02[0m          |  [0;32;40m0.020265880972146988[0m  |
|          [0;34;40mfit/loss_mse_horizon_03[0m          |  [0;32;40m0.019426122307777405[0m  |
|               [0;34;40mfit/loss_total[0m              |  [0;32;40m0.22752106189727783[0m   |
|        [0;34;40mfit/pairwise_cos_hist_bin_00[0m       |          [0;32;40m0.0[0m           |
|        [0;34;40mfit/pairwise_cos_hist_bin_01[0m       |          [0;32;40m0.0[0m           |
|        [0;34;40mfit/pairwise_cos_hist_bin_02[0m       |          [0;32;40m0.0[0m           |
|        [0;34;40mfit/pairwise_cos_hist_bin_03[0m       |          [0;32;40m0.0[0m           |
|        [0;34;40mfit/pairwise_cos_hist_bin_04[0m       |          [0;32;40m0.0[0m           |
|        [0;34;40mfit/pairwise_cos_hist_bin_05[0m       | [0;32;40m2.962175858556293e-05[0m  |
|        [0;34;40mfit/pairwise_cos_hist_bin_06[0m       |  [0;32;40m0.004542640410363674[0m  |
|        [0;34;40mfit/pairwise_cos_hist_bin_07[0m       |  [0;32;40m0.05903998762369156[0m   |
|        [0;34;40mfit/pairwise_cos_hist_bin_08[0m       |  [0;32;40m0.23129814863204956[0m   |
|        [0;34;40mfit/pairwise_cos_hist_bin_09[0m       |   [0;32;40m0.3342108428478241[0m   |
|        [0;34;40mfit/pairwise_cos_hist_bin_10[0m       |  [0;32;40m0.19851547479629517[0m   |
|        [0;34;40mfit/pairwise_cos_hist_bin_11[0m       |   [0;32;40m0.079205721616745[0m    |
|        [0;34;40mfit/pairwise_cos_hist_bin_12[0m       |  [0;32;40m0.03160354867577553[0m   |
|        [0;34;40mfit/pairwise_cos_hist_bin_13[0m       |  [0;32;40m0.015484536066651344[0m  |
|        [0;34;40mfit/pairwise_cos_hist_bin_14[0m       |  [0;32;40m0.01034468226134777[0m   |
|        [0;34;40mfit/pairwise_cos_hist_bin_15[0m       |  [0;32;40m0.008496667258441448[0m  |
|        [0;34;40mfit/pairwise_cos_hist_bin_16[0m       |  [0;32;40m0.007277396973222494[0m  |
|        [0;34;40mfit/pairwise_cos_hist_bin_17[0m       |  [0;32;40m0.006450854241847992[0m  |
|        [0;34;40mfit/pairwise_cos_hist_bin_18[0m       |  [0;32;40m0.00672509428113699[0m   |
|        [0;34;40mfit/pairwise_cos_hist_bin_19[0m       |  [0;32;40m0.006774782668799162[0m  |
|            [0;34;40mfit/pairwise_cos_max[0m           |          [0;32;40m1.0[0m           |
|           [0;34;40mfit/pairwise_cos_mean[0m           | [0;32;40m-0.0015459060668945312[0m |
|            [0;34;40mfit/pairwise_cos_min[0m           |    [0;32;40m-0.416748046875[0m     |
|            [0;34;40mfit/pairwise_cos_std[0m           |     [0;32;40m0.19482421875[0m      |
|            [0;34;40mfit/pred_latent_mse[0m            |  [0;32;40m0.038922421634197235[0m  |
|               [0;34;40mfit/pred_loss[0m               |  [0;32;40m0.038922421634197235[0m  |
|       [0;34;40mfit/predictor_mode_is_residual[0m      |          [0;32;40m1.0[0m           |
|            [0;34;40mfit/samples_per_sec[0m            |   [0;32;40m1269.408935546875[0m    |
|              [0;34;40mfit/sigreg_loss[0m              |        [0;32;40m2.09375[0m         |
|           [0;34;40mfit/target_delta_norm[0m           |   [0;32;40m6.722934722900391[0m    |
|            [0;34;40mhardware/cpu_percent[0m           |   [0;32;40m47.79999923706055[0m    |
|          [0;34;40mhardware/disk_read_mb_s[0m          |   [0;32;40m0.7746610641479492[0m   |
|          [0;34;40mhardware/disk_write_mb_s[0m         |  [0;32;40m0.38967326283454895[0m   |
|           [0;34;40mhardware/net_recv_mb_s[0m          |  [0;32;40m0.021694324910640717[0m  |
|           [0;34;40mhardware/net_sent_mb_s[0m          |   [0;32;40m8.051387786865234[0m    |
|            [0;34;40mhardware/ram_used_gb[0m           |   [0;32;40m512.6995239257812[0m    |
|           [0;34;40mhardware/ram_used_pct[0m           |   [0;32;40m27.399999618530273[0m   |
|            [0;34;40mhparams/lr_default_0[0m           | [0;32;40m4.8108679038705304e-05[0m |
|         [0;34;40mvalidate/active_dim_count[0m         |         [0;32;40m192.0[0m          |
|      [0;34;40mvalidate/active_dim_count_epoch[0m      |         [0;32;40m192.0[0m          |
|             [0;34;40mvalidate/delta_cos[0m            |   [0;32;40m0.3379910886287689[0m   |
|          [0;34;40mvalidate/delta_cos_epoch[0m         |   [0;32;40m0.3379910886287689[0m   |
|            [0;34;40mvalidate/delta_norm[0m            |   [0;32;40m8.252185821533203[0m    |
|         [0;34;40mvalidate/delta_norm_epoch[0m         |   [0;32;40m8.252185821533203[0m    |
|            [0;34;40mvalidate/latent_mean[0m           |  [0;32;40m-0.05662781745195389[0m  |
|         [0;34;40mvalidate/latent_mean_epoch[0m        |  [0;32;40m-0.05662781745195389[0m  |
|            [0;34;40mvalidate/latent_norm[0m           |   [0;32;40m20.01717185974121[0m    |
|         [0;34;40mvalidate/latent_norm_epoch[0m        |   [0;32;40m20.01717185974121[0m    |
|            [0;34;40mvalidate/latent_std[0m            |   [0;32;40m1.461445927619934[0m    |
|         [0;34;40mvalidate/latent_std_epoch[0m         |   [0;32;40m1.461445927619934[0m    |
|               [0;34;40mvalidate/loss[0m               |   [0;32;40m5.261314392089844[0m    |
|            [0;34;40mvalidate/loss_epoch[0m            |   [0;32;40m5.261314392089844[0m    |
|          [0;34;40mvalidate/loss_future_cos[0m         |  [0;32;40m0.08367802202701569[0m   |
|       [0;34;40mvalidate/loss_future_cos_epoch[0m      |  [0;32;40m0.08367802202701569[0m   |
|          [0;34;40mvalidate/loss_future_l1[0m          |   [0;32;40m0.4654276371002197[0m   |
|       [0;34;40mvalidate/loss_future_l1_epoch[0m       |   [0;32;40m0.4654276371002197[0m   |
|             [0;34;40mvalidate/loss_mse[0m             |   [0;32;40m0.3724755346775055[0m   |
|          [0;34;40mvalidate/loss_mse_epoch[0m          |   [0;32;40m0.3724755346775055[0m   |
|        [0;34;40mvalidate/loss_mse_horizon_01[0m       |  [0;32;40m0.35941267013549805[0m   |
|     [0;34;40mvalidate/loss_mse_horizon_01_epoch[0m    |  [0;32;40m0.35941267013549805[0m   |
|        [0;34;40mvalidate/loss_mse_horizon_02[0m       |  [0;32;40m0.38287362456321716[0m   |
|     [0;34;40mvalidate/loss_mse_horizon_02_epoch[0m    |  [0;32;40m0.38287362456321716[0m   |
|        [0;34;40mvalidate/loss_mse_horizon_03[0m       |  [0;32;40m0.37514010071754456[0m   |
|     [0;34;40mvalidate/loss_mse_horizon_03_epoch[0m    |  [0;32;40m0.37514010071754456[0m   |
|            [0;34;40mvalidate/loss_total[0m            |   [0;32;40m5.261314392089844[0m    |
|         [0;34;40mvalidate/loss_total_epoch[0m         |   [0;32;40m5.261314392089844[0m    |
|     [0;34;40mvalidate/pairwise_cos_hist_bin_00[0m     |          [0;32;40m0.0[0m           |
|  [0;34;40mvalidate/pairwise_cos_hist_bin_00_epoch[0m  |          [0;32;40m0.0[0m           |
|     [0;34;40mvalidate/pairwise_cos_hist_bin_01[0m     |          [0;32;40m0.0[0m           |
|  [0;34;40mvalidate/pairwise_cos_hist_bin_01_epoch[0m  |          [0;32;40m0.0[0m           |
|     [0;34;40mvalidate/pairwise_cos_hist_bin_02[0m     |          [0;32;40m0.0[0m           |
|  [0;34;40mvalidate/pairwise_cos_hist_bin_02_epoch[0m  |          [0;32;40m0.0[0m           |
|     [0;34;40mvalidate/pairwise_cos_hist_bin_03[0m     |          [0;32;40m0.0[0m           |
|  [0;34;40mvalidate/pairwise_cos_hist_bin_03_epoch[0m  |          [0;32;40m0.0[0m           |
|     [0;34;40mvalidate/pairwise_cos_hist_bin_04[0m     |          [0;32;40m0.0[0m           |
|  [0;34;40mvalidate/pairwise_cos_hist_bin_04_epoch[0m  |          [0;32;40m0.0[0m           |
|     [0;34;40mvalidate/pairwise_cos_hist_bin_05[0m     |          [0;32;40m0.0[0m           |
|  [0;34;40mvalidate/pairwise_cos_hist_bin_05_epoch[0m  |          [0;32;40m0.0[0m           |
|     [0;34;40mvalidate/pairwise_cos_hist_bin_06[0m     |          [0;32;40m0.0[0m           |
|  [0;34;40mvalidate/pairwise_cos_hist_bin_06_epoch[0m  |          [0;32;40m0.0[0m           |
|     [0;34;40mvalidate/pairwise_cos_hist_bin_07[0m     |          [0;32;40m0.0[0m           |
|  [0;34;40mvalidate/pairwise_cos_hist_bin_07_epoch[0m  |          [0;32;40m0.0[0m           |
|     [0;34;40mvalidate/pairwise_cos_hist_bin_08[0m     |          [0;32;40m0.0[0m           |
|  [0;34;40mvalidate/pairwise_cos_hist_bin_08_epoch[0m  |          [0;32;40m0.0[0m           |
|     [0;34;40mvalidate/pairwise_cos_hist_bin_09[0m     | [0;32;40m1.675131898082327e-05[0m  |
|  [0;34;40mvalidate/pairwise_cos_hist_bin_09_epoch[0m  | [0;32;40m1.675131898082327e-05[0m  |
|     [0;34;40mvalidate/pairwise_cos_hist_bin_10[0m     | [0;32;40m0.0016935525927692652[0m  |
|  [0;34;40mvalidate/pairwise_cos_hist_bin_10_epoch[0m  | [0;32;40m0.0016935525927692652[0m  |
|     [0;34;40mvalidate/pairwise_cos_hist_bin_11[0m     |  [0;32;40m0.01795005425810814[0m   |
|  [0;34;40mvalidate/pairwise_cos_hist_bin_11_epoch[0m  |  [0;32;40m0.01795005425810814[0m   |
|     [0;34;40mvalidate/pairwise_cos_hist_bin_12[0m     |   [0;32;40m0.0772978737950325[0m   |
|  [0;34;40mvalidate/pairwise_cos_hist_bin_12_epoch[0m  |   [0;32;40m0.0772978737950325[0m   |
|     [0;34;40mvalidate/pairwise_cos_hist_bin_13[0m     |   [0;32;40m0.1648010015487671[0m   |
|  [0;34;40mvalidate/pairwise_cos_hist_bin_13_epoch[0m  |   [0;32;40m0.1648010015487671[0m   |
|     [0;34;40mvalidate/pairwise_cos_hist_bin_14[0m     |  [0;32;40m0.22460222244262695[0m   |
|  [0;34;40mvalidate/pairwise_cos_hist_bin_14_epoch[0m  |  [0;32;40m0.22460222244262695[0m   |
|     [0;34;40mvalidate/pairwise_cos_hist_bin_15[0m     |  [0;32;40m0.21832209825515747[0m   |
|  [0;34;40mvalidate/pairwise_cos_hist_bin_15_epoch[0m  |  [0;32;40m0.21832209825515747[0m   |
|     [0;34;40mvalidate/pairwise_cos_hist_bin_16[0m     |  [0;32;40m0.16394416987895966[0m   |
|  [0;34;40mvalidate/pairwise_cos_hist_bin_16_epoch[0m  |  [0;32;40m0.16394416987895966[0m   |
|     [0;34;40mvalidate/pairwise_cos_hist_bin_17[0m     |  [0;32;40m0.07445178180932999[0m   |
|  [0;34;40mvalidate/pairwise_cos_hist_bin_17_epoch[0m  |  [0;32;40m0.07445178180932999[0m   |
|     [0;34;40mvalidate/pairwise_cos_hist_bin_18[0m     |  [0;32;40m0.033827394247055054[0m  |
|  [0;34;40mvalidate/pairwise_cos_hist_bin_18_epoch[0m  |  [0;32;40m0.033827394247055054[0m  |
|     [0;34;40mvalidate/pairwise_cos_hist_bin_19[0m     |  [0;32;40m0.023093126714229584[0m  |
|  [0;34;40mvalidate/pairwise_cos_hist_bin_19_epoch[0m  |  [0;32;40m0.023093126714229584[0m  |
|         [0;34;40mvalidate/pairwise_cos_max[0m         |          [0;32;40m1.0[0m           |
|      [0;34;40mvalidate/pairwise_cos_max_epoch[0m      |          [0;32;40m1.0[0m           |
|         [0;34;40mvalidate/pairwise_cos_mean[0m        |   [0;32;40m0.5138149261474609[0m   |
|      [0;34;40mvalidate/pairwise_cos_mean_epoch[0m     |   [0;32;40m0.5138149261474609[0m   |
|         [0;34;40mvalidate/pairwise_cos_min[0m         | [0;32;40m0.00042969061178155243[0m |
|      [0;34;40mvalidate/pairwise_cos_min_epoch[0m      | [0;32;40m0.00042969061178155243[0m |
|         [0;34;40mvalidate/pairwise_cos_std[0m         |   [0;32;40m0.168778657913208[0m    |
|      [0;34;40mvalidate/pairwise_cos_std_epoch[0m      |   [0;32;40m0.168778657913208[0m    |
|          [0;34;40mvalidate/pred_latent_mse[0m         |   [0;32;40m0.3724755346775055[0m   |
|       [0;34;40mvalidate/pred_latent_mse_epoch[0m      |   [0;32;40m0.3724755346775055[0m   |
|             [0;34;40mvalidate/pred_loss[0m            |   [0;32;40m0.3724755346775055[0m   |
|          [0;34;40mvalidate/pred_loss_epoch[0m         |   [0;32;40m0.3724755346775055[0m   |
|    [0;34;40mvalidate/predictor_mode_is_residual[0m    |          [0;32;40m1.0[0m           |
| [0;34;40mvalidate/predictor_mode_is_residual_epoch[0m |          [0;32;40m1.0[0m           |
|            [0;34;40mvalidate/sigreg_loss[0m           |   [0;32;40m54.31987762451172[0m    |
|         [0;34;40mvalidate/sigreg_loss_epoch[0m        |   [0;32;40m54.31987762451172[0m    |
|         [0;34;40mvalidate/target_delta_norm[0m        |   [0;32;40m5.898650646209717[0m    |
|      [0;34;40mvalidate/target_delta_norm_epoch[0m     |   [0;32;40m5.898650646209717[0m    |
+-------------------------------------------+------------------------+
15:53:53 | INFO  | utils.py    | 📦📦📦 Model saved to /data1/Johnny/challenge/wrf/homework/outputs/stable-wm/checkpoints/lewm_residual_reacher_15/weights_epoch_2.pt 📦📦📦
[Epoch 1/15] done in 1887.4s
15:53:53 | INFO  | checkpoint_~|   Checking for non PyTorch modules to save
15:53:53 | INFO  | atomic_chec~| [atomic_save] → /data1/Johnny/challenge/wrf/homework/outputs/home/.cache/stable-pretraining/runs/20260715/145800/ee58f199d257/checkpoints/epoch=1-step=3198.ckpt
15:53:53 | INFO  | atomic_chec~| [atomic_save] ✓ epoch=1-step=3198.ckpt saved (206.8 MiB, serialise=0.32s write=0.21s rename=0.0ms)
15:53:53 | INFO  | checkpoint_~|   Checking for non PyTorch modules to save
15:53:53 | INFO  | atomic_chec~| [atomic_save] → /data1/Johnny/challenge/wrf/homework/outputs/home/.cache/stable-pretraining/runs/20260715/145800/ee58f199d257/checkpoints/last.ckpt
15:53:54 | INFO  | atomic_chec~| [atomic_save] ✓ last.ckpt saved (206.8 MiB, serialise=0.33s write=0.18s rename=16.9ms)
[Epoch 2/15] step 50/1599 (0.7 it/s)
[Epoch 2/15] step 50/1599 (0.7 it/s)
[Epoch 2/15] step 50/1599 (0.7 it/s)
[Epoch 2/15] step 50/1599 (0.7 it/s)
[Epoch 2/15] step 50/1599 (0.7 it/s)
[Epoch 2/15] step 50/1599 (0.7 it/s)
[Epoch 2/15] step 50/1599 (0.7 it/s)
[Epoch 2/15] step 50/1599 (0.7 it/s)
[Epoch 2/15] step 100/1599 (0.8 it/s)
[Epoch 2/15] step 100/1599 (0.8 it/s)
[Epoch 2/15] step 100/1599 (0.8 it/s)
[Epoch 2/15] step 100/1599 (0.8 it/s)
[Epoch 2/15] step 100/1599 (0.8 it/s)
[Epoch 2/15] step 100/1599 (0.8 it/s)
[Epoch 2/15] step 100/1599 (0.8 it/s)
[Epoch 2/15] step 100/1599 (0.8 it/s)
[Epoch 2/15] step 150/1599 (0.9 it/s)
[Epoch 2/15] step 150/1599 (0.9 it/s)
[Epoch 2/15] step 150/1599 (0.9 it/s)
[Epoch 2/15] step 150/1599 (0.9 it/s)
[Epoch 2/15] step 150/1599 (0.9 it/s)
[Epoch 2/15] step 150/1599 (0.9 it/s)
[Epoch 2/15] step 150/1599 (0.9 it/s)
[Epoch 2/15] step 150/1599 (0.9 it/s)
[Epoch 2/15] step 200/1599 (0.9 it/s)
[Epoch 2/15] step 200/1599 (0.9 it/s)
[Epoch 2/15] step 200/1599 (0.9 it/s)
[Epoch 2/15] step 200/1599 (0.9 it/s)
[Epoch 2/15] step 200/1599 (0.9 it/s)
[Epoch 2/15] step 200/1599 (0.9 it/s)
[Epoch 2/15] step 200/1599 (0.9 it/s)
[Epoch 2/15] step 200/1599 (0.9 it/s)
[Epoch 2/15] step 250/1599 (0.9 it/s)
[Epoch 2/15] step 250/1599 (0.9 it/s)
[Epoch 2/15] step 250/1599 (0.9 it/s)
[Epoch 2/15] step 250/1599 (0.9 it/s)
[Epoch 2/15] step 250/1599 (0.9 it/s)
[Epoch 2/15] step 250/1599 (0.9 it/s)
[Epoch 2/15] step 250/1599 (0.9 it/s)
[Epoch 2/15] step 250/1599 (0.9 it/s)
[Epoch 2/15] step 300/1599 (0.9 it/s)
[Epoch 2/15] step 300/1599 (0.9 it/s)
[Epoch 2/15] step 300/1599 (0.9 it/s)
[Epoch 2/15] step 300/1599 (0.9 it/s)
[Epoch 2/15] step 300/1599 (0.9 it/s)
[Epoch 2/15] step 300/1599 (0.9 it/s)
[Epoch 2/15] step 300/1599 (0.9 it/s)
[Epoch 2/15] step 300/1599 (0.9 it/s)
[Epoch 2/15] step 350/1599 (0.9 it/s)
[Epoch 2/15] step 350/1599 (0.9 it/s)
[Epoch 2/15] step 350/1599 (0.9 it/s)
[Epoch 2/15] step 350/1599 (0.9 it/s)
[Epoch 2/15] step 350/1599 (0.9 it/s)
[Epoch 2/15] step 350/1599 (0.9 it/s)
[Epoch 2/15] step 350/1599 (0.9 it/s)
[Epoch 2/15] step 350/1599 (0.9 it/s)
[Epoch 2/15] step 400/1599 (0.9 it/s)
[Epoch 2/15] step 400/1599 (0.9 it/s)
[Epoch 2/15] step 400/1599 (0.9 it/s)
[Epoch 2/15] step 400/1599 (0.9 it/s)
[Epoch 2/15] step 400/1599 (0.9 it/s)
[Epoch 2/15] step 400/1599 (0.9 it/s)
[Epoch 2/15] step 400/1599 (0.9 it/s)
[Epoch 2/15] step 400/1599 (0.9 it/s)
[Epoch 2/15] step 450/1599 (0.9 it/s)
[Epoch 2/15] step 450/1599 (0.9 it/s)
[Epoch 2/15] step 450/1599 (0.9 it/s)
[Epoch 2/15] step 450/1599 (0.9 it/s)
[Epoch 2/15] step 450/1599 (0.9 it/s)
[Epoch 2/15] step 450/1599 (0.9 it/s)
[Epoch 2/15] step 450/1599 (0.9 it/s)
[Epoch 2/15] step 450/1599 (0.9 it/s)
[Epoch 2/15] step 500/1599 (0.9 it/s)
[Epoch 2/15] step 500/1599 (0.9 it/s)
[Epoch 2/15] step 500/1599 (0.9 it/s)
[Epoch 2/15] step 500/1599 (0.9 it/s)
[Epoch 2/15] step 500/1599 (0.9 it/s)
[Epoch 2/15] step 500/1599 (0.9 it/s)
[Epoch 2/15] step 500/1599 (0.9 it/s)
[Epoch 2/15] step 500/1599 (0.9 it/s)
[Epoch 2/15] step 550/1599 (0.9 it/s)
[Epoch 2/15] step 550/1599 (0.9 it/s)
[Epoch 2/15] step 550/1599 (0.9 it/s)
[Epoch 2/15] step 550/1599 (0.9 it/s)
[Epoch 2/15] step 550/1599 (0.9 it/s)
[Epoch 2/15] step 550/1599 (0.9 it/s)
[Epoch 2/15] step 550/1599 (0.9 it/s)
[Epoch 2/15] step 550/1599 (0.9 it/s)
[Epoch 2/15] step 600/1599 (0.9 it/s)
[Epoch 2/15] step 600/1599 (0.9 it/s)
[Epoch 2/15] step 600/1599 (0.9 it/s)
[Epoch 2/15] step 600/1599 (0.9 it/s)
[Epoch 2/15] step 600/1599 (0.9 it/s)
[Epoch 2/15] step 600/1599 (0.9 it/s)
[Epoch 2/15] step 600/1599 (0.9 it/s)
[Epoch 2/15] step 600/1599 (0.9 it/s)
[Epoch 2/15] step 650/1599 (0.9 it/s)
[Epoch 2/15] step 650/1599 (0.9 it/s)
[Epoch 2/15] step 650/1599 (0.9 it/s)
[Epoch 2/15] step 650/1599 (0.9 it/s)
[Epoch 2/15] step 650/1599 (0.9 it/s)
[Epoch 2/15] step 650/1599 (0.9 it/s)
[Epoch 2/15] step 650/1599 (0.9 it/s)
[Epoch 2/15] step 650/1599 (0.9 it/s)
[Epoch 2/15] step 700/1599 (0.9 it/s)
[Epoch 2/15] step 700/1599 (0.9 it/s)
[Epoch 2/15] step 700/1599 (0.9 it/s)
[Epoch 2/15] step 700/1599 (0.9 it/s)
[Epoch 2/15] step 700/1599 (0.9 it/s)
[Epoch 2/15] step 700/1599 (0.9 it/s)
[Epoch 2/15] step 700/1599 (0.9 it/s)
[Epoch 2/15] step 700/1599 (0.9 it/s)
[Epoch 2/15] step 750/1599 (0.9 it/s)
[Epoch 2/15] step 750/1599 (0.9 it/s)
[Epoch 2/15] step 750/1599 (0.9 it/s)
[Epoch 2/15] step 750/1599 (0.9 it/s)
[Epoch 2/15] step 750/1599 (0.9 it/s)
[Epoch 2/15] step 750/1599 (0.9 it/s)
[Epoch 2/15] step 750/1599 (0.9 it/s)
[Epoch 2/15] step 750/1599 (0.9 it/s)
[Epoch 2/15] step 800/1599 (0.9 it/s)
[Epoch 2/15] step 800/1599 (0.9 it/s)
[Epoch 2/15] step 800/1599 (0.9 it/s)
[Epoch 2/15] step 800/1599 (0.9 it/s)
[Epoch 2/15] step 800/1599 (0.9 it/s)
[Epoch 2/15] step 800/1599 (0.9 it/s)
[Epoch 2/15] step 800/1599 (0.9 it/s)
[Epoch 2/15] step 800/1599 (0.9 it/s)
[Epoch 2/15] step 850/1599 (0.9 it/s)
[Epoch 2/15] step 850/1599 (0.9 it/s)
[Epoch 2/15] step 850/1599 (0.9 it/s)
[Epoch 2/15] step 850/1599 (0.9 it/s)
[Epoch 2/15] step 850/1599 (0.9 it/s)
[Epoch 2/15] step 850/1599 (0.9 it/s)
[Epoch 2/15] step 850/1599 (0.9 it/s)
[Epoch 2/15] step 850/1599 (0.9 it/s)
[Epoch 2/15] step 900/1599 (0.9 it/s)
[Epoch 2/15] step 900/1599 (0.9 it/s)
[Epoch 2/15] step 900/1599 (0.9 it/s)
[Epoch 2/15] step 900/1599 (0.9 it/s)
[Epoch 2/15] step 900/1599 (0.9 it/s)
[Epoch 2/15] step 900/1599 (0.9 it/s)
[Epoch 2/15] step 900/1599 (0.9 it/s)
[Epoch 2/15] step 900/1599 (0.9 it/s)
[Epoch 2/15] step 950/1599 (0.9 it/s)
[Epoch 2/15] step 950/1599 (0.9 it/s)
[Epoch 2/15] step 950/1599 (0.9 it/s)
[Epoch 2/15] step 950/1599 (0.9 it/s)
[Epoch 2/15] step 950/1599 (0.9 it/s)
[Epoch 2/15] step 950/1599 (0.9 it/s)
[Epoch 2/15] step 950/1599 (0.9 it/s)
[Epoch 2/15] step 950/1599 (0.9 it/s)
[Epoch 2/15] step 1000/1599 (0.9 it/s)
[Epoch 2/15] step 1000/1599 (0.9 it/s)
[Epoch 2/15] step 1000/1599 (0.9 it/s)
[Epoch 2/15] step 1000/1599 (0.9 it/s)
[Epoch 2/15] step 1000/1599 (0.9 it/s)
[Epoch 2/15] step 1000/1599 (0.9 it/s)
[Epoch 2/15] step 1000/1599 (0.9 it/s)
[Epoch 2/15] step 1000/1599 (0.9 it/s)
[Epoch 2/15] step 1050/1599 (0.9 it/s)
[Epoch 2/15] step 1050/1599 (0.9 it/s)
[Epoch 2/15] step 1050/1599 (0.9 it/s)
[Epoch 2/15] step 1050/1599 (0.9 it/s)
[Epoch 2/15] step 1050/1599 (0.9 it/s)
[Epoch 2/15] step 1050/1599 (0.9 it/s)
[Epoch 2/15] step 1050/1599 (0.9 it/s)
[Epoch 2/15] step 1050/1599 (0.9 it/s)
[Epoch 2/15] step 1100/1599 (0.9 it/s)
[Epoch 2/15] step 1100/1599 (0.9 it/s)
[Epoch 2/15] step 1100/1599 (0.9 it/s)
[Epoch 2/15] step 1100/1599 (0.9 it/s)
[Epoch 2/15] step 1100/1599 (0.9 it/s)
[Epoch 2/15] step 1100/1599 (0.9 it/s)
[Epoch 2/15] step 1100/1599 (0.9 it/s)
[Epoch 2/15] step 1100/1599 (0.9 it/s)
[Epoch 2/15] step 1150/1599 (0.9 it/s)
[Epoch 2/15] step 1150/1599 (0.9 it/s)
[Epoch 2/15] step 1150/1599 (0.9 it/s)
[Epoch 2/15] step 1150/1599 (0.9 it/s)
[Epoch 2/15] step 1150/1599 (0.9 it/s)
[Epoch 2/15] step 1150/1599 (0.9 it/s)
[Epoch 2/15] step 1150/1599 (0.9 it/s)
[Epoch 2/15] step 1150/1599 (0.9 it/s)
[Epoch 2/15] step 1200/1599 (0.9 it/s)
[Epoch 2/15] step 1200/1599 (0.9 it/s)
[Epoch 2/15] step 1200/1599 (0.9 it/s)
[Epoch 2/15] step 1200/1599 (0.9 it/s)
[Epoch 2/15] step 1200/1599 (0.9 it/s)
[Epoch 2/15] step 1200/1599 (0.9 it/s)
[Epoch 2/15] step 1200/1599 (0.9 it/s)
[Epoch 2/15] step 1200/1599 (0.9 it/s)
[Epoch 2/15] step 1250/1599 (0.9 it/s)
[Epoch 2/15] step 1250/1599 (0.9 it/s)
[Epoch 2/15] step 1250/1599 (0.9 it/s)
[Epoch 2/15] step 1250/1599 (0.9 it/s)
[Epoch 2/15] step 1250/1599 (0.9 it/s)
[Epoch 2/15] step 1250/1599 (0.9 it/s)
[Epoch 2/15] step 1250/1599 (0.9 it/s)
[Epoch 2/15] step 1250/1599 (0.9 it/s)
[Epoch 2/15] step 1300/1599 (0.9 it/s)
[Epoch 2/15] step 1300/1599 (0.9 it/s)
[Epoch 2/15] step 1300/1599 (0.9 it/s)
[Epoch 2/15] step 1300/1599 (0.9 it/s)
[Epoch 2/15] step 1300/1599 (0.9 it/s)
[Epoch 2/15] step 1300/1599 (0.9 it/s)
[Epoch 2/15] step 1300/1599 (0.9 it/s)
[Epoch 2/15] step 1300/1599 (0.9 it/s)
[Epoch 2/15] step 1350/1599 (0.9 it/s)
[Epoch 2/15] step 1350/1599 (0.9 it/s)
[Epoch 2/15] step 1350/1599 (0.9 it/s)
[Epoch 2/15] step 1350/1599 (0.9 it/s)
[Epoch 2/15] step 1350/1599 (0.9 it/s)
[Epoch 2/15] step 1350/1599 (0.9 it/s)
[Epoch 2/15] step 1350/1599 (0.9 it/s)
[Epoch 2/15] step 1350/1599 (0.9 it/s)
[Epoch 2/15] step 1400/1599 (0.9 it/s)
[Epoch 2/15] step 1400/1599 (0.9 it/s)
[Epoch 2/15] step 1400/1599 (0.9 it/s)
[Epoch 2/15] step 1400/1599 (0.9 it/s)
[Epoch 2/15] step 1400/1599 (0.9 it/s)
[Epoch 2/15] step 1400/1599 (0.9 it/s)
[Epoch 2/15] step 1400/1599 (0.9 it/s)
[Epoch 2/15] step 1400/1599 (0.9 it/s)
[Epoch 2/15] step 1450/1599 (0.9 it/s)
[Epoch 2/15] step 1450/1599 (0.9 it/s)
[Epoch 2/15] step 1450/1599 (0.9 it/s)
[Epoch 2/15] step 1450/1599 (0.9 it/s)
[Epoch 2/15] step 1450/1599 (0.9 it/s)
[Epoch 2/15] step 1450/1599 (0.9 it/s)
[Epoch 2/15] step 1450/1599 (0.9 it/s)
[Epoch 2/15] step 1450/1599 (0.9 it/s)
[Epoch 2/15] step 1500/1599 (0.9 it/s)
[Epoch 2/15] step 1500/1599 (0.9 it/s)
[Epoch 2/15] step 1500/1599 (0.9 it/s)
[Epoch 2/15] step 1500/1599 (0.9 it/s)
[Epoch 2/15] step 1500/1599 (0.9 it/s)
[Epoch 2/15] step 1500/1599 (0.9 it/s)
[Epoch 2/15] step 1500/1599 (0.9 it/s)
[Epoch 2/15] step 1500/1599 (0.9 it/s)
[Epoch 2/15] step 1550/1599 (0.9 it/s)
[Epoch 2/15] step 1550/1599 (0.9 it/s)
[Epoch 2/15] step 1550/1599 (0.9 it/s)
[Epoch 2/15] step 1550/1599 (0.9 it/s)
[Epoch 2/15] step 1550/1599 (0.9 it/s)
[Epoch 2/15] step 1550/1599 (0.9 it/s)
[Epoch 2/15] step 1550/1599 (0.9 it/s)
[Epoch 2/15] step 1550/1599 (0.9 it/s)
[Epoch 2/15] done in 1889.0s
[Epoch 2/15] done in 1889.0s
[Epoch 2/15] done in 1889.0s
[Epoch 2/15] done in 1889.0s
[Epoch 2/15] done in 1889.0s
[Epoch 2/15] done in 1889.0s
[Epoch 2/15] done in 1889.0s
16:25:23 | INFO  | trainer_inf~| \n+-------------------------------------------+------------------------+
|                   Metric                  |         Value          |
+-------------------------------------------+------------------------+
|            [0;34;40mfit/active_dim_count[0m           |         [0;32;40m192.0[0m          |
|               [0;34;40mfit/delta_cos[0m               |   [0;32;40m0.8851960301399231[0m   |
|               [0;34;40mfit/delta_norm[0m              |   [0;32;40m6.397627353668213[0m    |
|              [0;34;40mfit/latent_mean[0m              | [0;32;40m0.0014613090315833688[0m  |
|              [0;34;40mfit/latent_norm[0m              |   [0;32;40m13.489076614379883[0m   |
|               [0;34;40mfit/latent_std[0m              |   [0;32;40m0.9780145883560181[0m   |
|            [0;34;40mfit/learning_rate_0[0m            | [0;32;40m4.5590626541525126e-05[0m |
|                  [0;34;40mfit/loss[0m                 |   [0;32;40m0.2029799073934555[0m   |
|            [0;34;40mfit/loss_future_cos[0m            |  [0;32;40m0.019144952297210693[0m  |
|             [0;34;40mfit/loss_future_l1[0m            |    [0;32;40m0.1309814453125[0m     |
|                [0;34;40mfit/loss_mse[0m               |   [0;32;40m0.0358656607568264[0m   |
|          [0;34;40mfit/loss_mse_horizon_01[0m          |   [0;32;40m0.0749334916472435[0m   |
|          [0;34;40mfit/loss_mse_horizon_02[0m          |  [0;32;40m0.01641436666250229[0m   |
|          [0;34;40mfit/loss_mse_horizon_03[0m          |  [0;32;40m0.016249123960733414[0m  |
|               [0;34;40mfit/loss_total[0m              |   [0;32;40m0.2029799073934555[0m   |
|        [0;34;40mfit/pairwise_cos_hist_bin_00[0m       |          [0;32;40m0.0[0m           |
|        [0;34;40mfit/pairwise_cos_hist_bin_01[0m       |          [0;32;40m0.0[0m           |
|        [0;34;40mfit/pairwise_cos_hist_bin_02[0m       |          [0;32;40m0.0[0m           |
|        [0;34;40mfit/pairwise_cos_hist_bin_03[0m       |          [0;32;40m0.0[0m           |
|        [0;34;40mfit/pairwise_cos_hist_bin_04[0m       |          [0;32;40m0.0[0m           |
|        [0;34;40mfit/pairwise_cos_hist_bin_05[0m       | [0;32;40m2.1977433789288625e-05[0m |
|        [0;34;40mfit/pairwise_cos_hist_bin_06[0m       | [0;32;40m0.0034256132785230875[0m  |
|        [0;34;40mfit/pairwise_cos_hist_bin_07[0m       |  [0;32;40m0.04089809209108353[0m   |
|        [0;34;40mfit/pairwise_cos_hist_bin_08[0m       |  [0;32;40m0.21899747848510742[0m   |
|        [0;34;40mfit/pairwise_cos_hist_bin_09[0m       |   [0;32;40m0.3767772912979126[0m   |
|        [0;34;40mfit/pairwise_cos_hist_bin_10[0m       |  [0;32;40m0.20355594158172607[0m   |
|        [0;34;40mfit/pairwise_cos_hist_bin_11[0m       |   [0;32;40m0.0746888741850853[0m   |
|        [0;34;40mfit/pairwise_cos_hist_bin_12[0m       |  [0;32;40m0.02611779421567917[0m   |
|        [0;34;40mfit/pairwise_cos_hist_bin_13[0m       |  [0;32;40m0.012759333476424217[0m  |
|        [0;34;40mfit/pairwise_cos_hist_bin_14[0m       |   [0;32;40m0.009037503041327[0m    |
|        [0;34;40mfit/pairwise_cos_hist_bin_15[0m       |  [0;32;40m0.00750768231227994[0m   |
|        [0;34;40mfit/pairwise_cos_hist_bin_16[0m       |  [0;32;40m0.006710761692374945[0m  |
|        [0;34;40mfit/pairwise_cos_hist_bin_17[0m       |  [0;32;40m0.006155592855066061[0m  |
|        [0;34;40mfit/pairwise_cos_hist_bin_18[0m       |  [0;32;40m0.006419321987777948[0m  |
|        [0;34;40mfit/pairwise_cos_hist_bin_19[0m       |  [0;32;40m0.006926713977009058[0m  |
|            [0;34;40mfit/pairwise_cos_max[0m           |          [0;32;40m1.0[0m           |
|           [0;34;40mfit/pairwise_cos_mean[0m           | [0;32;40m-0.0015201568603515625[0m |
|            [0;34;40mfit/pairwise_cos_min[0m           |        [0;32;40m-0.40625[0m        |
|            [0;34;40mfit/pairwise_cos_std[0m           |      [0;32;40m0.1865234375[0m      |
|            [0;34;40mfit/pred_latent_mse[0m            |   [0;32;40m0.0358656607568264[0m   |
|               [0;34;40mfit/pred_loss[0m               |   [0;32;40m0.0358656607568264[0m   |
|       [0;34;40mfit/predictor_mode_is_residual[0m      |          [0;32;40m1.0[0m           |
|            [0;34;40mfit/samples_per_sec[0m            |   [0;32;40m1275.643798828125[0m    |
|              [0;34;40mfit/sigreg_loss[0m              |      [0;32;40m1.8583984375[0m      |
|           [0;34;40mfit/target_delta_norm[0m           |   [0;32;40m6.770723819732666[0m    |
|            [0;34;40mhardware/cpu_percent[0m           |          [0;32;40m52.0[0m          |
|          [0;34;40mhardware/disk_read_mb_s[0m          |          [0;32;40m0.0[0m           |
|          [0;34;40mhardware/disk_write_mb_s[0m         |   [0;32;40m0.8664262294769287[0m   |
|           [0;34;40mhardware/net_recv_mb_s[0m          |  [0;32;40m0.04195144772529602[0m   |
|           [0;34;40mhardware/net_sent_mb_s[0m          |   [0;32;40m8.034235000610352[0m    |
|            [0;34;40mhardware/ram_used_gb[0m           |    [0;32;40m512.30712890625[0m     |
|           [0;34;40mhardware/ram_used_pct[0m           |   [0;32;40m27.399999618530273[0m   |
|            [0;34;40mhparams/lr_default_0[0m           | [0;32;40m4.5590626541525126e-05[0m |
|         [0;34;40mvalidate/active_dim_count[0m         |         [0;32;40m192.0[0m          |
|      [0;34;40mvalidate/active_dim_count_epoch[0m      |         [0;32;40m192.0[0m          |
|             [0;34;40mvalidate/delta_cos[0m            |  [0;32;40m0.39864736795425415[0m   |
|          [0;34;40mvalidate/delta_cos_epoch[0m         |  [0;32;40m0.39864736795425415[0m   |
|            [0;34;40mvalidate/delta_norm[0m            |   [0;32;40m7.262391567230225[0m    |
|         [0;34;40mvalidate/delta_norm_epoch[0m         |   [0;32;40m7.262391567230225[0m    |
|            [0;34;40mvalidate/latent_mean[0m           |  [0;32;40m-0.08722896128892899[0m  |
|         [0;34;40mvalidate/latent_mean_epoch[0m        |  [0;32;40m-0.08722896128892899[0m  |
|            [0;34;40mvalidate/latent_norm[0m           |   [0;32;40m18.924081802368164[0m   |
|         [0;34;40mvalidate/latent_norm_epoch[0m        |   [0;32;40m18.924081802368164[0m   |
|            [0;34;40mvalidate/latent_std[0m            |   [0;32;40m1.3805499076843262[0m   |
|         [0;34;40mvalidate/latent_std_epoch[0m         |   [0;32;40m1.3805499076843262[0m   |
|               [0;34;40mvalidate/loss[0m               |   [0;32;40m4.249751567840576[0m    |
|            [0;34;40mvalidate/loss_epoch[0m            |   [0;32;40m4.249751567840576[0m    |
|          [0;34;40mvalidate/loss_future_cos[0m         |  [0;32;40m0.07380266487598419[0m   |
|       [0;34;40mvalidate/loss_future_cos_epoch[0m      |  [0;32;40m0.07380266487598419[0m   |
|          [0;34;40mvalidate/loss_future_l1[0m          |   [0;32;40m0.4050884246826172[0m   |
|       [0;34;40mvalidate/loss_future_l1_epoch[0m       |   [0;32;40m0.4050884246826172[0m   |
|             [0;34;40mvalidate/loss_mse[0m             |  [0;32;40m0.28227099776268005[0m   |
|          [0;34;40mvalidate/loss_mse_epoch[0m          |  [0;32;40m0.28227099776268005[0m   |
|        [0;34;40mvalidate/loss_mse_horizon_01[0m       |  [0;32;40m0.28610002994537354[0m   |
|     [0;34;40mvalidate/loss_mse_horizon_01_epoch[0m    |  [0;32;40m0.28610002994537354[0m   |
|        [0;34;40mvalidate/loss_mse_horizon_02[0m       |   [0;32;40m0.2842850089073181[0m   |
|     [0;34;40mvalidate/loss_mse_horizon_02_epoch[0m    |   [0;32;40m0.2842850089073181[0m   |
|        [0;34;40mvalidate/loss_mse_horizon_03[0m       |   [0;32;40m0.2764279544353485[0m   |
|     [0;34;40mvalidate/loss_mse_horizon_03_epoch[0m    |   [0;32;40m0.2764279544353485[0m   |
|            [0;34;40mvalidate/loss_total[0m            |   [0;32;40m4.249751567840576[0m    |
|         [0;34;40mvalidate/loss_total_epoch[0m         |   [0;32;40m4.249751567840576[0m    |
|     [0;34;40mvalidate/pairwise_cos_hist_bin_00[0m     |          [0;32;40m0.0[0m           |
|  [0;34;40mvalidate/pairwise_cos_hist_bin_00_epoch[0m  |          [0;32;40m0.0[0m           |
|     [0;34;40mvalidate/pairwise_cos_hist_bin_01[0m     |          [0;32;40m0.0[0m           |
|  [0;34;40mvalidate/pairwise_cos_hist_bin_01_epoch[0m  |          [0;32;40m0.0[0m           |
|     [0;34;40mvalidate/pairwise_cos_hist_bin_02[0m     |          [0;32;40m0.0[0m           |
|  [0;34;40mvalidate/pairwise_cos_hist_bin_02_epoch[0m  |          [0;32;40m0.0[0m           |
|     [0;34;40mvalidate/pairwise_cos_hist_bin_03[0m     |          [0;32;40m0.0[0m           |
|  [0;34;40mvalidate/pairwise_cos_hist_bin_03_epoch[0m  |          [0;32;40m0.0[0m           |
|     [0;34;40mvalidate/pairwise_cos_hist_bin_04[0m     |          [0;32;40m0.0[0m           |
|  [0;34;40mvalidate/pairwise_cos_hist_bin_04_epoch[0m  |          [0;32;40m0.0[0m           |
|     [0;34;40mvalidate/pairwise_cos_hist_bin_05[0m     |          [0;32;40m0.0[0m           |
|  [0;34;40mvalidate/pairwise_cos_hist_bin_05_epoch[0m  |          [0;32;40m0.0[0m           |
|     [0;34;40mvalidate/pairwise_cos_hist_bin_06[0m     |          [0;32;40m0.0[0m           |
|  [0;34;40mvalidate/pairwise_cos_hist_bin_06_epoch[0m  |          [0;32;40m0.0[0m           |
|     [0;34;40mvalidate/pairwise_cos_hist_bin_07[0m     |          [0;32;40m0.0[0m           |
|  [0;34;40mvalidate/pairwise_cos_hist_bin_07_epoch[0m  |          [0;32;40m0.0[0m           |
|     [0;34;40mvalidate/pairwise_cos_hist_bin_08[0m     |          [0;32;40m0.0[0m           |
|  [0;34;40mvalidate/pairwise_cos_hist_bin_08_epoch[0m  |          [0;32;40m0.0[0m           |
|     [0;34;40mvalidate/pairwise_cos_hist_bin_09[0m     | [0;32;40m1.8593411368783563e-05[0m |
|  [0;34;40mvalidate/pairwise_cos_hist_bin_09_epoch[0m  | [0;32;40m1.8593411368783563e-05[0m |
|     [0;34;40mvalidate/pairwise_cos_hist_bin_10[0m     |  [0;32;40m0.004073591437190771[0m  |
|  [0;34;40mvalidate/pairwise_cos_hist_bin_10_epoch[0m  |  [0;32;40m0.004073591437190771[0m  |
|     [0;34;40mvalidate/pairwise_cos_hist_bin_11[0m     |  [0;32;40m0.04819384589791298[0m   |
|  [0;34;40mvalidate/pairwise_cos_hist_bin_11_epoch[0m  |  [0;32;40m0.04819384589791298[0m   |
|     [0;34;40mvalidate/pairwise_cos_hist_bin_12[0m     |   [0;32;40m0.1551452875137329[0m   |
|  [0;34;40mvalidate/pairwise_cos_hist_bin_12_epoch[0m  |   [0;32;40m0.1551452875137329[0m   |
|     [0;34;40mvalidate/pairwise_cos_hist_bin_13[0m     |  [0;32;40m0.23428462445735931[0m   |
|  [0;34;40mvalidate/pairwise_cos_hist_bin_13_epoch[0m  |  [0;32;40m0.23428462445735931[0m   |
|     [0;34;40mvalidate/pairwise_cos_hist_bin_14[0m     |   [0;32;40m0.2221243530511856[0m   |
|  [0;34;40mvalidate/pairwise_cos_hist_bin_14_epoch[0m  |   [0;32;40m0.2221243530511856[0m   |
|     [0;34;40mvalidate/pairwise_cos_hist_bin_15[0m     |  [0;32;40m0.16266217827796936[0m   |
|  [0;34;40mvalidate/pairwise_cos_hist_bin_15_epoch[0m  |  [0;32;40m0.16266217827796936[0m   |
|     [0;34;40mvalidate/pairwise_cos_hist_bin_16[0m     |  [0;32;40m0.09008462727069855[0m   |
|  [0;34;40mvalidate/pairwise_cos_hist_bin_16_epoch[0m  |  [0;32;40m0.09008462727069855[0m   |
|     [0;34;40mvalidate/pairwise_cos_hist_bin_17[0m     |  [0;32;40m0.04182965308427811[0m   |
|  [0;34;40mvalidate/pairwise_cos_hist_bin_17_epoch[0m  |  [0;32;40m0.04182965308427811[0m   |
|     [0;34;40mvalidate/pairwise_cos_hist_bin_18[0m     |   [0;32;40m0.0231101643294096[0m   |
|  [0;34;40mvalidate/pairwise_cos_hist_bin_18_epoch[0m  |   [0;32;40m0.0231101643294096[0m   |
|     [0;34;40mvalidate/pairwise_cos_hist_bin_19[0m     |  [0;32;40m0.018473109230399132[0m  |
|  [0;34;40mvalidate/pairwise_cos_hist_bin_19_epoch[0m  |  [0;32;40m0.018473109230399132[0m  |
|         [0;34;40mvalidate/pairwise_cos_max[0m         |          [0;32;40m1.0[0m           |
|      [0;34;40mvalidate/pairwise_cos_max_epoch[0m      |          [0;32;40m1.0[0m           |
|         [0;34;40mvalidate/pairwise_cos_mean[0m        |   [0;32;40m0.4445450007915497[0m   |
|      [0;34;40mvalidate/pairwise_cos_mean_epoch[0m     |   [0;32;40m0.4445450007915497[0m   |
|         [0;34;40mvalidate/pairwise_cos_min[0m         | [0;32;40m-0.004185297526419163[0m  |
|      [0;34;40mvalidate/pairwise_cos_min_epoch[0m      | [0;32;40m-0.004185297526419163[0m  |
|         [0;34;40mvalidate/pairwise_cos_std[0m         |  [0;32;40m0.17350830137729645[0m   |
|      [0;34;40mvalidate/pairwise_cos_std_epoch[0m      |  [0;32;40m0.17350830137729645[0m   |
|          [0;34;40mvalidate/pred_latent_mse[0m         |  [0;32;40m0.28227099776268005[0m   |
|       [0;34;40mvalidate/pred_latent_mse_epoch[0m      |  [0;32;40m0.28227099776268005[0m   |
|             [0;34;40mvalidate/pred_loss[0m            |  [0;32;40m0.28227099776268005[0m   |
|          [0;34;40mvalidate/pred_loss_epoch[0m         |  [0;32;40m0.28227099776268005[0m   |
|    [0;34;40mvalidate/predictor_mode_is_residual[0m    |          [0;32;40m1.0[0m           |
| [0;34;40mvalidate/predictor_mode_is_residual_epoch[0m |          [0;32;40m1.0[0m           |
|            [0;34;40mvalidate/sigreg_loss[0m           |   [0;32;40m44.082984924316406[0m   |
|         [0;34;40mvalidate/sigreg_loss_epoch[0m        |   [0;32;40m44.082984924316406[0m   |
|         [0;34;40mvalidate/target_delta_norm[0m        |   [0;32;40m6.005928039550781[0m    |
|      [0;34;40mvalidate/target_delta_norm_epoch[0m     |   [0;32;40m6.005928039550781[0m    |
+-------------------------------------------+------------------------+
16:25:23 | INFO  | utils.py    | 📦📦📦 Model saved to /data1/Johnny/challenge/wrf/homework/outputs/stable-wm/checkpoints/lewm_residual_reacher_15/weights_epoch_3.pt 📦📦📦
[Epoch 2/15] done in 1889.1s
16:25:23 | INFO  | checkpoint_~|   Checking for non PyTorch modules to save
16:25:23 | INFO  | atomic_chec~| [atomic_save] → /data1/Johnny/challenge/wrf/homework/outputs/home/.cache/stable-pretraining/runs/20260715/145800/ee58f199d257/checkpoints/epoch=2-step=4797.ckpt
16:25:24 | INFO  | atomic_chec~| [atomic_save] ✓ epoch=2-step=4797.ckpt saved (206.8 MiB, serialise=0.36s write=0.19s rename=0.1ms)
16:25:24 | INFO  | checkpoint_~|   Checking for non PyTorch modules to save
16:25:24 | INFO  | atomic_chec~| [atomic_save] → /data1/Johnny/challenge/wrf/homework/outputs/home/.cache/stable-pretraining/runs/20260715/145800/ee58f199d257/checkpoints/last.ckpt
16:25:24 | INFO  | atomic_chec~| [atomic_save] ✓ last.ckpt saved (206.8 MiB, serialise=0.34s write=0.23s rename=20.6ms)
[Epoch 3/15] step 50/1599 (0.7 it/s)
[Epoch 3/15] step 50/1599 (0.7 it/s)
[Epoch 3/15] step 50/1599 (0.7 it/s)
[Epoch 3/15] step 50/1599 (0.7 it/s)
[Epoch 3/15] step 50/1599 (0.7 it/s)
[Epoch 3/15] step 50/1599 (0.7 it/s)
[Epoch 3/15] step 50/1599 (0.7 it/s)
[Epoch 3/15] step 50/1599 (0.7 it/s)
[Epoch 3/15] step 100/1599 (0.8 it/s)
[Epoch 3/15] step 100/1599 (0.8 it/s)
[Epoch 3/15] step 100/1599 (0.8 it/s)
[Epoch 3/15] step 100/1599 (0.8 it/s)
[Epoch 3/15] step 100/1599 (0.8 it/s)
[Epoch 3/15] step 100/1599 (0.8 it/s)
[Epoch 3/15] step 100/1599 (0.8 it/s)
[Epoch 3/15] step 100/1599 (0.8 it/s)
[Epoch 3/15] step 150/1599 (0.9 it/s)
[Epoch 3/15] step 150/1599 (0.9 it/s)
[Epoch 3/15] step 150/1599 (0.9 it/s)
[Epoch 3/15] step 150/1599 (0.9 it/s)
[Epoch 3/15] step 150/1599 (0.9 it/s)
[Epoch 3/15] step 150/1599 (0.9 it/s)
[Epoch 3/15] step 150/1599 (0.9 it/s)
[Epoch 3/15] step 150/1599 (0.9 it/s)
[Epoch 3/15] step 200/1599 (0.9 it/s)
[Epoch 3/15] step 200/1599 (0.9 it/s)
[Epoch 3/15] step 200/1599 (0.9 it/s)
[Epoch 3/15] step 200/1599 (0.9 it/s)
[Epoch 3/15] step 200/1599 (0.9 it/s)
[Epoch 3/15] step 200/1599 (0.9 it/s)
[Epoch 3/15] step 200/1599 (0.9 it/s)
[Epoch 3/15] step 200/1599 (0.9 it/s)
[Epoch 3/15] step 250/1599 (0.9 it/s)
[Epoch 3/15] step 250/1599 (0.9 it/s)
[Epoch 3/15] step 250/1599 (0.9 it/s)
[Epoch 3/15] step 250/1599 (0.9 it/s)
[Epoch 3/15] step 250/1599 (0.9 it/s)
[Epoch 3/15] step 250/1599 (0.9 it/s)
[Epoch 3/15] step 250/1599 (0.9 it/s)
[Epoch 3/15] step 250/1599 (0.9 it/s)
[Epoch 3/15] step 300/1599 (0.9 it/s)
[Epoch 3/15] step 300/1599 (0.9 it/s)
[Epoch 3/15] step 300/1599 (0.9 it/s)
[Epoch 3/15] step 300/1599 (0.9 it/s)
[Epoch 3/15] step 300/1599 (0.9 it/s)
[Epoch 3/15] step 300/1599 (0.9 it/s)
[Epoch 3/15] step 300/1599 (0.9 it/s)
[Epoch 3/15] step 300/1599 (0.9 it/s)
[Epoch 3/15] step 350/1599 (0.9 it/s)
[Epoch 3/15] step 350/1599 (0.9 it/s)
[Epoch 3/15] step 350/1599 (0.9 it/s)
[Epoch 3/15] step 350/1599 (0.9 it/s)
[Epoch 3/15] step 350/1599 (0.9 it/s)
[Epoch 3/15] step 350/1599 (0.9 it/s)
[Epoch 3/15] step 350/1599 (0.9 it/s)
[Epoch 3/15] step 350/1599 (0.9 it/s)
[Epoch 3/15] step 400/1599 (0.9 it/s)
[Epoch 3/15] step 400/1599 (0.9 it/s)
[Epoch 3/15] step 400/1599 (0.9 it/s)
[Epoch 3/15] step 400/1599 (0.9 it/s)
[Epoch 3/15] step 400/1599 (0.9 it/s)
[Epoch 3/15] step 400/1599 (0.9 it/s)
[Epoch 3/15] step 400/1599 (0.9 it/s)
[Epoch 3/15] step 400/1599 (0.9 it/s)
[Epoch 3/15] step 450/1599 (0.9 it/s)
[Epoch 3/15] step 450/1599 (0.9 it/s)
[Epoch 3/15] step 450/1599 (0.9 it/s)
[Epoch 3/15] step 450/1599 (0.9 it/s)
[Epoch 3/15] step 450/1599 (0.9 it/s)
[Epoch 3/15] step 450/1599 (0.9 it/s)
[Epoch 3/15] step 450/1599 (0.9 it/s)
[Epoch 3/15] step 450/1599 (0.9 it/s)
[Epoch 3/15] step 500/1599 (0.9 it/s)
[Epoch 3/15] step 500/1599 (0.9 it/s)
[Epoch 3/15] step 500/1599 (0.9 it/s)
[Epoch 3/15] step 500/1599 (0.9 it/s)
[Epoch 3/15] step 500/1599 (0.9 it/s)
[Epoch 3/15] step 500/1599 (0.9 it/s)
[Epoch 3/15] step 500/1599 (0.9 it/s)
[Epoch 3/15] step 500/1599 (0.9 it/s)
[Epoch 3/15] step 550/1599 (0.9 it/s)
[Epoch 3/15] step 550/1599 (0.9 it/s)
[Epoch 3/15] step 550/1599 (0.9 it/s)
[Epoch 3/15] step 550/1599 (0.9 it/s)
[Epoch 3/15] step 550/1599 (0.9 it/s)
[Epoch 3/15] step 550/1599 (0.9 it/s)
[Epoch 3/15] step 550/1599 (0.9 it/s)
[Epoch 3/15] step 550/1599 (0.9 it/s)
[Epoch 3/15] step 600/1599 (0.9 it/s)
[Epoch 3/15] step 600/1599 (0.9 it/s)
[Epoch 3/15] step 600/1599 (0.9 it/s)
[Epoch 3/15] step 600/1599 (0.9 it/s)
[Epoch 3/15] step 600/1599 (0.9 it/s)
[Epoch 3/15] step 600/1599 (0.9 it/s)
[Epoch 3/15] step 600/1599 (0.9 it/s)
[Epoch 3/15] step 600/1599 (0.9 it/s)
[Epoch 3/15] step 650/1599 (0.9 it/s)
[Epoch 3/15] step 650/1599 (0.9 it/s)
[Epoch 3/15] step 650/1599 (0.9 it/s)
[Epoch 3/15] step 650/1599 (0.9 it/s)
[Epoch 3/15] step 650/1599 (0.9 it/s)
[Epoch 3/15] step 650/1599 (0.9 it/s)
[Epoch 3/15] step 650/1599 (0.9 it/s)
[Epoch 3/15] step 650/1599 (0.9 it/s)
[Epoch 3/15] step 700/1599 (0.9 it/s)
[Epoch 3/15] step 700/1599 (0.9 it/s)
[Epoch 3/15] step 700/1599 (0.9 it/s)
[Epoch 3/15] step 700/1599 (0.9 it/s)
[Epoch 3/15] step 700/1599 (0.9 it/s)
[Epoch 3/15] step 700/1599 (0.9 it/s)
[Epoch 3/15] step 700/1599 (0.9 it/s)
[Epoch 3/15] step 700/1599 (0.9 it/s)
[Epoch 3/15] step 750/1599 (0.9 it/s)
[Epoch 3/15] step 750/1599 (0.9 it/s)
[Epoch 3/15] step 750/1599 (0.9 it/s)
[Epoch 3/15] step 750/1599 (0.9 it/s)
[Epoch 3/15] step 750/1599 (0.9 it/s)
[Epoch 3/15] step 750/1599 (0.9 it/s)
[Epoch 3/15] step 750/1599 (0.9 it/s)
[Epoch 3/15] step 750/1599 (0.9 it/s)
[Epoch 3/15] step 800/1599 (0.9 it/s)
[Epoch 3/15] step 800/1599 (0.9 it/s)
[Epoch 3/15] step 800/1599 (0.9 it/s)
[Epoch 3/15] step 800/1599 (0.9 it/s)
[Epoch 3/15] step 800/1599 (0.9 it/s)
[Epoch 3/15] step 800/1599 (0.9 it/s)
[Epoch 3/15] step 800/1599 (0.9 it/s)
[Epoch 3/15] step 800/1599 (0.9 it/s)
[Epoch 3/15] step 850/1599 (0.9 it/s)
[Epoch 3/15] step 850/1599 (0.9 it/s)
[Epoch 3/15] step 850/1599 (0.9 it/s)
[Epoch 3/15] step 850/1599 (0.9 it/s)
[Epoch 3/15] step 850/1599 (0.9 it/s)
[Epoch 3/15] step 850/1599 (0.9 it/s)
[Epoch 3/15] step 850/1599 (0.9 it/s)
[Epoch 3/15] step 850/1599 (0.9 it/s)
[Epoch 3/15] step 900/1599 (0.9 it/s)
[Epoch 3/15] step 900/1599 (0.9 it/s)
[Epoch 3/15] step 900/1599 (0.9 it/s)
[Epoch 3/15] step 900/1599 (0.9 it/s)
[Epoch 3/15] step 900/1599 (0.9 it/s)
[Epoch 3/15] step 900/1599 (0.9 it/s)
[Epoch 3/15] step 900/1599 (0.9 it/s)
[Epoch 3/15] step 900/1599 (0.9 it/s)
[Epoch 3/15] step 950/1599 (0.9 it/s)
[Epoch 3/15] step 950/1599 (0.9 it/s)
[Epoch 3/15] step 950/1599 (0.9 it/s)
[Epoch 3/15] step 950/1599 (0.9 it/s)
[Epoch 3/15] step 950/1599 (0.9 it/s)
[Epoch 3/15] step 950/1599 (0.9 it/s)
[Epoch 3/15] step 950/1599 (0.9 it/s)
[Epoch 3/15] step 950/1599 (0.9 it/s)
[Epoch 3/15] step 1000/1599 (0.9 it/s)
[Epoch 3/15] step 1000/1599 (0.9 it/s)
[Epoch 3/15] step 1000/1599 (0.9 it/s)
[Epoch 3/15] step 1000/1599 (0.9 it/s)
[Epoch 3/15] step 1000/1599 (0.9 it/s)
[Epoch 3/15] step 1000/1599 (0.9 it/s)
[Epoch 3/15] step 1000/1599 (0.9 it/s)
[Epoch 3/15] step 1000/1599 (0.9 it/s)
[Epoch 3/15] step 1050/1599 (0.9 it/s)
[Epoch 3/15] step 1050/1599 (0.9 it/s)
[Epoch 3/15] step 1050/1599 (0.9 it/s)
[Epoch 3/15] step 1050/1599 (0.9 it/s)
[Epoch 3/15] step 1050/1599 (0.9 it/s)
[Epoch 3/15] step 1050/1599 (0.9 it/s)
[Epoch 3/15] step 1050/1599 (0.9 it/s)
[Epoch 3/15] step 1050/1599 (0.9 it/s)
[Epoch 3/15] step 1100/1599 (0.9 it/s)
[Epoch 3/15] step 1100/1599 (0.9 it/s)
[Epoch 3/15] step 1100/1599 (0.9 it/s)
[Epoch 3/15] step 1100/1599 (0.9 it/s)
[Epoch 3/15] step 1100/1599 (0.9 it/s)
[Epoch 3/15] step 1100/1599 (0.9 it/s)
[Epoch 3/15] step 1100/1599 (0.9 it/s)
[Epoch 3/15] step 1100/1599 (0.9 it/s)
[Epoch 3/15] step 1150/1599 (0.9 it/s)
[Epoch 3/15] step 1150/1599 (0.9 it/s)
[Epoch 3/15] step 1150/1599 (0.9 it/s)
[Epoch 3/15] step 1150/1599 (0.9 it/s)
[Epoch 3/15] step 1150/1599 (0.9 it/s)
[Epoch 3/15] step 1150/1599 (0.9 it/s)
[Epoch 3/15] step 1150/1599 (0.9 it/s)
[Epoch 3/15] step 1150/1599 (0.9 it/s)
[Epoch 3/15] step 1200/1599 (0.9 it/s)
[Epoch 3/15] step 1200/1599 (0.9 it/s)
[Epoch 3/15] step 1200/1599 (0.9 it/s)
[Epoch 3/15] step 1200/1599 (0.9 it/s)
[Epoch 3/15] step 1200/1599 (0.9 it/s)
[Epoch 3/15] step 1200/1599 (0.9 it/s)
[Epoch 3/15] step 1200/1599 (0.9 it/s)
[Epoch 3/15] step 1200/1599 (0.9 it/s)
[Epoch 3/15] step 1250/1599 (0.9 it/s)
[Epoch 3/15] step 1250/1599 (0.9 it/s)
[Epoch 3/15] step 1250/1599 (0.9 it/s)
[Epoch 3/15] step 1250/1599 (0.9 it/s)
[Epoch 3/15] step 1250/1599 (0.9 it/s)
[Epoch 3/15] step 1250/1599 (0.9 it/s)
[Epoch 3/15] step 1250/1599 (0.9 it/s)
[Epoch 3/15] step 1250/1599 (0.9 it/s)
[Epoch 3/15] step 1300/1599 (0.9 it/s)
[Epoch 3/15] step 1300/1599 (0.9 it/s)
[Epoch 3/15] step 1300/1599 (0.9 it/s)
[Epoch 3/15] step 1300/1599 (0.9 it/s)
[Epoch 3/15] step 1300/1599 (0.9 it/s)
[Epoch 3/15] step 1300/1599 (0.9 it/s)
[Epoch 3/15] step 1300/1599 (0.9 it/s)
[Epoch 3/15] step 1300/1599 (0.9 it/s)
[Epoch 3/15] step 1350/1599 (0.9 it/s)
[Epoch 3/15] step 1350/1599 (0.9 it/s)
[Epoch 3/15] step 1350/1599 (0.9 it/s)
[Epoch 3/15] step 1350/1599 (0.9 it/s)
[Epoch 3/15] step 1350/1599 (0.9 it/s)
[Epoch 3/15] step 1350/1599 (0.9 it/s)
[Epoch 3/15] step 1350/1599 (0.9 it/s)
[Epoch 3/15] step 1350/1599 (0.9 it/s)
[Epoch 3/15] step 1400/1599 (0.9 it/s)
[Epoch 3/15] step 1400/1599 (0.9 it/s)
[Epoch 3/15] step 1400/1599 (0.9 it/s)
[Epoch 3/15] step 1400/1599 (0.9 it/s)
[Epoch 3/15] step 1400/1599 (0.9 it/s)
[Epoch 3/15] step 1400/1599 (0.9 it/s)
[Epoch 3/15] step 1400/1599 (0.9 it/s)
[Epoch 3/15] step 1400/1599 (0.9 it/s)
[Epoch 3/15] step 1450/1599 (0.9 it/s)
[Epoch 3/15] step 1450/1599 (0.9 it/s)
[Epoch 3/15] step 1450/1599 (0.9 it/s)
[Epoch 3/15] step 1450/1599 (0.9 it/s)
[Epoch 3/15] step 1450/1599 (0.9 it/s)
[Epoch 3/15] step 1450/1599 (0.9 it/s)
[Epoch 3/15] step 1450/1599 (0.9 it/s)
[Epoch 3/15] step 1450/1599 (0.9 it/s)
[Epoch 3/15] step 1500/1599 (0.9 it/s)
[Epoch 3/15] step 1500/1599 (0.9 it/s)
[Epoch 3/15] step 1500/1599 (0.9 it/s)
[Epoch 3/15] step 1500/1599 (0.9 it/s)
[Epoch 3/15] step 1500/1599 (0.9 it/s)
[Epoch 3/15] step 1500/1599 (0.9 it/s)
[Epoch 3/15] step 1500/1599 (0.9 it/s)
[Epoch 3/15] step 1500/1599 (0.9 it/s)
[Epoch 3/15] step 1550/1599 (1.0 it/s)
[Epoch 3/15] step 1550/1599 (1.0 it/s)
[Epoch 3/15] step 1550/1599 (1.0 it/s)
[Epoch 3/15] step 1550/1599 (1.0 it/s)
[Epoch 3/15] step 1550/1599 (1.0 it/s)
[Epoch 3/15] step 1550/1599 (1.0 it/s)
[Epoch 3/15] step 1550/1599 (1.0 it/s)
[Epoch 3/15] step 1550/1599 (1.0 it/s)
[Epoch 3/15] done in 1865.3s
[Epoch 3/15] done in 1865.3s
[Epoch 3/15] done in 1865.3s
[Epoch 3/15] done in 1865.3s
[Epoch 3/15] done in 1865.3s
[Epoch 3/15] done in 1865.3s
[Epoch 3/15] done in 1865.3s
16:56:30 | INFO  | trainer_inf~| \n+-------------------------------------------+------------------------+
|                   Metric                  |         Value          |
+-------------------------------------------+------------------------+
|            [0;34;40mfit/active_dim_count[0m           |         [0;32;40m192.0[0m          |
|               [0;34;40mfit/delta_cos[0m               |   [0;32;40m0.8882602453231812[0m   |
|               [0;34;40mfit/delta_norm[0m              |   [0;32;40m6.5155839920043945[0m   |
|              [0;34;40mfit/latent_mean[0m              | [0;32;40m-0.0008526001474820077[0m |
|              [0;34;40mfit/latent_norm[0m              |   [0;32;40m13.504593849182129[0m   |
|               [0;34;40mfit/latent_std[0m              |   [0;32;40m0.9787846803665161[0m   |
|            [0;34;40mfit/learning_rate_0[0m            | [0;32;40m4.2154526454396546e-05[0m |
|                  [0;34;40mfit/loss[0m                 |  [0;32;40m0.19443701207637787[0m   |
|            [0;34;40mfit/loss_future_cos[0m            |  [0;32;40m0.019007563591003418[0m  |
|             [0;34;40mfit/loss_future_l1[0m            |    [0;32;40m0.12933349609375[0m    |
|                [0;34;40mfit/loss_mse[0m               |  [0;32;40m0.03586769104003906[0m   |
|          [0;34;40mfit/loss_mse_horizon_01[0m          |  [0;32;40m0.07730019092559814[0m   |
|          [0;34;40mfit/loss_mse_horizon_02[0m          |  [0;32;40m0.015283907763659954[0m  |
|          [0;34;40mfit/loss_mse_horizon_03[0m          |  [0;32;40m0.015018971636891365[0m  |
|               [0;34;40mfit/loss_total[0m              |  [0;32;40m0.19443701207637787[0m   |
|        [0;34;40mfit/pairwise_cos_hist_bin_00[0m       |          [0;32;40m0.0[0m           |
|        [0;34;40mfit/pairwise_cos_hist_bin_01[0m       |          [0;32;40m0.0[0m           |
|        [0;34;40mfit/pairwise_cos_hist_bin_02[0m       |          [0;32;40m0.0[0m           |
|        [0;34;40mfit/pairwise_cos_hist_bin_03[0m       |          [0;32;40m0.0[0m           |
|        [0;34;40mfit/pairwise_cos_hist_bin_04[0m       |          [0;32;40m0.0[0m           |
|        [0;34;40mfit/pairwise_cos_hist_bin_05[0m       | [0;32;40m2.5799596187425777e-05[0m |
|        [0;34;40mfit/pairwise_cos_hist_bin_06[0m       | [0;32;40m0.0024366285651922226[0m  |
|        [0;34;40mfit/pairwise_cos_hist_bin_07[0m       |  [0;32;40m0.031020669266581535[0m  |
|        [0;34;40mfit/pairwise_cos_hist_bin_08[0m       |  [0;32;40m0.20192959904670715[0m   |
|        [0;34;40mfit/pairwise_cos_hist_bin_09[0m       |   [0;32;40m0.405239999294281[0m    |
|        [0;34;40mfit/pairwise_cos_hist_bin_10[0m       |   [0;32;40m0.2223944365978241[0m   |
|        [0;34;40mfit/pairwise_cos_hist_bin_11[0m       |  [0;32;40m0.06451141089200974[0m   |
|        [0;34;40mfit/pairwise_cos_hist_bin_12[0m       |  [0;32;40m0.02137639932334423[0m   |
|        [0;34;40mfit/pairwise_cos_hist_bin_13[0m       |  [0;32;40m0.010634210892021656[0m  |
|        [0;34;40mfit/pairwise_cos_hist_bin_14[0m       |  [0;32;40m0.00825013779103756[0m   |
|        [0;34;40mfit/pairwise_cos_hist_bin_15[0m       | [0;32;40m0.0071197329089045525[0m  |
|        [0;34;40mfit/pairwise_cos_hist_bin_16[0m       |  [0;32;40m0.006513920612633228[0m  |
|        [0;34;40mfit/pairwise_cos_hist_bin_17[0m       |  [0;32;40m0.005910018924623728[0m  |
|        [0;34;40mfit/pairwise_cos_hist_bin_18[0m       |  [0;32;40m0.006266435608267784[0m  |
|        [0;34;40mfit/pairwise_cos_hist_bin_19[0m       | [0;32;40m0.0063705891370773315[0m  |
|            [0;34;40mfit/pairwise_cos_max[0m           |          [0;32;40m1.0[0m           |
|           [0;34;40mfit/pairwise_cos_mean[0m           | [0;32;40m-0.0015630722045898438[0m |
|            [0;34;40mfit/pairwise_cos_min[0m           |     [0;32;40m-0.4072265625[0m      |
|            [0;34;40mfit/pairwise_cos_std[0m           |    [0;32;40m0.1783447265625[0m     |
|            [0;34;40mfit/pred_latent_mse[0m            |  [0;32;40m0.03586769104003906[0m   |
|               [0;34;40mfit/pred_loss[0m               |  [0;32;40m0.03586769104003906[0m   |
|       [0;34;40mfit/predictor_mode_is_residual[0m      |          [0;32;40m1.0[0m           |
|            [0;34;40mfit/samples_per_sec[0m            |   [0;32;40m1524.7965087890625[0m   |
|              [0;34;40mfit/sigreg_loss[0m              |      [0;32;40m1.7626953125[0m      |
|           [0;34;40mfit/target_delta_norm[0m           |   [0;32;40m6.850652694702148[0m    |
|            [0;34;40mhardware/cpu_percent[0m           |   [0;32;40m40.900001525878906[0m   |
|          [0;34;40mhardware/disk_read_mb_s[0m          |          [0;32;40m0.0[0m           |
|          [0;34;40mhardware/disk_write_mb_s[0m         |   [0;32;40m0.1440618634223938[0m   |
|           [0;34;40mhardware/net_recv_mb_s[0m          | [0;32;40m0.0024284436367452145[0m  |
|           [0;34;40mhardware/net_sent_mb_s[0m          | [0;32;40m0.0027773932088166475[0m  |
|            [0;34;40mhardware/ram_used_gb[0m           |   [0;32;40m513.8994750976562[0m    |
|           [0;34;40mhardware/ram_used_pct[0m           |          [0;32;40m27.5[0m          |
|            [0;34;40mhparams/lr_default_0[0m           | [0;32;40m4.2154526454396546e-05[0m |
|         [0;34;40mvalidate/active_dim_count[0m         |         [0;32;40m192.0[0m          |
|      [0;34;40mvalidate/active_dim_count_epoch[0m      |         [0;32;40m192.0[0m          |
|             [0;34;40mvalidate/delta_cos[0m            |   [0;32;40m0.364443838596344[0m    |
|          [0;34;40mvalidate/delta_cos_epoch[0m         |   [0;32;40m0.364443838596344[0m    |
|            [0;34;40mvalidate/delta_norm[0m            |   [0;32;40m7.788204193115234[0m    |
|         [0;34;40mvalidate/delta_norm_epoch[0m         |   [0;32;40m7.788204193115234[0m    |
|            [0;34;40mvalidate/latent_mean[0m           |  [0;32;40m0.07025142014026642[0m   |
|         [0;34;40mvalidate/latent_mean_epoch[0m        |  [0;32;40m0.07025142014026642[0m   |
|            [0;34;40mvalidate/latent_norm[0m           |   [0;32;40m19.20224952697754[0m    |
|         [0;34;40mvalidate/latent_norm_epoch[0m        |   [0;32;40m19.20224952697754[0m    |
|            [0;34;40mvalidate/latent_std[0m            |   [0;32;40m1.3932822942733765[0m   |
|         [0;34;40mvalidate/latent_std_epoch[0m         |   [0;32;40m1.3932822942733765[0m   |
|               [0;34;40mvalidate/loss[0m               |   [0;32;40m6.375706195831299[0m    |
|            [0;34;40mvalidate/loss_epoch[0m            |   [0;32;40m6.375706195831299[0m    |
|          [0;34;40mvalidate/loss_future_cos[0m         |  [0;32;40m0.06689804792404175[0m   |
|       [0;34;40mvalidate/loss_future_cos_epoch[0m      |  [0;32;40m0.06689804792404175[0m   |
|          [0;34;40mvalidate/loss_future_l1[0m          |   [0;32;40m0.4336923062801361[0m   |
|       [0;34;40mvalidate/loss_future_l1_epoch[0m       |   [0;32;40m0.4336923062801361[0m   |
|             [0;34;40mvalidate/loss_mse[0m             |   [0;32;40m0.3087339401245117[0m   |
|          [0;34;40mvalidate/loss_mse_epoch[0m          |   [0;32;40m0.3087339401245117[0m   |
|        [0;34;40mvalidate/loss_mse_horizon_01[0m       |   [0;32;40m0.3091944456100464[0m   |
|     [0;34;40mvalidate/loss_mse_horizon_01_epoch[0m    |   [0;32;40m0.3091944456100464[0m   |
|        [0;34;40mvalidate/loss_mse_horizon_02[0m       |  [0;32;40m0.30955103039741516[0m   |
|     [0;34;40mvalidate/loss_mse_horizon_02_epoch[0m    |  [0;32;40m0.30955103039741516[0m   |
|        [0;34;40mvalidate/loss_mse_horizon_03[0m       |  [0;32;40m0.30745643377304077[0m   |
|     [0;34;40mvalidate/loss_mse_horizon_03_epoch[0m    |  [0;32;40m0.30745643377304077[0m   |
|            [0;34;40mvalidate/loss_total[0m            |   [0;32;40m6.375706195831299[0m    |
|         [0;34;40mvalidate/loss_total_epoch[0m         |   [0;32;40m6.375706195831299[0m    |
|     [0;34;40mvalidate/pairwise_cos_hist_bin_00[0m     |          [0;32;40m0.0[0m           |
|  [0;34;40mvalidate/pairwise_cos_hist_bin_00_epoch[0m  |          [0;32;40m0.0[0m           |
|     [0;34;40mvalidate/pairwise_cos_hist_bin_01[0m     |          [0;32;40m0.0[0m           |
|  [0;34;40mvalidate/pairwise_cos_hist_bin_01_epoch[0m  |          [0;32;40m0.0[0m           |
|     [0;34;40mvalidate/pairwise_cos_hist_bin_02[0m     |          [0;32;40m0.0[0m           |
|  [0;34;40mvalidate/pairwise_cos_hist_bin_02_epoch[0m  |          [0;32;40m0.0[0m           |
|     [0;34;40mvalidate/pairwise_cos_hist_bin_03[0m     |          [0;32;40m0.0[0m           |
|  [0;34;40mvalidate/pairwise_cos_hist_bin_03_epoch[0m  |          [0;32;40m0.0[0m           |
|     [0;34;40mvalidate/pairwise_cos_hist_bin_04[0m     |          [0;32;40m0.0[0m           |
|  [0;34;40mvalidate/pairwise_cos_hist_bin_04_epoch[0m  |          [0;32;40m0.0[0m           |
|     [0;34;40mvalidate/pairwise_cos_hist_bin_05[0m     |          [0;32;40m0.0[0m           |
|  [0;34;40mvalidate/pairwise_cos_hist_bin_05_epoch[0m  |          [0;32;40m0.0[0m           |
|     [0;34;40mvalidate/pairwise_cos_hist_bin_06[0m     |          [0;32;40m0.0[0m           |
|  [0;34;40mvalidate/pairwise_cos_hist_bin_06_epoch[0m  |          [0;32;40m0.0[0m           |
|     [0;34;40mvalidate/pairwise_cos_hist_bin_07[0m     |          [0;32;40m0.0[0m           |
|  [0;34;40mvalidate/pairwise_cos_hist_bin_07_epoch[0m  |          [0;32;40m0.0[0m           |
|     [0;34;40mvalidate/pairwise_cos_hist_bin_08[0m     |          [0;32;40m0.0[0m           |
|  [0;34;40mvalidate/pairwise_cos_hist_bin_08_epoch[0m  |          [0;32;40m0.0[0m           |
|     [0;34;40mvalidate/pairwise_cos_hist_bin_09[0m     |          [0;32;40m0.0[0m           |
|  [0;34;40mvalidate/pairwise_cos_hist_bin_09_epoch[0m  |          [0;32;40m0.0[0m           |
|     [0;34;40mvalidate/pairwise_cos_hist_bin_10[0m     |          [0;32;40m0.0[0m           |
|  [0;34;40mvalidate/pairwise_cos_hist_bin_10_epoch[0m  |          [0;32;40m0.0[0m           |
|     [0;34;40mvalidate/pairwise_cos_hist_bin_11[0m     | [0;32;40m3.2257371884725217e-08[0m |
|  [0;34;40mvalidate/pairwise_cos_hist_bin_11_epoch[0m  | [0;32;40m3.2257371884725217e-08[0m |
|     [0;34;40mvalidate/pairwise_cos_hist_bin_12[0m     | [0;32;40m0.0005047264276072383[0m  |
|  [0;34;40mvalidate/pairwise_cos_hist_bin_12_epoch[0m  | [0;32;40m0.0005047264276072383[0m  |
|     [0;34;40mvalidate/pairwise_cos_hist_bin_13[0m     |  [0;32;40m0.015877878293395042[0m  |
|  [0;34;40mvalidate/pairwise_cos_hist_bin_13_epoch[0m  |  [0;32;40m0.015877878293395042[0m  |
|     [0;34;40mvalidate/pairwise_cos_hist_bin_14[0m     |  [0;32;40m0.11468809843063354[0m   |
|  [0;34;40mvalidate/pairwise_cos_hist_bin_14_epoch[0m  |  [0;32;40m0.11468809843063354[0m   |
|     [0;34;40mvalidate/pairwise_cos_hist_bin_15[0m     |  [0;32;40m0.31607991456985474[0m   |
|  [0;34;40mvalidate/pairwise_cos_hist_bin_15_epoch[0m  |  [0;32;40m0.31607991456985474[0m   |
|     [0;34;40mvalidate/pairwise_cos_hist_bin_16[0m     |   [0;32;40m0.3463737964630127[0m   |
|  [0;34;40mvalidate/pairwise_cos_hist_bin_16_epoch[0m  |   [0;32;40m0.3463737964630127[0m   |
|     [0;34;40mvalidate/pairwise_cos_hist_bin_17[0m     |  [0;32;40m0.14259198307991028[0m   |
|  [0;34;40mvalidate/pairwise_cos_hist_bin_17_epoch[0m  |  [0;32;40m0.14259198307991028[0m   |
|     [0;34;40mvalidate/pairwise_cos_hist_bin_18[0m     |  [0;32;40m0.04128796607255936[0m   |
|  [0;34;40mvalidate/pairwise_cos_hist_bin_18_epoch[0m  |  [0;32;40m0.04128796607255936[0m   |
|     [0;34;40mvalidate/pairwise_cos_hist_bin_19[0m     |  [0;32;40m0.022595643997192383[0m  |
|  [0;34;40mvalidate/pairwise_cos_hist_bin_19_epoch[0m  |  [0;32;40m0.022595643997192383[0m  |
|         [0;34;40mvalidate/pairwise_cos_max[0m         |          [0;32;40m1.0[0m           |
|      [0;34;40mvalidate/pairwise_cos_max_epoch[0m      |          [0;32;40m1.0[0m           |
|         [0;34;40mvalidate/pairwise_cos_mean[0m        |   [0;32;40m0.6197842359542847[0m   |
|      [0;34;40mvalidate/pairwise_cos_mean_epoch[0m     |   [0;32;40m0.6197842359542847[0m   |
|         [0;34;40mvalidate/pairwise_cos_min[0m         |   [0;32;40m0.2497044950723648[0m   |
|      [0;34;40mvalidate/pairwise_cos_min_epoch[0m      |   [0;32;40m0.2497044950723648[0m   |
|         [0;34;40mvalidate/pairwise_cos_std[0m         |  [0;32;40m0.11340952664613724[0m   |
|      [0;34;40mvalidate/pairwise_cos_std_epoch[0m      |  [0;32;40m0.11340952664613724[0m   |
|          [0;34;40mvalidate/pred_latent_mse[0m         |   [0;32;40m0.3087339401245117[0m   |
|       [0;34;40mvalidate/pred_latent_mse_epoch[0m      |   [0;32;40m0.3087339401245117[0m   |
|             [0;34;40mvalidate/pred_loss[0m            |   [0;32;40m0.3087339401245117[0m   |
|          [0;34;40mvalidate/pred_loss_epoch[0m         |   [0;32;40m0.3087339401245117[0m   |
|    [0;34;40mvalidate/predictor_mode_is_residual[0m    |          [0;32;40m1.0[0m           |
| [0;34;40mvalidate/predictor_mode_is_residual_epoch[0m |          [0;32;40m1.0[0m           |
|            [0;34;40mvalidate/sigreg_loss[0m           |   [0;32;40m67.40371704101562[0m    |
|         [0;34;40mvalidate/sigreg_loss_epoch[0m        |   [0;32;40m67.40371704101562[0m    |
|         [0;34;40mvalidate/target_delta_norm[0m        |   [0;32;40m5.520377159118652[0m    |
|      [0;34;40mvalidate/target_delta_norm_epoch[0m     |   [0;32;40m5.520377159118652[0m    |
+-------------------------------------------+------------------------+
16:56:30 | INFO  | utils.py    | 📦📦📦 Model saved to /data1/Johnny/challenge/wrf/homework/outputs/stable-wm/checkpoints/lewm_residual_reacher_15/weights_epoch_4.pt 📦📦📦
[Epoch 3/15] done in 1865.4s
16:56:30 | INFO  | checkpoint_~|   Checking for non PyTorch modules to save
16:56:30 | INFO  | atomic_chec~| [atomic_save] → /data1/Johnny/challenge/wrf/homework/outputs/home/.cache/stable-pretraining/runs/20260715/145800/ee58f199d257/checkpoints/epoch=3-step=6396.ckpt
16:56:30 | INFO  | atomic_chec~| [atomic_save] ✓ epoch=3-step=6396.ckpt saved (206.8 MiB, serialise=0.31s write=0.19s rename=0.0ms)
16:56:30 | INFO  | checkpoint_~|   Checking for non PyTorch modules to save
16:56:30 | INFO  | atomic_chec~| [atomic_save] → /data1/Johnny/challenge/wrf/homework/outputs/home/.cache/stable-pretraining/runs/20260715/145800/ee58f199d257/checkpoints/last.ckpt
16:56:31 | INFO  | atomic_chec~| [atomic_save] ✓ last.ckpt saved (206.8 MiB, serialise=0.32s write=0.22s rename=23.4ms)
[Epoch 4/15] step 50/1599 (0.8 it/s)
[Epoch 4/15] step 50/1599 (0.8 it/s)
[Epoch 4/15] step 50/1599 (0.8 it/s)
[Epoch 4/15] step 50/1599 (0.8 it/s)
[Epoch 4/15] step 50/1599 (0.8 it/s)
[Epoch 4/15] step 50/1599 (0.8 it/s)
[Epoch 4/15] step 50/1599 (0.8 it/s)
[Epoch 4/15] step 50/1599 (0.8 it/s)
[Epoch 4/15] step 100/1599 (0.9 it/s)
[Epoch 4/15] step 100/1599 (0.9 it/s)
[Epoch 4/15] step 100/1599 (0.9 it/s)
[Epoch 4/15] step 100/1599 (0.9 it/s)
[Epoch 4/15] step 100/1599 (0.9 it/s)
[Epoch 4/15] step 100/1599 (0.9 it/s)
[Epoch 4/15] step 100/1599 (0.9 it/s)
[Epoch 4/15] step 100/1599 (0.9 it/s)
[Epoch 4/15] step 150/1599 (0.9 it/s)
[Epoch 4/15] step 150/1599 (0.9 it/s)
[Epoch 4/15] step 150/1599 (0.9 it/s)
[Epoch 4/15] step 150/1599 (0.9 it/s)
[Epoch 4/15] step 150/1599 (0.9 it/s)
[Epoch 4/15] step 150/1599 (0.9 it/s)
[Epoch 4/15] step 150/1599 (0.9 it/s)
[Epoch 4/15] step 150/1599 (0.9 it/s)
[Epoch 4/15] step 200/1599 (0.9 it/s)
[Epoch 4/15] step 200/1599 (0.9 it/s)
[Epoch 4/15] step 200/1599 (0.9 it/s)
[Epoch 4/15] step 200/1599 (0.9 it/s)
[Epoch 4/15] step 200/1599 (0.9 it/s)
[Epoch 4/15] step 200/1599 (0.9 it/s)
[Epoch 4/15] step 200/1599 (0.9 it/s)
[Epoch 4/15] step 200/1599 (0.9 it/s)
[Epoch 4/15] step 250/1599 (0.9 it/s)
[Epoch 4/15] step 250/1599 (0.9 it/s)
[Epoch 4/15] step 250/1599 (0.9 it/s)
[Epoch 4/15] step 250/1599 (0.9 it/s)
[Epoch 4/15] step 250/1599 (0.9 it/s)
[Epoch 4/15] step 250/1599 (0.9 it/s)
[Epoch 4/15] step 250/1599 (0.9 it/s)
[Epoch 4/15] step 250/1599 (0.9 it/s)
[Epoch 4/15] step 300/1599 (0.9 it/s)
[Epoch 4/15] step 300/1599 (0.9 it/s)
[Epoch 4/15] step 300/1599 (0.9 it/s)
[Epoch 4/15] step 300/1599 (0.9 it/s)
[Epoch 4/15] step 300/1599 (0.9 it/s)
[Epoch 4/15] step 300/1599 (0.9 it/s)
[Epoch 4/15] step 300/1599 (0.9 it/s)
[Epoch 4/15] step 300/1599 (0.9 it/s)
[Epoch 4/15] step 350/1599 (0.9 it/s)
[Epoch 4/15] step 350/1599 (0.9 it/s)
[Epoch 4/15] step 350/1599 (0.9 it/s)
[Epoch 4/15] step 350/1599 (0.9 it/s)
[Epoch 4/15] step 350/1599 (0.9 it/s)
[Epoch 4/15] step 350/1599 (0.9 it/s)
[Epoch 4/15] step 350/1599 (0.9 it/s)
[Epoch 4/15] step 350/1599 (0.9 it/s)
[Epoch 4/15] step 400/1599 (0.9 it/s)
[Epoch 4/15] step 400/1599 (0.9 it/s)
[Epoch 4/15] step 400/1599 (0.9 it/s)
[Epoch 4/15] step 400/1599 (0.9 it/s)
[Epoch 4/15] step 400/1599 (0.9 it/s)
[Epoch 4/15] step 400/1599 (0.9 it/s)
[Epoch 4/15] step 400/1599 (0.9 it/s)
[Epoch 4/15] step 400/1599 (0.9 it/s)
[Epoch 4/15] step 450/1599 (0.9 it/s)
[Epoch 4/15] step 450/1599 (0.9 it/s)
[Epoch 4/15] step 450/1599 (0.9 it/s)
[Epoch 4/15] step 450/1599 (0.9 it/s)
[Epoch 4/15] step 450/1599 (0.9 it/s)
[Epoch 4/15] step 450/1599 (0.9 it/s)
[Epoch 4/15] step 450/1599 (0.9 it/s)
[Epoch 4/15] step 450/1599 (0.9 it/s)
[Epoch 4/15] step 500/1599 (0.9 it/s)
[Epoch 4/15] step 500/1599 (0.9 it/s)
[Epoch 4/15] step 500/1599 (0.9 it/s)
[Epoch 4/15] step 500/1599 (0.9 it/s)
[Epoch 4/15] step 500/1599 (0.9 it/s)
[Epoch 4/15] step 500/1599 (0.9 it/s)
[Epoch 4/15] step 500/1599 (0.9 it/s)
[Epoch 4/15] step 500/1599 (0.9 it/s)
[Epoch 4/15] step 550/1599 (0.9 it/s)
[Epoch 4/15] step 550/1599 (0.9 it/s)
[Epoch 4/15] step 550/1599 (0.9 it/s)
[Epoch 4/15] step 550/1599 (0.9 it/s)
[Epoch 4/15] step 550/1599 (0.9 it/s)
[Epoch 4/15] step 550/1599 (0.9 it/s)
[Epoch 4/15] step 550/1599 (0.9 it/s)
[Epoch 4/15] step 550/1599 (0.9 it/s)
[Epoch 4/15] step 600/1599 (0.9 it/s)
[Epoch 4/15] step 600/1599 (0.9 it/s)
[Epoch 4/15] step 600/1599 (0.9 it/s)
[Epoch 4/15] step 600/1599 (0.9 it/s)
[Epoch 4/15] step 600/1599 (0.9 it/s)
[Epoch 4/15] step 600/1599 (0.9 it/s)
[Epoch 4/15] step 600/1599 (0.9 it/s)
[Epoch 4/15] step 600/1599 (0.9 it/s)
[Epoch 4/15] step 650/1599 (0.9 it/s)
[Epoch 4/15] step 650/1599 (0.9 it/s)
[Epoch 4/15] step 650/1599 (0.9 it/s)
[Epoch 4/15] step 650/1599 (0.9 it/s)
[Epoch 4/15] step 650/1599 (0.9 it/s)
[Epoch 4/15] step 650/1599 (0.9 it/s)
[Epoch 4/15] step 650/1599 (0.9 it/s)
[Epoch 4/15] step 650/1599 (0.9 it/s)
[Epoch 4/15] step 700/1599 (0.9 it/s)
[Epoch 4/15] step 700/1599 (0.9 it/s)
[Epoch 4/15] step 700/1599 (0.9 it/s)
[Epoch 4/15] step 700/1599 (0.9 it/s)
[Epoch 4/15] step 700/1599 (0.9 it/s)
[Epoch 4/15] step 700/1599 (0.9 it/s)
[Epoch 4/15] step 700/1599 (0.9 it/s)
[Epoch 4/15] step 700/1599 (0.9 it/s)
[Epoch 4/15] step 750/1599 (0.9 it/s)
[Epoch 4/15] step 750/1599 (0.9 it/s)
[Epoch 4/15] step 750/1599 (0.9 it/s)
[Epoch 4/15] step 750/1599 (0.9 it/s)
[Epoch 4/15] step 750/1599 (0.9 it/s)
[Epoch 4/15] step 750/1599 (0.9 it/s)
[Epoch 4/15] step 750/1599 (0.9 it/s)
[Epoch 4/15] step 750/1599 (0.9 it/s)
[Epoch 4/15] step 800/1599 (0.9 it/s)
[Epoch 4/15] step 800/1599 (0.9 it/s)
[Epoch 4/15] step 800/1599 (0.9 it/s)
[Epoch 4/15] step 800/1599 (0.9 it/s)
[Epoch 4/15] step 800/1599 (0.9 it/s)
[Epoch 4/15] step 800/1599 (0.9 it/s)
[Epoch 4/15] step 800/1599 (0.9 it/s)
[Epoch 4/15] step 800/1599 (0.9 it/s)
[Epoch 4/15] step 850/1599 (0.9 it/s)
[Epoch 4/15] step 850/1599 (0.9 it/s)
[Epoch 4/15] step 850/1599 (0.9 it/s)
[Epoch 4/15] step 850/1599 (0.9 it/s)
[Epoch 4/15] step 850/1599 (0.9 it/s)
[Epoch 4/15] step 850/1599 (0.9 it/s)
[Epoch 4/15] step 850/1599 (0.9 it/s)
[Epoch 4/15] step 850/1599 (0.9 it/s)
[Epoch 4/15] step 900/1599 (0.9 it/s)
[Epoch 4/15] step 900/1599 (0.9 it/s)
[Epoch 4/15] step 900/1599 (0.9 it/s)
[Epoch 4/15] step 900/1599 (0.9 it/s)
[Epoch 4/15] step 900/1599 (0.9 it/s)
[Epoch 4/15] step 900/1599 (0.9 it/s)
[Epoch 4/15] step 900/1599 (0.9 it/s)
[Epoch 4/15] step 900/1599 (0.9 it/s)
[Epoch 4/15] step 950/1599 (0.9 it/s)
[Epoch 4/15] step 950/1599 (0.9 it/s)
[Epoch 4/15] step 950/1599 (0.9 it/s)
[Epoch 4/15] step 950/1599 (0.9 it/s)
[Epoch 4/15] step 950/1599 (0.9 it/s)
[Epoch 4/15] step 950/1599 (0.9 it/s)
[Epoch 4/15] step 950/1599 (0.9 it/s)
[Epoch 4/15] step 950/1599 (0.9 it/s)
[Epoch 4/15] step 1000/1599 (0.9 it/s)
[Epoch 4/15] step 1000/1599 (0.9 it/s)
[Epoch 4/15] step 1000/1599 (0.9 it/s)
[Epoch 4/15] step 1000/1599 (0.9 it/s)
[Epoch 4/15] step 1000/1599 (0.9 it/s)
[Epoch 4/15] step 1000/1599 (0.9 it/s)
[Epoch 4/15] step 1000/1599 (0.9 it/s)
[Epoch 4/15] step 1000/1599 (0.9 it/s)
[Epoch 4/15] step 1050/1599 (0.9 it/s)
[Epoch 4/15] step 1050/1599 (0.9 it/s)
[Epoch 4/15] step 1050/1599 (0.9 it/s)
[Epoch 4/15] step 1050/1599 (0.9 it/s)
[Epoch 4/15] step 1050/1599 (0.9 it/s)
[Epoch 4/15] step 1050/1599 (0.9 it/s)
[Epoch 4/15] step 1050/1599 (0.9 it/s)
[Epoch 4/15] step 1050/1599 (0.9 it/s)
[Epoch 4/15] step 1100/1599 (0.9 it/s)
[Epoch 4/15] step 1100/1599 (0.9 it/s)
[Epoch 4/15] step 1100/1599 (0.9 it/s)
[Epoch 4/15] step 1100/1599 (0.9 it/s)
[Epoch 4/15] step 1100/1599 (0.9 it/s)
[Epoch 4/15] step 1100/1599 (0.9 it/s)
[Epoch 4/15] step 1100/1599 (0.9 it/s)
[Epoch 4/15] step 1100/1599 (0.9 it/s)
[Epoch 4/15] step 1150/1599 (0.9 it/s)
[Epoch 4/15] step 1150/1599 (0.9 it/s)
[Epoch 4/15] step 1150/1599 (0.9 it/s)
[Epoch 4/15] step 1150/1599 (0.9 it/s)
[Epoch 4/15] step 1150/1599 (0.9 it/s)
[Epoch 4/15] step 1150/1599 (0.9 it/s)
[Epoch 4/15] step 1150/1599 (0.9 it/s)
[Epoch 4/15] step 1150/1599 (0.9 it/s)
[Epoch 4/15] step 1200/1599 (0.9 it/s)
[Epoch 4/15] step 1200/1599 (0.9 it/s)
[Epoch 4/15] step 1200/1599 (0.9 it/s)
[Epoch 4/15] step 1200/1599 (0.9 it/s)
[Epoch 4/15] step 1200/1599 (0.9 it/s)
[Epoch 4/15] step 1200/1599 (0.9 it/s)
[Epoch 4/15] step 1200/1599 (0.9 it/s)
[Epoch 4/15] step 1200/1599 (0.9 it/s)
[Epoch 4/15] step 1250/1599 (0.9 it/s)
[Epoch 4/15] step 1250/1599 (0.9 it/s)
[Epoch 4/15] step 1250/1599 (0.9 it/s)
[Epoch 4/15] step 1250/1599 (0.9 it/s)
[Epoch 4/15] step 1250/1599 (0.9 it/s)
[Epoch 4/15] step 1250/1599 (0.9 it/s)
[Epoch 4/15] step 1250/1599 (0.9 it/s)
[Epoch 4/15] step 1250/1599 (0.9 it/s)
[Epoch 4/15] step 1300/1599 (0.9 it/s)
[Epoch 4/15] step 1300/1599 (0.9 it/s)
[Epoch 4/15] step 1300/1599 (0.9 it/s)
[Epoch 4/15] step 1300/1599 (0.9 it/s)
[Epoch 4/15] step 1300/1599 (0.9 it/s)
[Epoch 4/15] step 1300/1599 (0.9 it/s)
[Epoch 4/15] step 1300/1599 (0.9 it/s)
[Epoch 4/15] step 1300/1599 (0.9 it/s)
[Epoch 4/15] step 1350/1599 (0.9 it/s)
[Epoch 4/15] step 1350/1599 (0.9 it/s)
[Epoch 4/15] step 1350/1599 (0.9 it/s)
[Epoch 4/15] step 1350/1599 (0.9 it/s)
[Epoch 4/15] step 1350/1599 (0.9 it/s)
[Epoch 4/15] step 1350/1599 (0.9 it/s)
[Epoch 4/15] step 1350/1599 (0.9 it/s)
[Epoch 4/15] step 1350/1599 (0.9 it/s)
[Epoch 4/15] step 1400/1599 (0.9 it/s)
[Epoch 4/15] step 1400/1599 (0.9 it/s)
[Epoch 4/15] step 1400/1599 (0.9 it/s)
[Epoch 4/15] step 1400/1599 (0.9 it/s)
[Epoch 4/15] step 1400/1599 (0.9 it/s)
[Epoch 4/15] step 1400/1599 (0.9 it/s)
[Epoch 4/15] step 1400/1599 (0.9 it/s)
[Epoch 4/15] step 1400/1599 (0.9 it/s)
[Epoch 4/15] step 1450/1599 (0.9 it/s)
[Epoch 4/15] step 1450/1599 (0.9 it/s)
[Epoch 4/15] step 1450/1599 (0.9 it/s)
[Epoch 4/15] step 1450/1599 (0.9 it/s)
[Epoch 4/15] step 1450/1599 (0.9 it/s)
[Epoch 4/15] step 1450/1599 (0.9 it/s)
[Epoch 4/15] step 1450/1599 (0.9 it/s)
[Epoch 4/15] step 1450/1599 (0.9 it/s)
[Epoch 4/15] step 1500/1599 (0.9 it/s)
[Epoch 4/15] step 1500/1599 (0.9 it/s)
[Epoch 4/15] step 1500/1599 (0.9 it/s)
[Epoch 4/15] step 1500/1599 (0.9 it/s)
[Epoch 4/15] step 1500/1599 (0.9 it/s)
[Epoch 4/15] step 1500/1599 (0.9 it/s)
[Epoch 4/15] step 1500/1599 (0.9 it/s)
[Epoch 4/15] step 1500/1599 (0.9 it/s)
[Epoch 4/15] step 1550/1599 (0.9 it/s)
[Epoch 4/15] step 1550/1599 (0.9 it/s)
[Epoch 4/15] step 1550/1599 (0.9 it/s)
[Epoch 4/15] step 1550/1599 (0.9 it/s)
[Epoch 4/15] step 1550/1599 (0.9 it/s)
[Epoch 4/15] step 1550/1599 (0.9 it/s)
[Epoch 4/15] step 1550/1599 (0.9 it/s)
[Epoch 4/15] step 1550/1599 (0.9 it/s)
[Epoch 4/15] done in 1875.7s
[Epoch 4/15] done in 1875.7s
[Epoch 4/15] done in 1875.7s
[Epoch 4/15] done in 1875.7s
[Epoch 4/15] done in 1875.7s
[Epoch 4/15] done in 1875.7s
[Epoch 4/15] done in 1875.7s
17:27:47 | INFO  | trainer_inf~| \n+-------------------------------------------+------------------------+
|                   Metric                  |         Value          |
+-------------------------------------------+------------------------+
|            [0;34;40mfit/active_dim_count[0m           |         [0;32;40m192.0[0m          |
|               [0;34;40mfit/delta_cos[0m               |   [0;32;40m0.8988317847251892[0m   |
|               [0;34;40mfit/delta_norm[0m              |   [0;32;40m6.741358280181885[0m    |
|              [0;34;40mfit/latent_mean[0m              | [0;32;40m0.0009220351348631084[0m  |
|              [0;34;40mfit/latent_norm[0m              |   [0;32;40m13.51041316986084[0m    |
|               [0;34;40mfit/latent_std[0m              |   [0;32;40m0.9779078960418701[0m   |
|            [0;34;40mfit/learning_rate_0[0m            | [0;32;40m3.795358134084381e-05[0m  |
|                  [0;34;40mfit/loss[0m                 |  [0;32;40m0.18956519663333893[0m   |
|            [0;34;40mfit/loss_future_cos[0m            |  [0;32;40m0.01906360685825348[0m   |
|             [0;34;40mfit/loss_future_l1[0m            |      [0;32;40m0.126953125[0m       |
|                [0;34;40mfit/loss_mse[0m               |  [0;32;40m0.03587867692112923[0m   |
|          [0;34;40mfit/loss_mse_horizon_01[0m          |  [0;32;40m0.08078915625810623[0m   |
|          [0;34;40mfit/loss_mse_horizon_02[0m          |  [0;32;40m0.013752860017120838[0m  |
|          [0;34;40mfit/loss_mse_horizon_03[0m          |  [0;32;40m0.013094024732708931[0m  |
|               [0;34;40mfit/loss_total[0m              |  [0;32;40m0.18956519663333893[0m   |
|        [0;34;40mfit/pairwise_cos_hist_bin_00[0m       |          [0;32;40m0.0[0m           |
|        [0;34;40mfit/pairwise_cos_hist_bin_01[0m       |          [0;32;40m0.0[0m           |
|        [0;34;40mfit/pairwise_cos_hist_bin_02[0m       |          [0;32;40m0.0[0m           |
|        [0;34;40mfit/pairwise_cos_hist_bin_03[0m       |          [0;32;40m0.0[0m           |
|        [0;34;40mfit/pairwise_cos_hist_bin_04[0m       |          [0;32;40m0.0[0m           |
|        [0;34;40mfit/pairwise_cos_hist_bin_05[0m       | [0;32;40m3.057729918509722e-05[0m  |
|        [0;34;40mfit/pairwise_cos_hist_bin_06[0m       |  [0;32;40m0.002272275509312749[0m  |
|        [0;34;40mfit/pairwise_cos_hist_bin_07[0m       |  [0;32;40m0.02613212540745735[0m   |
|        [0;34;40mfit/pairwise_cos_hist_bin_08[0m       |  [0;32;40m0.18452732264995575[0m   |
|        [0;34;40mfit/pairwise_cos_hist_bin_09[0m       |  [0;32;40m0.42721933126449585[0m   |
|        [0;34;40mfit/pairwise_cos_hist_bin_10[0m       |  [0;32;40m0.23718906939029694[0m   |
|        [0;34;40mfit/pairwise_cos_hist_bin_11[0m       |  [0;32;40m0.056447602808475494[0m  |
|        [0;34;40mfit/pairwise_cos_hist_bin_12[0m       |  [0;32;40m0.018179161474108696[0m  |
|        [0;34;40mfit/pairwise_cos_hist_bin_13[0m       |  [0;32;40m0.009663381613790989[0m  |
|        [0;34;40mfit/pairwise_cos_hist_bin_14[0m       |  [0;32;40m0.007272619288414717[0m  |
|        [0;34;40mfit/pairwise_cos_hist_bin_15[0m       | [0;32;40m0.0066706291399896145[0m  |
|        [0;34;40mfit/pairwise_cos_hist_bin_16[0m       |  [0;32;40m0.006184258498251438[0m  |
|        [0;34;40mfit/pairwise_cos_hist_bin_17[0m       |  [0;32;40m0.005892818793654442[0m  |
|        [0;34;40mfit/pairwise_cos_hist_bin_18[0m       |  [0;32;40m0.006094437558203936[0m  |
|        [0;34;40mfit/pairwise_cos_hist_bin_19[0m       |  [0;32;40m0.006224391050636768[0m  |
|            [0;34;40mfit/pairwise_cos_max[0m           |          [0;32;40m1.0[0m           |
|           [0;34;40mfit/pairwise_cos_mean[0m           | [0;32;40m-0.001621246337890625[0m  |
|            [0;34;40mfit/pairwise_cos_min[0m           |     [0;32;40m-0.40869140625[0m     |
|            [0;34;40mfit/pairwise_cos_std[0m           |    [0;32;40m0.1732177734375[0m     |
|            [0;34;40mfit/pred_latent_mse[0m            |  [0;32;40m0.03587867692112923[0m   |
|               [0;34;40mfit/pred_loss[0m               |  [0;32;40m0.03587867692112923[0m   |
|       [0;34;40mfit/predictor_mode_is_residual[0m      |          [0;32;40m1.0[0m           |
|            [0;34;40mfit/samples_per_sec[0m            |   [0;32;40m1376.6627197265625[0m   |
|              [0;34;40mfit/sigreg_loss[0m              |      [0;32;40m1.7060546875[0m      |
|           [0;34;40mfit/target_delta_norm[0m           |   [0;32;40m7.126181602478027[0m    |
|            [0;34;40mhardware/cpu_percent[0m           |   [0;32;40m34.099998474121094[0m   |
|          [0;34;40mhardware/disk_read_mb_s[0m          |  [0;32;40m0.005467250477522612[0m  |
|          [0;34;40mhardware/disk_write_mb_s[0m         |   [0;32;40m0.0808371976017952[0m   |
|           [0;34;40mhardware/net_recv_mb_s[0m          | [0;32;40m0.0017698202282190323[0m  |
|           [0;34;40mhardware/net_sent_mb_s[0m          | [0;32;40m0.0023657032288610935[0m  |
|            [0;34;40mhardware/ram_used_gb[0m           |   [0;32;40m514.4916381835938[0m    |
|           [0;34;40mhardware/ram_used_pct[0m           |          [0;32;40m27.5[0m          |
|            [0;34;40mhparams/lr_default_0[0m           | [0;32;40m3.795358134084381e-05[0m  |
|         [0;34;40mvalidate/active_dim_count[0m         |         [0;32;40m192.0[0m          |
|      [0;34;40mvalidate/active_dim_count_epoch[0m      |         [0;32;40m192.0[0m          |
|             [0;34;40mvalidate/delta_cos[0m            |   [0;32;40m0.6622075438499451[0m   |
|          [0;34;40mvalidate/delta_cos_epoch[0m         |   [0;32;40m0.6622075438499451[0m   |
|            [0;34;40mvalidate/delta_norm[0m            |   [0;32;40m6.882518768310547[0m    |
|         [0;34;40mvalidate/delta_norm_epoch[0m         |   [0;32;40m6.882518768310547[0m    |
|            [0;34;40mvalidate/latent_mean[0m           |  [0;32;40m-0.05827157944440842[0m  |
|         [0;34;40mvalidate/latent_mean_epoch[0m        |  [0;32;40m-0.05827157944440842[0m  |
|            [0;34;40mvalidate/latent_norm[0m           |   [0;32;40m15.413293838500977[0m   |
|         [0;34;40mvalidate/latent_norm_epoch[0m        |   [0;32;40m15.413293838500977[0m   |
|            [0;34;40mvalidate/latent_std[0m            |   [0;32;40m1.1245914697647095[0m   |
|         [0;34;40mvalidate/latent_std_epoch[0m         |   [0;32;40m1.1245914697647095[0m   |
|               [0;34;40mvalidate/loss[0m               |   [0;32;40m1.9083977937698364[0m   |
|            [0;34;40mvalidate/loss_epoch[0m            |   [0;32;40m1.9083977937698364[0m   |
|          [0;34;40mvalidate/loss_future_cos[0m         |  [0;32;40m0.059964511543512344[0m  |
|       [0;34;40mvalidate/loss_future_cos_epoch[0m      |  [0;32;40m0.059964511543512344[0m  |
|          [0;34;40mvalidate/loss_future_l1[0m          |  [0;32;40m0.28885215520858765[0m   |
|       [0;34;40mvalidate/loss_future_l1_epoch[0m       |  [0;32;40m0.28885215520858765[0m   |
|             [0;34;40mvalidate/loss_mse[0m             |  [0;32;40m0.14686036109924316[0m   |
|          [0;34;40mvalidate/loss_mse_epoch[0m          |  [0;32;40m0.14686036109924316[0m   |
|        [0;34;40mvalidate/loss_mse_horizon_01[0m       |   [0;32;40m0.1721373051404953[0m   |
|     [0;34;40mvalidate/loss_mse_horizon_01_epoch[0m    |   [0;32;40m0.1721373051404953[0m   |
|        [0;34;40mvalidate/loss_mse_horizon_02[0m       |   [0;32;40m0.1345227062702179[0m   |
|     [0;34;40mvalidate/loss_mse_horizon_02_epoch[0m    |   [0;32;40m0.1345227062702179[0m   |
|        [0;34;40mvalidate/loss_mse_horizon_03[0m       |  [0;32;40m0.13392114639282227[0m   |
|     [0;34;40mvalidate/loss_mse_horizon_03_epoch[0m    |  [0;32;40m0.13392114639282227[0m   |
|            [0;34;40mvalidate/loss_total[0m            |   [0;32;40m1.9083977937698364[0m   |
|         [0;34;40mvalidate/loss_total_epoch[0m         |   [0;32;40m1.9083977937698364[0m   |
|     [0;34;40mvalidate/pairwise_cos_hist_bin_00[0m     |          [0;32;40m0.0[0m           |
|  [0;34;40mvalidate/pairwise_cos_hist_bin_00_epoch[0m  |          [0;32;40m0.0[0m           |
|     [0;34;40mvalidate/pairwise_cos_hist_bin_01[0m     |          [0;32;40m0.0[0m           |
|  [0;34;40mvalidate/pairwise_cos_hist_bin_01_epoch[0m  |          [0;32;40m0.0[0m           |
|     [0;34;40mvalidate/pairwise_cos_hist_bin_02[0m     |          [0;32;40m0.0[0m           |
|  [0;34;40mvalidate/pairwise_cos_hist_bin_02_epoch[0m  |          [0;32;40m0.0[0m           |
|     [0;34;40mvalidate/pairwise_cos_hist_bin_03[0m     |          [0;32;40m0.0[0m           |
|  [0;34;40mvalidate/pairwise_cos_hist_bin_03_epoch[0m  |          [0;32;40m0.0[0m           |
|     [0;34;40mvalidate/pairwise_cos_hist_bin_04[0m     |          [0;32;40m0.0[0m           |
|  [0;34;40mvalidate/pairwise_cos_hist_bin_04_epoch[0m  |          [0;32;40m0.0[0m           |
|     [0;34;40mvalidate/pairwise_cos_hist_bin_05[0m     |          [0;32;40m0.0[0m           |
|  [0;34;40mvalidate/pairwise_cos_hist_bin_05_epoch[0m  |          [0;32;40m0.0[0m           |
|     [0;34;40mvalidate/pairwise_cos_hist_bin_06[0m     |          [0;32;40m0.0[0m           |
|  [0;34;40mvalidate/pairwise_cos_hist_bin_06_epoch[0m  |          [0;32;40m0.0[0m           |
|     [0;34;40mvalidate/pairwise_cos_hist_bin_07[0m     | [0;32;40m1.6027004676288925e-05[0m |
|  [0;34;40mvalidate/pairwise_cos_hist_bin_07_epoch[0m  | [0;32;40m1.6027004676288925e-05[0m |
|     [0;34;40mvalidate/pairwise_cos_hist_bin_08[0m     | [0;32;40m0.0035821159835904837[0m  |
|  [0;34;40mvalidate/pairwise_cos_hist_bin_08_epoch[0m  | [0;32;40m0.0035821159835904837[0m  |
|     [0;34;40mvalidate/pairwise_cos_hist_bin_09[0m     |  [0;32;40m0.041731320321559906[0m  |
|  [0;34;40mvalidate/pairwise_cos_hist_bin_09_epoch[0m  |  [0;32;40m0.041731320321559906[0m  |
|     [0;34;40mvalidate/pairwise_cos_hist_bin_10[0m     |   [0;32;40m0.1508975327014923[0m   |
|  [0;34;40mvalidate/pairwise_cos_hist_bin_10_epoch[0m  |   [0;32;40m0.1508975327014923[0m   |
|     [0;34;40mvalidate/pairwise_cos_hist_bin_11[0m     |   [0;32;40m0.262992799282074[0m    |
|  [0;34;40mvalidate/pairwise_cos_hist_bin_11_epoch[0m  |   [0;32;40m0.262992799282074[0m    |
|     [0;34;40mvalidate/pairwise_cos_hist_bin_12[0m     |   [0;32;40m0.2555924952030182[0m   |
|  [0;34;40mvalidate/pairwise_cos_hist_bin_12_epoch[0m  |   [0;32;40m0.2555924952030182[0m   |
|     [0;34;40mvalidate/pairwise_cos_hist_bin_13[0m     |   [0;32;40m0.1432429999113083[0m   |
|  [0;34;40mvalidate/pairwise_cos_hist_bin_13_epoch[0m  |   [0;32;40m0.1432429999113083[0m   |
|     [0;34;40mvalidate/pairwise_cos_hist_bin_14[0m     |  [0;32;40m0.06725705415010452[0m   |
|  [0;34;40mvalidate/pairwise_cos_hist_bin_14_epoch[0m  |  [0;32;40m0.06725705415010452[0m   |
|     [0;34;40mvalidate/pairwise_cos_hist_bin_15[0m     |  [0;32;40m0.02983618713915348[0m   |
|  [0;34;40mvalidate/pairwise_cos_hist_bin_15_epoch[0m  |  [0;32;40m0.02983618713915348[0m   |
|     [0;34;40mvalidate/pairwise_cos_hist_bin_16[0m     |  [0;32;40m0.015405038371682167[0m  |
|  [0;34;40mvalidate/pairwise_cos_hist_bin_16_epoch[0m  |  [0;32;40m0.015405038371682167[0m  |
|     [0;34;40mvalidate/pairwise_cos_hist_bin_17[0m     |  [0;32;40m0.010105377063155174[0m  |
|  [0;34;40mvalidate/pairwise_cos_hist_bin_17_epoch[0m  |  [0;32;40m0.010105377063155174[0m  |
|     [0;34;40mvalidate/pairwise_cos_hist_bin_18[0m     |  [0;32;40m0.009559358470141888[0m  |
|  [0;34;40mvalidate/pairwise_cos_hist_bin_18_epoch[0m  |  [0;32;40m0.009559358470141888[0m  |
|     [0;34;40mvalidate/pairwise_cos_hist_bin_19[0m     |  [0;32;40m0.009781645610928535[0m  |
|  [0;34;40mvalidate/pairwise_cos_hist_bin_19_epoch[0m  |  [0;32;40m0.009781645610928535[0m  |
|         [0;34;40mvalidate/pairwise_cos_max[0m         |          [0;32;40m1.0[0m           |
|      [0;34;40mvalidate/pairwise_cos_max_epoch[0m      |          [0;32;40m1.0[0m           |
|         [0;34;40mvalidate/pairwise_cos_mean[0m        |   [0;32;40m0.2398769110441208[0m   |
|      [0;34;40mvalidate/pairwise_cos_mean_epoch[0m     |   [0;32;40m0.2398769110441208[0m   |
|         [0;34;40mvalidate/pairwise_cos_min[0m         |  [0;32;40m-0.20200471580028534[0m  |
|      [0;34;40mvalidate/pairwise_cos_min_epoch[0m      |  [0;32;40m-0.20200471580028534[0m  |
|         [0;34;40mvalidate/pairwise_cos_std[0m         |   [0;32;40m0.179190993309021[0m    |
|      [0;34;40mvalidate/pairwise_cos_std_epoch[0m      |   [0;32;40m0.179190993309021[0m    |
|          [0;34;40mvalidate/pred_latent_mse[0m         |  [0;32;40m0.14686036109924316[0m   |
|       [0;34;40mvalidate/pred_latent_mse_epoch[0m      |  [0;32;40m0.14686036109924316[0m   |
|             [0;34;40mvalidate/pred_loss[0m            |  [0;32;40m0.14686036109924316[0m   |
|          [0;34;40mvalidate/pred_loss_epoch[0m         |  [0;32;40m0.14686036109924316[0m   |
|    [0;34;40mvalidate/predictor_mode_is_residual[0m    |          [0;32;40m1.0[0m           |
| [0;34;40mvalidate/predictor_mode_is_residual_epoch[0m |          [0;32;40m1.0[0m           |
|            [0;34;40mvalidate/sigreg_loss[0m           |   [0;32;40m19.571962356567383[0m   |
|         [0;34;40mvalidate/sigreg_loss_epoch[0m        |   [0;32;40m19.571962356567383[0m   |
|         [0;34;40mvalidate/target_delta_norm[0m        |   [0;32;40m6.575785160064697[0m    |
|      [0;34;40mvalidate/target_delta_norm_epoch[0m     |   [0;32;40m6.575785160064697[0m    |
+-------------------------------------------+------------------------+
17:27:47 | INFO  | utils.py    | 📦📦📦 Model saved to /data1/Johnny/challenge/wrf/homework/outputs/stable-wm/checkpoints/lewm_residual_reacher_15/weights_epoch_5.pt 📦📦📦
[Epoch 4/15] done in 1875.8s
17:27:47 | INFO  | checkpoint_~|   Checking for non PyTorch modules to save
17:27:47 | INFO  | atomic_chec~| [atomic_save] → /data1/Johnny/challenge/wrf/homework/outputs/home/.cache/stable-pretraining/runs/20260715/145800/ee58f199d257/checkpoints/epoch=4-step=7995.ckpt
17:27:47 | INFO  | atomic_chec~| [atomic_save] ✓ epoch=4-step=7995.ckpt saved (206.8 MiB, serialise=0.34s write=0.21s rename=0.0ms)
17:27:47 | INFO  | checkpoint_~|   Checking for non PyTorch modules to save
17:27:47 | INFO  | atomic_chec~| [atomic_save] → /data1/Johnny/challenge/wrf/homework/outputs/home/.cache/stable-pretraining/runs/20260715/145800/ee58f199d257/checkpoints/last.ckpt
17:27:48 | INFO  | atomic_chec~| [atomic_save] ✓ last.ckpt saved (206.8 MiB, serialise=0.32s write=0.22s rename=25.2ms)
[Epoch 5/15] step 50/1599 (0.8 it/s)
[Epoch 5/15] step 50/1599 (0.8 it/s)
[Epoch 5/15] step 50/1599 (0.8 it/s)
[Epoch 5/15] step 50/1599 (0.8 it/s)
[Epoch 5/15] step 50/1599 (0.8 it/s)
[Epoch 5/15] step 50/1599 (0.8 it/s)
[Epoch 5/15] step 50/1599 (0.8 it/s)
[Epoch 5/15] step 50/1599 (0.8 it/s)
[Epoch 5/15] step 100/1599 (0.8 it/s)
[Epoch 5/15] step 100/1599 (0.8 it/s)
[Epoch 5/15] step 100/1599 (0.8 it/s)
[Epoch 5/15] step 100/1599 (0.8 it/s)
[Epoch 5/15] step 100/1599 (0.8 it/s)
[Epoch 5/15] step 100/1599 (0.8 it/s)
[Epoch 5/15] step 100/1599 (0.8 it/s)
[Epoch 5/15] step 100/1599 (0.8 it/s)
[Epoch 5/15] step 150/1599 (0.8 it/s)
[Epoch 5/15] step 150/1599 (0.8 it/s)
[Epoch 5/15] step 150/1599 (0.8 it/s)
[Epoch 5/15] step 150/1599 (0.8 it/s)
[Epoch 5/15] step 150/1599 (0.8 it/s)
[Epoch 5/15] step 150/1599 (0.8 it/s)
[Epoch 5/15] step 150/1599 (0.8 it/s)
[Epoch 5/15] step 150/1599 (0.8 it/s)
[Epoch 5/15] step 200/1599 (0.9 it/s)
[Epoch 5/15] step 200/1599 (0.9 it/s)
[Epoch 5/15] step 200/1599 (0.9 it/s)
[Epoch 5/15] step 200/1599 (0.9 it/s)
[Epoch 5/15] step 200/1599 (0.9 it/s)
[Epoch 5/15] step 200/1599 (0.9 it/s)
[Epoch 5/15] step 200/1599 (0.9 it/s)
[Epoch 5/15] step 200/1599 (0.9 it/s)
[Epoch 5/15] step 250/1599 (0.9 it/s)
[Epoch 5/15] step 250/1599 (0.9 it/s)
[Epoch 5/15] step 250/1599 (0.9 it/s)
[Epoch 5/15] step 250/1599 (0.9 it/s)
[Epoch 5/15] step 250/1599 (0.9 it/s)
[Epoch 5/15] step 250/1599 (0.9 it/s)
[Epoch 5/15] step 250/1599 (0.9 it/s)
[Epoch 5/15] step 250/1599 (0.9 it/s)
[Epoch 5/15] step 300/1599 (0.9 it/s)
[Epoch 5/15] step 300/1599 (0.9 it/s)
[Epoch 5/15] step 300/1599 (0.9 it/s)
[Epoch 5/15] step 300/1599 (0.9 it/s)
[Epoch 5/15] step 300/1599 (0.9 it/s)
[Epoch 5/15] step 300/1599 (0.9 it/s)
[Epoch 5/15] step 300/1599 (0.9 it/s)
[Epoch 5/15] step 300/1599 (0.9 it/s)
[Epoch 5/15] step 350/1599 (0.9 it/s)
[Epoch 5/15] step 350/1599 (0.9 it/s)
[Epoch 5/15] step 350/1599 (0.9 it/s)
[Epoch 5/15] step 350/1599 (0.9 it/s)
[Epoch 5/15] step 350/1599 (0.9 it/s)
[Epoch 5/15] step 350/1599 (0.9 it/s)
[Epoch 5/15] step 350/1599 (0.9 it/s)
[Epoch 5/15] step 350/1599 (0.9 it/s)
[Epoch 5/15] step 400/1599 (0.9 it/s)
[Epoch 5/15] step 400/1599 (0.9 it/s)
[Epoch 5/15] step 400/1599 (0.9 it/s)
[Epoch 5/15] step 400/1599 (0.9 it/s)
[Epoch 5/15] step 400/1599 (0.9 it/s)
[Epoch 5/15] step 400/1599 (0.9 it/s)
[Epoch 5/15] step 400/1599 (0.9 it/s)
[Epoch 5/15] step 400/1599 (0.9 it/s)
[Epoch 5/15] step 450/1599 (0.9 it/s)
[Epoch 5/15] step 450/1599 (0.9 it/s)
[Epoch 5/15] step 450/1599 (0.9 it/s)
[Epoch 5/15] step 450/1599 (0.9 it/s)
[Epoch 5/15] step 450/1599 (0.9 it/s)
[Epoch 5/15] step 450/1599 (0.9 it/s)
[Epoch 5/15] step 450/1599 (0.9 it/s)
[Epoch 5/15] step 450/1599 (0.9 it/s)
[Epoch 5/15] step 500/1599 (0.9 it/s)
[Epoch 5/15] step 500/1599 (0.9 it/s)
[Epoch 5/15] step 500/1599 (0.9 it/s)
[Epoch 5/15] step 500/1599 (0.9 it/s)
[Epoch 5/15] step 500/1599 (0.9 it/s)
[Epoch 5/15] step 500/1599 (0.9 it/s)
[Epoch 5/15] step 500/1599 (0.9 it/s)
[Epoch 5/15] step 500/1599 (0.9 it/s)
[Epoch 5/15] step 550/1599 (0.9 it/s)
[Epoch 5/15] step 550/1599 (0.9 it/s)
[Epoch 5/15] step 550/1599 (0.9 it/s)
[Epoch 5/15] step 550/1599 (0.9 it/s)
[Epoch 5/15] step 550/1599 (0.9 it/s)
[Epoch 5/15] step 550/1599 (0.9 it/s)
[Epoch 5/15] step 550/1599 (0.9 it/s)
[Epoch 5/15] step 550/1599 (0.9 it/s)
[Epoch 5/15] step 600/1599 (0.9 it/s)
[Epoch 5/15] step 600/1599 (0.9 it/s)
[Epoch 5/15] step 600/1599 (0.9 it/s)
[Epoch 5/15] step 600/1599 (0.9 it/s)
[Epoch 5/15] step 600/1599 (0.9 it/s)
[Epoch 5/15] step 600/1599 (0.9 it/s)
[Epoch 5/15] step 600/1599 (0.9 it/s)
[Epoch 5/15] step 600/1599 (0.9 it/s)
[Epoch 5/15] step 650/1599 (0.9 it/s)
[Epoch 5/15] step 650/1599 (0.9 it/s)
[Epoch 5/15] step 650/1599 (0.9 it/s)
[Epoch 5/15] step 650/1599 (0.9 it/s)
[Epoch 5/15] step 650/1599 (0.9 it/s)
[Epoch 5/15] step 650/1599 (0.9 it/s)
[Epoch 5/15] step 650/1599 (0.9 it/s)
[Epoch 5/15] step 650/1599 (0.9 it/s)
[Epoch 5/15] step 700/1599 (0.9 it/s)
[Epoch 5/15] step 700/1599 (0.9 it/s)
[Epoch 5/15] step 700/1599 (0.9 it/s)
[Epoch 5/15] step 700/1599 (0.9 it/s)
[Epoch 5/15] step 700/1599 (0.9 it/s)
[Epoch 5/15] step 700/1599 (0.9 it/s)
[Epoch 5/15] step 700/1599 (0.9 it/s)
[Epoch 5/15] step 700/1599 (0.9 it/s)
[Epoch 5/15] step 750/1599 (0.9 it/s)
[Epoch 5/15] step 750/1599 (0.9 it/s)
[Epoch 5/15] step 750/1599 (0.9 it/s)
[Epoch 5/15] step 750/1599 (0.9 it/s)
[Epoch 5/15] step 750/1599 (0.9 it/s)
[Epoch 5/15] step 750/1599 (0.9 it/s)
[Epoch 5/15] step 750/1599 (0.9 it/s)
[Epoch 5/15] step 750/1599 (0.9 it/s)
[Epoch 5/15] step 800/1599 (0.9 it/s)
[Epoch 5/15] step 800/1599 (0.9 it/s)
[Epoch 5/15] step 800/1599 (0.9 it/s)
[Epoch 5/15] step 800/1599 (0.9 it/s)
[Epoch 5/15] step 800/1599 (0.9 it/s)
[Epoch 5/15] step 800/1599 (0.9 it/s)
[Epoch 5/15] step 800/1599 (0.9 it/s)
[Epoch 5/15] step 800/1599 (0.9 it/s)
[Epoch 5/15] step 850/1599 (0.9 it/s)
[Epoch 5/15] step 850/1599 (0.9 it/s)
[Epoch 5/15] step 850/1599 (0.9 it/s)
[Epoch 5/15] step 850/1599 (0.9 it/s)
[Epoch 5/15] step 850/1599 (0.9 it/s)
[Epoch 5/15] step 850/1599 (0.9 it/s)
[Epoch 5/15] step 850/1599 (0.9 it/s)
[Epoch 5/15] step 850/1599 (0.9 it/s)
[Epoch 5/15] step 900/1599 (0.9 it/s)
[Epoch 5/15] step 900/1599 (0.9 it/s)
[Epoch 5/15] step 900/1599 (0.9 it/s)
[Epoch 5/15] step 900/1599 (0.9 it/s)
[Epoch 5/15] step 900/1599 (0.9 it/s)
[Epoch 5/15] step 900/1599 (0.9 it/s)
[Epoch 5/15] step 900/1599 (0.9 it/s)
[Epoch 5/15] step 900/1599 (0.9 it/s)
[Epoch 5/15] step 950/1599 (0.9 it/s)
[Epoch 5/15] step 950/1599 (0.9 it/s)
[Epoch 5/15] step 950/1599 (0.9 it/s)
[Epoch 5/15] step 950/1599 (0.9 it/s)
[Epoch 5/15] step 950/1599 (0.9 it/s)
[Epoch 5/15] step 950/1599 (0.9 it/s)
[Epoch 5/15] step 950/1599 (0.9 it/s)
[Epoch 5/15] step 950/1599 (0.9 it/s)
[Epoch 5/15] step 1000/1599 (0.9 it/s)
[Epoch 5/15] step 1000/1599 (0.9 it/s)
[Epoch 5/15] step 1000/1599 (0.9 it/s)
[Epoch 5/15] step 1000/1599 (0.9 it/s)
[Epoch 5/15] step 1000/1599 (0.9 it/s)
[Epoch 5/15] step 1000/1599 (0.9 it/s)
[Epoch 5/15] step 1000/1599 (0.9 it/s)
[Epoch 5/15] step 1000/1599 (0.9 it/s)
[Epoch 5/15] step 1050/1599 (0.9 it/s)
[Epoch 5/15] step 1050/1599 (0.9 it/s)
[Epoch 5/15] step 1050/1599 (0.9 it/s)
[Epoch 5/15] step 1050/1599 (0.9 it/s)
[Epoch 5/15] step 1050/1599 (0.9 it/s)
[Epoch 5/15] step 1050/1599 (0.9 it/s)
[Epoch 5/15] step 1050/1599 (0.9 it/s)
[Epoch 5/15] step 1050/1599 (0.9 it/s)
[Epoch 5/15] step 1100/1599 (0.9 it/s)
[Epoch 5/15] step 1100/1599 (0.9 it/s)
[Epoch 5/15] step 1100/1599 (0.9 it/s)
[Epoch 5/15] step 1100/1599 (0.9 it/s)
[Epoch 5/15] step 1100/1599 (0.9 it/s)
[Epoch 5/15] step 1100/1599 (0.9 it/s)
[Epoch 5/15] step 1100/1599 (0.9 it/s)
[Epoch 5/15] step 1100/1599 (0.9 it/s)
[Epoch 5/15] step 1150/1599 (0.9 it/s)
[Epoch 5/15] step 1150/1599 (0.9 it/s)
[Epoch 5/15] step 1150/1599 (0.9 it/s)
[Epoch 5/15] step 1150/1599 (0.9 it/s)
[Epoch 5/15] step 1150/1599 (0.9 it/s)
[Epoch 5/15] step 1150/1599 (0.9 it/s)
[Epoch 5/15] step 1150/1599 (0.9 it/s)
[Epoch 5/15] step 1150/1599 (0.9 it/s)
[Epoch 5/15] step 1200/1599 (0.9 it/s)
[Epoch 5/15] step 1200/1599 (0.9 it/s)
[Epoch 5/15] step 1200/1599 (0.9 it/s)
[Epoch 5/15] step 1200/1599 (0.9 it/s)
[Epoch 5/15] step 1200/1599 (0.9 it/s)
[Epoch 5/15] step 1200/1599 (0.9 it/s)
[Epoch 5/15] step 1200/1599 (0.9 it/s)
[Epoch 5/15] step 1200/1599 (0.9 it/s)
[Epoch 5/15] step 1250/1599 (0.9 it/s)
[Epoch 5/15] step 1250/1599 (0.9 it/s)
[Epoch 5/15] step 1250/1599 (0.9 it/s)
[Epoch 5/15] step 1250/1599 (0.9 it/s)
[Epoch 5/15] step 1250/1599 (0.9 it/s)
[Epoch 5/15] step 1250/1599 (0.9 it/s)
[Epoch 5/15] step 1250/1599 (0.9 it/s)
[Epoch 5/15] step 1250/1599 (0.9 it/s)
[Epoch 5/15] step 1300/1599 (0.9 it/s)
[Epoch 5/15] step 1300/1599 (0.9 it/s)
[Epoch 5/15] step 1300/1599 (0.9 it/s)
[Epoch 5/15] step 1300/1599 (0.9 it/s)
[Epoch 5/15] step 1300/1599 (0.9 it/s)
[Epoch 5/15] step 1300/1599 (0.9 it/s)
[Epoch 5/15] step 1300/1599 (0.9 it/s)
[Epoch 5/15] step 1300/1599 (0.9 it/s)
[Epoch 5/15] step 1350/1599 (0.9 it/s)
[Epoch 5/15] step 1350/1599 (0.9 it/s)
[Epoch 5/15] step 1350/1599 (0.9 it/s)
[Epoch 5/15] step 1350/1599 (0.9 it/s)
[Epoch 5/15] step 1350/1599 (0.9 it/s)
[Epoch 5/15] step 1350/1599 (0.9 it/s)
[Epoch 5/15] step 1350/1599 (0.9 it/s)
[Epoch 5/15] step 1350/1599 (0.9 it/s)
[Epoch 5/15] step 1400/1599 (0.9 it/s)
[Epoch 5/15] step 1400/1599 (0.9 it/s)
[Epoch 5/15] step 1400/1599 (0.9 it/s)
[Epoch 5/15] step 1400/1599 (0.9 it/s)
[Epoch 5/15] step 1400/1599 (0.9 it/s)
[Epoch 5/15] step 1400/1599 (0.9 it/s)
[Epoch 5/15] step 1400/1599 (0.9 it/s)
[Epoch 5/15] step 1400/1599 (0.9 it/s)
[Epoch 5/15] step 1450/1599 (0.9 it/s)
[Epoch 5/15] step 1450/1599 (0.9 it/s)
[Epoch 5/15] step 1450/1599 (0.9 it/s)
[Epoch 5/15] step 1450/1599 (0.9 it/s)
[Epoch 5/15] step 1450/1599 (0.9 it/s)
[Epoch 5/15] step 1450/1599 (0.9 it/s)
[Epoch 5/15] step 1450/1599 (0.9 it/s)
[Epoch 5/15] step 1450/1599 (0.9 it/s)
[Epoch 5/15] step 1500/1599 (0.9 it/s)
[Epoch 5/15] step 1500/1599 (0.9 it/s)
[Epoch 5/15] step 1500/1599 (0.9 it/s)
[Epoch 5/15] step 1500/1599 (0.9 it/s)
[Epoch 5/15] step 1500/1599 (0.9 it/s)
[Epoch 5/15] step 1500/1599 (0.9 it/s)
[Epoch 5/15] step 1500/1599 (0.9 it/s)
[Epoch 5/15] step 1500/1599 (0.9 it/s)
[Epoch 5/15] step 1550/1599 (0.9 it/s)
[Epoch 5/15] step 1550/1599 (0.9 it/s)
[Epoch 5/15] step 1550/1599 (0.9 it/s)
[Epoch 5/15] step 1550/1599 (0.9 it/s)
[Epoch 5/15] step 1550/1599 (0.9 it/s)
[Epoch 5/15] step 1550/1599 (0.9 it/s)
[Epoch 5/15] step 1550/1599 (0.9 it/s)
[Epoch 5/15] step 1550/1599 (0.9 it/s)
[Epoch 5/15] done in 1871.5s
[Epoch 5/15] done in 1871.5s
[Epoch 5/15] done in 1871.5s
[Epoch 5/15] done in 1871.5s
[Epoch 5/15] done in 1871.5s
[Epoch 5/15] done in 1871.6s
[Epoch 5/15] done in 1871.6s
17:59:00 | INFO  | trainer_inf~| \n+-------------------------------------------+------------------------+
|                   Metric                  |         Value          |
+-------------------------------------------+------------------------+
|            [0;34;40mfit/active_dim_count[0m           |         [0;32;40m192.0[0m          |
|               [0;34;40mfit/delta_cos[0m               |   [0;32;40m0.9091740846633911[0m   |
|               [0;34;40mfit/delta_norm[0m              |   [0;32;40m6.870258331298828[0m    |
|              [0;34;40mfit/latent_mean[0m              | [0;32;40m0.0005236427532508969[0m  |
|              [0;34;40mfit/latent_norm[0m              |   [0;32;40m13.518722534179688[0m   |
|               [0;34;40mfit/latent_std[0m              |   [0;32;40m0.9784301519393921[0m   |
|            [0;34;40mfit/learning_rate_0[0m            | [0;32;40m3.317508890177123e-05[0m  |
|                  [0;34;40mfit/loss[0m                 |  [0;32;40m0.17310091853141785[0m   |
|            [0;34;40mfit/loss_future_cos[0m            |  [0;32;40m0.017509393393993378[0m  |
|             [0;34;40mfit/loss_future_l1[0m            |    [0;32;40m0.1204833984375[0m     |
|                [0;34;40mfit/loss_mse[0m               |  [0;32;40m0.03284212574362755[0m   |
|          [0;34;40mfit/loss_mse_horizon_01[0m          |  [0;32;40m0.07501119375228882[0m   |
|          [0;34;40mfit/loss_mse_horizon_02[0m          |  [0;32;40m0.011764138005673885[0m  |
|          [0;34;40mfit/loss_mse_horizon_03[0m          |  [0;32;40m0.011751043610274792[0m  |
|               [0;34;40mfit/loss_total[0m              |  [0;32;40m0.17310091853141785[0m   |
|        [0;34;40mfit/pairwise_cos_hist_bin_00[0m       |          [0;32;40m0.0[0m           |
|        [0;34;40mfit/pairwise_cos_hist_bin_01[0m       |          [0;32;40m0.0[0m           |
|        [0;34;40mfit/pairwise_cos_hist_bin_02[0m       |          [0;32;40m0.0[0m           |
|        [0;34;40mfit/pairwise_cos_hist_bin_03[0m       |          [0;32;40m0.0[0m           |
|        [0;34;40mfit/pairwise_cos_hist_bin_04[0m       |          [0;32;40m0.0[0m           |
|        [0;34;40mfit/pairwise_cos_hist_bin_05[0m       | [0;32;40m1.2422027793945745e-05[0m |
|        [0;34;40mfit/pairwise_cos_hist_bin_06[0m       |  [0;32;40m0.001581419724971056[0m  |
|        [0;34;40mfit/pairwise_cos_hist_bin_07[0m       |  [0;32;40m0.021216822788119316[0m  |
|        [0;34;40mfit/pairwise_cos_hist_bin_08[0m       |  [0;32;40m0.17350801825523376[0m   |
|        [0;34;40mfit/pairwise_cos_hist_bin_09[0m       |  [0;32;40m0.44090551137924194[0m   |
|        [0;34;40mfit/pairwise_cos_hist_bin_10[0m       |  [0;32;40m0.24886195361614227[0m   |
|        [0;34;40mfit/pairwise_cos_hist_bin_11[0m       |   [0;32;40m0.0528213307261467[0m   |
|        [0;34;40mfit/pairwise_cos_hist_bin_12[0m       |   [0;32;40m0.0162441898137331[0m   |
|        [0;34;40mfit/pairwise_cos_hist_bin_13[0m       |  [0;32;40m0.008841617964208126[0m  |
|        [0;34;40mfit/pairwise_cos_hist_bin_14[0m       | [0;32;40m0.0072783539071679115[0m  |
|        [0;34;40mfit/pairwise_cos_hist_bin_15[0m       |  [0;32;40m0.006362944841384888[0m  |
|        [0;34;40mfit/pairwise_cos_hist_bin_16[0m       |  [0;32;40m0.00572464382275939[0m   |
|        [0;34;40mfit/pairwise_cos_hist_bin_17[0m       |  [0;32;40m0.005330005660653114[0m  |
|        [0;34;40mfit/pairwise_cos_hist_bin_18[0m       |  [0;32;40m0.005601378623396158[0m  |
|        [0;34;40mfit/pairwise_cos_hist_bin_19[0m       |  [0;32;40m0.005709355231374502[0m  |
|            [0;34;40mfit/pairwise_cos_max[0m           |          [0;32;40m1.0[0m           |
|           [0;34;40mfit/pairwise_cos_mean[0m           |  [0;32;40m-0.0016937255859375[0m   |
|            [0;34;40mfit/pairwise_cos_min[0m           |    [0;32;40m-0.396728515625[0m     |
|            [0;34;40mfit/pairwise_cos_std[0m           |    [0;32;40m0.1661376953125[0m     |
|            [0;34;40mfit/pred_latent_mse[0m            |  [0;32;40m0.03284212574362755[0m   |
|               [0;34;40mfit/pred_loss[0m               |  [0;32;40m0.03284212574362755[0m   |
|       [0;34;40mfit/predictor_mode_is_residual[0m      |          [0;32;40m1.0[0m           |
|            [0;34;40mfit/samples_per_sec[0m            |    [0;32;40m1606.84814453125[0m    |
|              [0;34;40mfit/sigreg_loss[0m              |      [0;32;40m1.5576171875[0m      |
|           [0;34;40mfit/target_delta_norm[0m           |   [0;32;40m7.125353813171387[0m    |
|            [0;34;40mhardware/cpu_percent[0m           |   [0;32;40m28.899999618530273[0m   |
|          [0;34;40mhardware/disk_read_mb_s[0m          |          [0;32;40m0.0[0m           |
|          [0;34;40mhardware/disk_write_mb_s[0m         |  [0;32;40m0.26590290665626526[0m   |
|           [0;34;40mhardware/net_recv_mb_s[0m          | [0;32;40m0.0032647596672177315[0m  |
|           [0;34;40mhardware/net_sent_mb_s[0m          | [0;32;40m0.0034386361949145794[0m  |
|            [0;34;40mhardware/ram_used_gb[0m           |   [0;32;40m521.0693969726562[0m    |
|           [0;34;40mhardware/ram_used_pct[0m           |   [0;32;40m27.899999618530273[0m   |
|            [0;34;40mhparams/lr_default_0[0m           | [0;32;40m3.317508890177123e-05[0m  |
|         [0;34;40mvalidate/active_dim_count[0m         |         [0;32;40m192.0[0m          |
|      [0;34;40mvalidate/active_dim_count_epoch[0m      |         [0;32;40m192.0[0m          |
|             [0;34;40mvalidate/delta_cos[0m            |   [0;32;40m0.7289162874221802[0m   |
|          [0;34;40mvalidate/delta_cos_epoch[0m         |   [0;32;40m0.7289162874221802[0m   |
|            [0;34;40mvalidate/delta_norm[0m            |   [0;32;40m6.809466361999512[0m    |
|         [0;34;40mvalidate/delta_norm_epoch[0m         |   [0;32;40m6.809466361999512[0m    |
|            [0;34;40mvalidate/latent_mean[0m           |  [0;32;40m0.015656378120183945[0m  |
|         [0;34;40mvalidate/latent_mean_epoch[0m        |  [0;32;40m0.015656378120183945[0m  |
|            [0;34;40mvalidate/latent_norm[0m           |   [0;32;40m14.737027168273926[0m   |
|         [0;34;40mvalidate/latent_norm_epoch[0m        |   [0;32;40m14.737027168273926[0m   |
|            [0;34;40mvalidate/latent_std[0m            |   [0;32;40m1.0806888341903687[0m   |
|         [0;34;40mvalidate/latent_std_epoch[0m         |   [0;32;40m1.0806888341903687[0m   |
|               [0;34;40mvalidate/loss[0m               |   [0;32;40m1.1970231533050537[0m   |
|            [0;34;40mvalidate/loss_epoch[0m            |   [0;32;40m1.1970231533050537[0m   |
|          [0;34;40mvalidate/loss_future_cos[0m         |  [0;32;40m0.053290270268917084[0m  |
|       [0;34;40mvalidate/loss_future_cos_epoch[0m      |  [0;32;40m0.053290270268917084[0m  |
|          [0;34;40mvalidate/loss_future_l1[0m          |  [0;32;40m0.25185155868530273[0m   |
|       [0;34;40mvalidate/loss_future_l1_epoch[0m       |  [0;32;40m0.25185155868530273[0m   |
|             [0;34;40mvalidate/loss_mse[0m             |  [0;32;40m0.11357874423265457[0m   |
|          [0;34;40mvalidate/loss_mse_epoch[0m          |  [0;32;40m0.11357874423265457[0m   |
|        [0;34;40mvalidate/loss_mse_horizon_01[0m       |  [0;32;40m0.14348088204860687[0m   |
|     [0;34;40mvalidate/loss_mse_horizon_01_epoch[0m    |  [0;32;40m0.14348088204860687[0m   |
|        [0;34;40mvalidate/loss_mse_horizon_02[0m       |  [0;32;40m0.09851005673408508[0m   |
|     [0;34;40mvalidate/loss_mse_horizon_02_epoch[0m    |  [0;32;40m0.09851005673408508[0m   |
|        [0;34;40mvalidate/loss_mse_horizon_03[0m       |  [0;32;40m0.09874540567398071[0m   |
|     [0;34;40mvalidate/loss_mse_horizon_03_epoch[0m    |  [0;32;40m0.09874540567398071[0m   |
|            [0;34;40mvalidate/loss_total[0m            |   [0;32;40m1.1970231533050537[0m   |
|         [0;34;40mvalidate/loss_total_epoch[0m         |   [0;32;40m1.1970231533050537[0m   |
|     [0;34;40mvalidate/pairwise_cos_hist_bin_00[0m     |          [0;32;40m0.0[0m           |
|  [0;34;40mvalidate/pairwise_cos_hist_bin_00_epoch[0m  |          [0;32;40m0.0[0m           |
|     [0;34;40mvalidate/pairwise_cos_hist_bin_01[0m     |          [0;32;40m0.0[0m           |
|  [0;34;40mvalidate/pairwise_cos_hist_bin_01_epoch[0m  |          [0;32;40m0.0[0m           |
|     [0;34;40mvalidate/pairwise_cos_hist_bin_02[0m     |          [0;32;40m0.0[0m           |
|  [0;34;40mvalidate/pairwise_cos_hist_bin_02_epoch[0m  |          [0;32;40m0.0[0m           |
|     [0;34;40mvalidate/pairwise_cos_hist_bin_03[0m     |          [0;32;40m0.0[0m           |
|  [0;34;40mvalidate/pairwise_cos_hist_bin_03_epoch[0m  |          [0;32;40m0.0[0m           |
|     [0;34;40mvalidate/pairwise_cos_hist_bin_04[0m     |          [0;32;40m0.0[0m           |
|  [0;34;40mvalidate/pairwise_cos_hist_bin_04_epoch[0m  |          [0;32;40m0.0[0m           |
|     [0;34;40mvalidate/pairwise_cos_hist_bin_05[0m     |          [0;32;40m0.0[0m           |
|  [0;34;40mvalidate/pairwise_cos_hist_bin_05_epoch[0m  |          [0;32;40m0.0[0m           |
|     [0;34;40mvalidate/pairwise_cos_hist_bin_06[0m     | [0;32;40m1.7337324607069604e-05[0m |
|  [0;34;40mvalidate/pairwise_cos_hist_bin_06_epoch[0m  | [0;32;40m1.7337324607069604e-05[0m |
|     [0;34;40mvalidate/pairwise_cos_hist_bin_07[0m     | [0;32;40m0.0012728472938761115[0m  |
|  [0;34;40mvalidate/pairwise_cos_hist_bin_07_epoch[0m  | [0;32;40m0.0012728472938761115[0m  |
|     [0;34;40mvalidate/pairwise_cos_hist_bin_08[0m     |  [0;32;40m0.023568257689476013[0m  |
|  [0;34;40mvalidate/pairwise_cos_hist_bin_08_epoch[0m  |  [0;32;40m0.023568257689476013[0m  |
|     [0;34;40mvalidate/pairwise_cos_hist_bin_09[0m     |   [0;32;40m0.1504625529050827[0m   |
|  [0;34;40mvalidate/pairwise_cos_hist_bin_09_epoch[0m  |   [0;32;40m0.1504625529050827[0m   |
|     [0;34;40mvalidate/pairwise_cos_hist_bin_10[0m     |  [0;32;40m0.30718785524368286[0m   |
|  [0;34;40mvalidate/pairwise_cos_hist_bin_10_epoch[0m  |  [0;32;40m0.30718785524368286[0m   |
|     [0;34;40mvalidate/pairwise_cos_hist_bin_11[0m     |   [0;32;40m0.2351437211036682[0m   |
|  [0;34;40mvalidate/pairwise_cos_hist_bin_11_epoch[0m  |   [0;32;40m0.2351437211036682[0m   |
|     [0;34;40mvalidate/pairwise_cos_hist_bin_12[0m     |   [0;32;40m0.1321980357170105[0m   |
|  [0;34;40mvalidate/pairwise_cos_hist_bin_12_epoch[0m  |   [0;32;40m0.1321980357170105[0m   |
|     [0;34;40mvalidate/pairwise_cos_hist_bin_13[0m     |  [0;32;40m0.06511513888835907[0m   |
|  [0;34;40mvalidate/pairwise_cos_hist_bin_13_epoch[0m  |  [0;32;40m0.06511513888835907[0m   |
|     [0;34;40mvalidate/pairwise_cos_hist_bin_14[0m     |  [0;32;40m0.03266986086964607[0m   |
|  [0;34;40mvalidate/pairwise_cos_hist_bin_14_epoch[0m  |  [0;32;40m0.03266986086964607[0m   |
|     [0;34;40mvalidate/pairwise_cos_hist_bin_15[0m     |  [0;32;40m0.017600564286112785[0m  |
|  [0;34;40mvalidate/pairwise_cos_hist_bin_15_epoch[0m  |  [0;32;40m0.017600564286112785[0m  |
|     [0;34;40mvalidate/pairwise_cos_hist_bin_16[0m     |  [0;32;40m0.010655353777110577[0m  |
|  [0;34;40mvalidate/pairwise_cos_hist_bin_16_epoch[0m  |  [0;32;40m0.010655353777110577[0m  |
|     [0;34;40mvalidate/pairwise_cos_hist_bin_17[0m     |  [0;32;40m0.007926292717456818[0m  |
|  [0;34;40mvalidate/pairwise_cos_hist_bin_17_epoch[0m  |  [0;32;40m0.007926292717456818[0m  |
|     [0;34;40mvalidate/pairwise_cos_hist_bin_18[0m     |  [0;32;40m0.00791993923485279[0m   |
|  [0;34;40mvalidate/pairwise_cos_hist_bin_18_epoch[0m  |  [0;32;40m0.00791993923485279[0m   |
|     [0;34;40mvalidate/pairwise_cos_hist_bin_19[0m     |  [0;32;40m0.008262340910732746[0m  |
|  [0;34;40mvalidate/pairwise_cos_hist_bin_19_epoch[0m  |  [0;32;40m0.008262340910732746[0m  |
|         [0;34;40mvalidate/pairwise_cos_max[0m         |          [0;32;40m1.0[0m           |
|      [0;34;40mvalidate/pairwise_cos_max_epoch[0m      |          [0;32;40m1.0[0m           |
|         [0;34;40mvalidate/pairwise_cos_mean[0m        |  [0;32;40m0.14684216678142548[0m   |
|      [0;34;40mvalidate/pairwise_cos_mean_epoch[0m     |  [0;32;40m0.14684216678142548[0m   |
|         [0;34;40mvalidate/pairwise_cos_min[0m         |   [0;32;40m-0.300926148891449[0m   |
|      [0;34;40mvalidate/pairwise_cos_min_epoch[0m      |   [0;32;40m-0.300926148891449[0m   |
|         [0;34;40mvalidate/pairwise_cos_std[0m         |  [0;32;40m0.18698439002037048[0m   |
|      [0;34;40mvalidate/pairwise_cos_std_epoch[0m      |  [0;32;40m0.18698439002037048[0m   |
|          [0;34;40mvalidate/pred_latent_mse[0m         |  [0;32;40m0.11357874423265457[0m   |
|       [0;34;40mvalidate/pred_latent_mse_epoch[0m      |  [0;32;40m0.11357874423265457[0m   |
|             [0;34;40mvalidate/pred_loss[0m            |  [0;32;40m0.11357874423265457[0m   |
|          [0;34;40mvalidate/pred_loss_epoch[0m         |  [0;32;40m0.11357874423265457[0m   |
|    [0;34;40mvalidate/predictor_mode_is_residual[0m    |          [0;32;40m1.0[0m           |
| [0;34;40mvalidate/predictor_mode_is_residual_epoch[0m |          [0;32;40m1.0[0m           |
|            [0;34;40mvalidate/sigreg_loss[0m           |   [0;32;40m12.03818416595459[0m    |
|         [0;34;40mvalidate/sigreg_loss_epoch[0m        |   [0;32;40m12.03818416595459[0m    |
|         [0;34;40mvalidate/target_delta_norm[0m        |   [0;32;40m6.738360404968262[0m    |
|      [0;34;40mvalidate/target_delta_norm_epoch[0m     |   [0;32;40m6.738360404968262[0m    |
+-------------------------------------------+------------------------+
17:59:00 | INFO  | utils.py    | 📦📦📦 Model saved to /data1/Johnny/challenge/wrf/homework/outputs/stable-wm/checkpoints/lewm_residual_reacher_15/weights_epoch_6.pt 📦📦📦
[Epoch 5/15] done in 1871.7s
17:59:00 | INFO  | checkpoint_~|   Checking for non PyTorch modules to save
17:59:00 | INFO  | atomic_chec~| [atomic_save] → /data1/Johnny/challenge/wrf/homework/outputs/home/.cache/stable-pretraining/runs/20260715/145800/ee58f199d257/checkpoints/epoch=5-step=9594.ckpt
17:59:00 | INFO  | atomic_chec~| [atomic_save] ✓ epoch=5-step=9594.ckpt saved (206.8 MiB, serialise=0.33s write=0.22s rename=0.1ms)
17:59:00 | INFO  | checkpoint_~|   Checking for non PyTorch modules to save
17:59:00 | INFO  | atomic_chec~| [atomic_save] → /data1/Johnny/challenge/wrf/homework/outputs/home/.cache/stable-pretraining/runs/20260715/145800/ee58f199d257/checkpoints/last.ckpt
17:59:01 | INFO  | atomic_chec~| [atomic_save] ✓ last.ckpt saved (206.8 MiB, serialise=0.32s write=0.22s rename=27.6ms)
[Epoch 6/15] step 50/1599 (0.8 it/s)
[Epoch 6/15] step 50/1599 (0.8 it/s)
[Epoch 6/15] step 50/1599 (0.8 it/s)
[Epoch 6/15] step 50/1599 (0.8 it/s)
[Epoch 6/15] step 50/1599 (0.8 it/s)
[Epoch 6/15] step 50/1599 (0.8 it/s)
[Epoch 6/15] step 50/1599 (0.8 it/s)
[Epoch 6/15] step 50/1599 (0.8 it/s)
[Epoch 6/15] step 100/1599 (0.8 it/s)
[Epoch 6/15] step 100/1599 (0.8 it/s)
[Epoch 6/15] step 100/1599 (0.8 it/s)
[Epoch 6/15] step 100/1599 (0.8 it/s)
[Epoch 6/15] step 100/1599 (0.8 it/s)
[Epoch 6/15] step 100/1599 (0.8 it/s)
[Epoch 6/15] step 100/1599 (0.8 it/s)
[Epoch 6/15] step 100/1599 (0.8 it/s)
[Epoch 6/15] step 150/1599 (0.9 it/s)
[Epoch 6/15] step 150/1599 (0.9 it/s)
[Epoch 6/15] step 150/1599 (0.9 it/s)
[Epoch 6/15] step 150/1599 (0.9 it/s)
[Epoch 6/15] step 150/1599 (0.9 it/s)
[Epoch 6/15] step 150/1599 (0.9 it/s)
[Epoch 6/15] step 150/1599 (0.9 it/s)
[Epoch 6/15] step 150/1599 (0.9 it/s)
[Epoch 6/15] step 200/1599 (0.9 it/s)
[Epoch 6/15] step 200/1599 (0.9 it/s)
[Epoch 6/15] step 200/1599 (0.9 it/s)
[Epoch 6/15] step 200/1599 (0.9 it/s)
[Epoch 6/15] step 200/1599 (0.9 it/s)
[Epoch 6/15] step 200/1599 (0.9 it/s)
[Epoch 6/15] step 200/1599 (0.9 it/s)
[Epoch 6/15] step 200/1599 (0.9 it/s)
[Epoch 6/15] step 250/1599 (0.9 it/s)
[Epoch 6/15] step 250/1599 (0.9 it/s)
[Epoch 6/15] step 250/1599 (0.9 it/s)
[Epoch 6/15] step 250/1599 (0.9 it/s)
[Epoch 6/15] step 250/1599 (0.9 it/s)
[Epoch 6/15] step 250/1599 (0.9 it/s)
[Epoch 6/15] step 250/1599 (0.9 it/s)
[Epoch 6/15] step 250/1599 (0.9 it/s)
[Epoch 6/15] step 300/1599 (0.9 it/s)
[Epoch 6/15] step 300/1599 (0.9 it/s)
[Epoch 6/15] step 300/1599 (0.9 it/s)
[Epoch 6/15] step 300/1599 (0.9 it/s)
[Epoch 6/15] step 300/1599 (0.9 it/s)
[Epoch 6/15] step 300/1599 (0.9 it/s)
[Epoch 6/15] step 300/1599 (0.9 it/s)
[Epoch 6/15] step 300/1599 (0.9 it/s)
[Epoch 6/15] step 350/1599 (0.9 it/s)
[Epoch 6/15] step 350/1599 (0.9 it/s)
[Epoch 6/15] step 350/1599 (0.9 it/s)
[Epoch 6/15] step 350/1599 (0.9 it/s)
[Epoch 6/15] step 350/1599 (0.9 it/s)
[Epoch 6/15] step 350/1599 (0.9 it/s)
[Epoch 6/15] step 350/1599 (0.9 it/s)
[Epoch 6/15] step 350/1599 (0.9 it/s)
[Epoch 6/15] step 400/1599 (0.9 it/s)
[Epoch 6/15] step 400/1599 (0.9 it/s)
[Epoch 6/15] step 400/1599 (0.9 it/s)
[Epoch 6/15] step 400/1599 (0.9 it/s)
[Epoch 6/15] step 400/1599 (0.9 it/s)
[Epoch 6/15] step 400/1599 (0.9 it/s)
[Epoch 6/15] step 400/1599 (0.9 it/s)
[Epoch 6/15] step 400/1599 (0.9 it/s)
[Epoch 6/15] step 450/1599 (0.9 it/s)
[Epoch 6/15] step 450/1599 (0.9 it/s)
[Epoch 6/15] step 450/1599 (0.9 it/s)
[Epoch 6/15] step 450/1599 (0.9 it/s)
[Epoch 6/15] step 450/1599 (0.9 it/s)
[Epoch 6/15] step 450/1599 (0.9 it/s)
[Epoch 6/15] step 450/1599 (0.9 it/s)
[Epoch 6/15] step 450/1599 (0.9 it/s)
[Epoch 6/15] step 500/1599 (0.9 it/s)
[Epoch 6/15] step 500/1599 (0.9 it/s)
[Epoch 6/15] step 500/1599 (0.9 it/s)
[Epoch 6/15] step 500/1599 (0.9 it/s)
[Epoch 6/15] step 500/1599 (0.9 it/s)
[Epoch 6/15] step 500/1599 (0.9 it/s)
[Epoch 6/15] step 500/1599 (0.9 it/s)
[Epoch 6/15] step 500/1599 (0.9 it/s)
[Epoch 6/15] step 550/1599 (1.0 it/s)
[Epoch 6/15] step 550/1599 (1.0 it/s)
[Epoch 6/15] step 550/1599 (1.0 it/s)
[Epoch 6/15] step 550/1599 (1.0 it/s)
[Epoch 6/15] step 550/1599 (1.0 it/s)
[Epoch 6/15] step 550/1599 (1.0 it/s)
[Epoch 6/15] step 550/1599 (1.0 it/s)
[Epoch 6/15] step 550/1599 (1.0 it/s)
[Epoch 6/15] step 600/1599 (1.0 it/s)
[Epoch 6/15] step 600/1599 (1.0 it/s)
[Epoch 6/15] step 600/1599 (1.0 it/s)
[Epoch 6/15] step 600/1599 (1.0 it/s)
[Epoch 6/15] step 600/1599 (1.0 it/s)
[Epoch 6/15] step 600/1599 (1.0 it/s)
[Epoch 6/15] step 600/1599 (1.0 it/s)
[Epoch 6/15] step 600/1599 (1.0 it/s)
[Epoch 6/15] step 650/1599 (1.0 it/s)
[Epoch 6/15] step 650/1599 (1.0 it/s)
[Epoch 6/15] step 650/1599 (1.0 it/s)
[Epoch 6/15] step 650/1599 (1.0 it/s)
[Epoch 6/15] step 650/1599 (1.0 it/s)
[Epoch 6/15] step 650/1599 (1.0 it/s)
[Epoch 6/15] step 650/1599 (1.0 it/s)
[Epoch 6/15] step 650/1599 (1.0 it/s)
[Epoch 6/15] step 700/1599 (1.0 it/s)
[Epoch 6/15] step 700/1599 (1.0 it/s)
[Epoch 6/15] step 700/1599 (1.0 it/s)
[Epoch 6/15] step 700/1599 (1.0 it/s)
[Epoch 6/15] step 700/1599 (1.0 it/s)
[Epoch 6/15] step 700/1599 (1.0 it/s)
[Epoch 6/15] step 700/1599 (1.0 it/s)
[Epoch 6/15] step 700/1599 (1.0 it/s)
[Epoch 6/15] step 750/1599 (0.9 it/s)
[Epoch 6/15] step 750/1599 (0.9 it/s)
[Epoch 6/15] step 750/1599 (0.9 it/s)
[Epoch 6/15] step 750/1599 (0.9 it/s)
[Epoch 6/15] step 750/1599 (0.9 it/s)
[Epoch 6/15] step 750/1599 (0.9 it/s)
[Epoch 6/15] step 750/1599 (0.9 it/s)
[Epoch 6/15] step 750/1599 (0.9 it/s)
[Epoch 6/15] step 800/1599 (0.9 it/s)
[Epoch 6/15] step 800/1599 (0.9 it/s)
[Epoch 6/15] step 800/1599 (0.9 it/s)
[Epoch 6/15] step 800/1599 (0.9 it/s)
[Epoch 6/15] step 800/1599 (0.9 it/s)
[Epoch 6/15] step 800/1599 (0.9 it/s)
[Epoch 6/15] step 800/1599 (0.9 it/s)
[Epoch 6/15] step 800/1599 (0.9 it/s)
[Epoch 6/15] step 850/1599 (0.9 it/s)
[Epoch 6/15] step 850/1599 (0.9 it/s)
[Epoch 6/15] step 850/1599 (0.9 it/s)
[Epoch 6/15] step 850/1599 (0.9 it/s)
[Epoch 6/15] step 850/1599 (0.9 it/s)
[Epoch 6/15] step 850/1599 (0.9 it/s)
[Epoch 6/15] step 850/1599 (0.9 it/s)
[Epoch 6/15] step 850/1599 (0.9 it/s)
[Epoch 6/15] step 900/1599 (0.9 it/s)
[Epoch 6/15] step 900/1599 (0.9 it/s)
[Epoch 6/15] step 900/1599 (0.9 it/s)
[Epoch 6/15] step 900/1599 (0.9 it/s)
[Epoch 6/15] step 900/1599 (0.9 it/s)
[Epoch 6/15] step 900/1599 (0.9 it/s)
[Epoch 6/15] step 900/1599 (0.9 it/s)
[Epoch 6/15] step 900/1599 (0.9 it/s)
[Epoch 6/15] step 950/1599 (0.9 it/s)
[Epoch 6/15] step 950/1599 (0.9 it/s)
[Epoch 6/15] step 950/1599 (0.9 it/s)
[Epoch 6/15] step 950/1599 (0.9 it/s)
[Epoch 6/15] step 950/1599 (0.9 it/s)
[Epoch 6/15] step 950/1599 (0.9 it/s)
[Epoch 6/15] step 950/1599 (0.9 it/s)
[Epoch 6/15] step 950/1599 (0.9 it/s)
[Epoch 6/15] step 1000/1599 (0.9 it/s)
[Epoch 6/15] step 1000/1599 (0.9 it/s)
[Epoch 6/15] step 1000/1599 (0.9 it/s)
[Epoch 6/15] step 1000/1599 (0.9 it/s)
[Epoch 6/15] step 1000/1599 (0.9 it/s)
[Epoch 6/15] step 1000/1599 (0.9 it/s)
[Epoch 6/15] step 1000/1599 (0.9 it/s)
[Epoch 6/15] step 1000/1599 (0.9 it/s)
[Epoch 6/15] step 1050/1599 (0.9 it/s)
[Epoch 6/15] step 1050/1599 (0.9 it/s)
[Epoch 6/15] step 1050/1599 (0.9 it/s)
[Epoch 6/15] step 1050/1599 (0.9 it/s)
[Epoch 6/15] step 1050/1599 (0.9 it/s)
[Epoch 6/15] step 1050/1599 (0.9 it/s)
[Epoch 6/15] step 1050/1599 (0.9 it/s)
[Epoch 6/15] step 1050/1599 (0.9 it/s)
[Epoch 6/15] step 1100/1599 (0.9 it/s)
[Epoch 6/15] step 1100/1599 (0.9 it/s)
[Epoch 6/15] step 1100/1599 (0.9 it/s)
[Epoch 6/15] step 1100/1599 (0.9 it/s)
[Epoch 6/15] step 1100/1599 (0.9 it/s)
[Epoch 6/15] step 1100/1599 (0.9 it/s)
[Epoch 6/15] step 1100/1599 (0.9 it/s)
[Epoch 6/15] step 1100/1599 (0.9 it/s)
[Epoch 6/15] step 1150/1599 (0.9 it/s)
[Epoch 6/15] step 1150/1599 (0.9 it/s)
[Epoch 6/15] step 1150/1599 (0.9 it/s)
[Epoch 6/15] step 1150/1599 (0.9 it/s)
[Epoch 6/15] step 1150/1599 (0.9 it/s)
[Epoch 6/15] step 1150/1599 (0.9 it/s)
[Epoch 6/15] step 1150/1599 (0.9 it/s)
[Epoch 6/15] step 1150/1599 (0.9 it/s)
[Epoch 6/15] step 1200/1599 (0.9 it/s)
[Epoch 6/15] step 1200/1599 (0.9 it/s)
[Epoch 6/15] step 1200/1599 (0.9 it/s)
[Epoch 6/15] step 1200/1599 (0.9 it/s)
[Epoch 6/15] step 1200/1599 (0.9 it/s)
[Epoch 6/15] step 1200/1599 (0.9 it/s)
[Epoch 6/15] step 1200/1599 (0.9 it/s)
[Epoch 6/15] step 1200/1599 (0.9 it/s)
[Epoch 6/15] step 1250/1599 (0.9 it/s)
[Epoch 6/15] step 1250/1599 (0.9 it/s)
[Epoch 6/15] step 1250/1599 (0.9 it/s)
[Epoch 6/15] step 1250/1599 (0.9 it/s)
[Epoch 6/15] step 1250/1599 (0.9 it/s)
[Epoch 6/15] step 1250/1599 (0.9 it/s)
[Epoch 6/15] step 1250/1599 (0.9 it/s)
[Epoch 6/15] step 1250/1599 (0.9 it/s)
[Epoch 6/15] step 1300/1599 (1.0 it/s)
[Epoch 6/15] step 1300/1599 (1.0 it/s)
[Epoch 6/15] step 1300/1599 (1.0 it/s)
[Epoch 6/15] step 1300/1599 (1.0 it/s)
[Epoch 6/15] step 1300/1599 (1.0 it/s)
[Epoch 6/15] step 1300/1599 (1.0 it/s)
[Epoch 6/15] step 1300/1599 (1.0 it/s)
[Epoch 6/15] step 1300/1599 (1.0 it/s)
[Epoch 6/15] step 1350/1599 (1.0 it/s)
[Epoch 6/15] step 1350/1599 (1.0 it/s)
[Epoch 6/15] step 1350/1599 (1.0 it/s)
[Epoch 6/15] step 1350/1599 (1.0 it/s)
[Epoch 6/15] step 1350/1599 (1.0 it/s)
[Epoch 6/15] step 1350/1599 (1.0 it/s)
[Epoch 6/15] step 1350/1599 (1.0 it/s)
[Epoch 6/15] step 1350/1599 (1.0 it/s)
[Epoch 6/15] step 1400/1599 (1.0 it/s)
[Epoch 6/15] step 1400/1599 (1.0 it/s)
[Epoch 6/15] step 1400/1599 (1.0 it/s)
[Epoch 6/15] step 1400/1599 (1.0 it/s)
[Epoch 6/15] step 1400/1599 (1.0 it/s)
[Epoch 6/15] step 1400/1599 (1.0 it/s)
[Epoch 6/15] step 1400/1599 (1.0 it/s)
[Epoch 6/15] step 1400/1599 (1.0 it/s)
[Epoch 6/15] step 1450/1599 (1.0 it/s)
[Epoch 6/15] step 1450/1599 (1.0 it/s)
[Epoch 6/15] step 1450/1599 (1.0 it/s)
[Epoch 6/15] step 1450/1599 (1.0 it/s)
[Epoch 6/15] step 1450/1599 (1.0 it/s)
[Epoch 6/15] step 1450/1599 (1.0 it/s)
[Epoch 6/15] step 1450/1599 (1.0 it/s)
[Epoch 6/15] step 1450/1599 (1.0 it/s)
[Epoch 6/15] step 1500/1599 (1.0 it/s)
[Epoch 6/15] step 1500/1599 (1.0 it/s)
[Epoch 6/15] step 1500/1599 (1.0 it/s)
[Epoch 6/15] step 1500/1599 (1.0 it/s)
[Epoch 6/15] step 1500/1599 (1.0 it/s)
[Epoch 6/15] step 1500/1599 (1.0 it/s)
[Epoch 6/15] step 1500/1599 (1.0 it/s)
[Epoch 6/15] step 1500/1599 (1.0 it/s)
[Epoch 6/15] step 1550/1599 (0.9 it/s)
[Epoch 6/15] step 1550/1599 (0.9 it/s)
[Epoch 6/15] step 1550/1599 (0.9 it/s)
[Epoch 6/15] step 1550/1599 (0.9 it/s)
[Epoch 6/15] step 1550/1599 (0.9 it/s)
[Epoch 6/15] step 1550/1599 (0.9 it/s)
[Epoch 6/15] step 1550/1599 (0.9 it/s)
[Epoch 6/15] step 1550/1599 (0.9 it/s)
[Epoch 6/15] done in 1877.8s
[Epoch 6/15] done in 1877.8s
[Epoch 6/15] done in 1877.8s
[Epoch 6/15] done in 1877.8s
[Epoch 6/15] done in 1877.8s
[Epoch 6/15] done in 1877.8s
[Epoch 6/15] done in 1877.8s
18:30:19 | INFO  | trainer_inf~| \n+-------------------------------------------+-------------------------+
|                   Metric                  |          Value          |
+-------------------------------------------+-------------------------+
|            [0;34;40mfit/active_dim_count[0m           |          [0;32;40m192.0[0m          |
|               [0;34;40mfit/delta_cos[0m               |    [0;32;40m0.9164966940879822[0m   |
|               [0;34;40mfit/delta_norm[0m              |    [0;32;40m6.936046123504639[0m    |
|              [0;34;40mfit/latent_mean[0m              | [0;32;40m-0.00019855174468830228[0m |
|              [0;34;40mfit/latent_norm[0m              |    [0;32;40m13.541117668151855[0m   |
|               [0;34;40mfit/latent_std[0m              |    [0;32;40m0.9799423217773438[0m   |
|            [0;34;40mfit/learning_rate_0[0m            |  [0;32;40m2.8032107366016135e-05[0m |
|                  [0;34;40mfit/loss[0m                 |    [0;32;40m0.167517751455307[0m    |
|            [0;34;40mfit/loss_future_cos[0m            |   [0;32;40m0.01757746934890747[0m   |
|             [0;34;40mfit/loss_future_l1[0m            |     [0;32;40m0.12066650390625[0m    |
|                [0;34;40mfit/loss_mse[0m               |   [0;32;40m0.03324039652943611[0m   |
|          [0;34;40mfit/loss_mse_horizon_01[0m          |   [0;32;40m0.07657995074987411[0m   |
|          [0;34;40mfit/loss_mse_horizon_02[0m          |   [0;32;40m0.011823413893580437[0m  |
|          [0;34;40mfit/loss_mse_horizon_03[0m          |   [0;32;40m0.011317828670144081[0m  |
|               [0;34;40mfit/loss_total[0m              |    [0;32;40m0.167517751455307[0m    |
|        [0;34;40mfit/pairwise_cos_hist_bin_00[0m       |           [0;32;40m0.0[0m           |
|        [0;34;40mfit/pairwise_cos_hist_bin_01[0m       |           [0;32;40m0.0[0m           |
|        [0;34;40mfit/pairwise_cos_hist_bin_02[0m       |           [0;32;40m0.0[0m           |
|        [0;34;40mfit/pairwise_cos_hist_bin_03[0m       |           [0;32;40m0.0[0m           |
|        [0;34;40mfit/pairwise_cos_hist_bin_04[0m       |           [0;32;40m0.0[0m           |
|        [0;34;40mfit/pairwise_cos_hist_bin_05[0m       |           [0;32;40m0.0[0m           |
|        [0;34;40mfit/pairwise_cos_hist_bin_06[0m       |  [0;32;40m0.00036597205325961113[0m |
|        [0;34;40mfit/pairwise_cos_hist_bin_07[0m       |   [0;32;40m0.017924029380083084[0m  |
|        [0;34;40mfit/pairwise_cos_hist_bin_08[0m       |   [0;32;40m0.16799357533454895[0m   |
|        [0;34;40mfit/pairwise_cos_hist_bin_09[0m       |   [0;32;40m0.45705512166023254[0m   |
|        [0;34;40mfit/pairwise_cos_hist_bin_10[0m       |   [0;32;40m0.24811184406280518[0m   |
|        [0;34;40mfit/pairwise_cos_hist_bin_11[0m       |   [0;32;40m0.049976687878370285[0m  |
|        [0;34;40mfit/pairwise_cos_hist_bin_12[0m       |   [0;32;40m0.014374195598065853[0m  |
|        [0;34;40mfit/pairwise_cos_hist_bin_13[0m       |   [0;32;40m0.008586487732827663[0m  |
|        [0;34;40mfit/pairwise_cos_hist_bin_14[0m       |   [0;32;40m0.00703564565628767[0m   |
|        [0;34;40mfit/pairwise_cos_hist_bin_15[0m       |   [0;32;40m0.006331412121653557[0m  |
|        [0;34;40mfit/pairwise_cos_hist_bin_16[0m       |   [0;32;40m0.00576477637514472[0m   |
|        [0;34;40mfit/pairwise_cos_hist_bin_17[0m       |   [0;32;40m0.005373004823923111[0m  |
|        [0;34;40mfit/pairwise_cos_hist_bin_18[0m       |   [0;32;40m0.005544046871364117[0m  |
|        [0;34;40mfit/pairwise_cos_hist_bin_19[0m       |   [0;32;40m0.005563157144933939[0m  |
|            [0;34;40mfit/pairwise_cos_max[0m           |           [0;32;40m1.0[0m           |
|           [0;34;40mfit/pairwise_cos_mean[0m           |  [0;32;40m-0.0017099380493164062[0m |
|            [0;34;40mfit/pairwise_cos_min[0m           |       [0;32;40m-0.341796875[0m      |
|            [0;34;40mfit/pairwise_cos_std[0m           |     [0;32;40m0.1639404296875[0m     |
|            [0;34;40mfit/pred_latent_mse[0m            |   [0;32;40m0.03324039652943611[0m   |
|               [0;34;40mfit/pred_loss[0m               |   [0;32;40m0.03324039652943611[0m   |
|       [0;34;40mfit/predictor_mode_is_residual[0m      |           [0;32;40m1.0[0m           |
|            [0;34;40mfit/samples_per_sec[0m            |    [0;32;40m1280.1951904296875[0m   |
|              [0;34;40mfit/sigreg_loss[0m              |       [0;32;40m1.4912109375[0m      |
|           [0;34;40mfit/target_delta_norm[0m           |    [0;32;40m7.292201995849609[0m    |
|            [0;34;40mhardware/cpu_percent[0m           |    [0;32;40m33.70000076293945[0m    |
|          [0;34;40mhardware/disk_read_mb_s[0m          |           [0;32;40m0.0[0m           |
|          [0;34;40mhardware/disk_write_mb_s[0m         |   [0;32;40m0.18510274589061737[0m   |
|           [0;34;40mhardware/net_recv_mb_s[0m          |   [0;32;40m0.00694770272821188[0m   |
|           [0;34;40mhardware/net_sent_mb_s[0m          |   [0;32;40m0.006560050882399082[0m  |
|            [0;34;40mhardware/ram_used_gb[0m           |    [0;32;40m527.8306274414062[0m    |
|           [0;34;40mhardware/ram_used_pct[0m           |    [0;32;40m28.299999237060547[0m   |
|            [0;34;40mhparams/lr_default_0[0m           |  [0;32;40m2.803210554702673e-05[0m  |
|         [0;34;40mvalidate/active_dim_count[0m         |          [0;32;40m192.0[0m          |
|      [0;34;40mvalidate/active_dim_count_epoch[0m      |          [0;32;40m192.0[0m          |
|             [0;34;40mvalidate/delta_cos[0m            |    [0;32;40m0.8838543891906738[0m   |
|          [0;34;40mvalidate/delta_cos_epoch[0m         |    [0;32;40m0.8838543891906738[0m   |
|            [0;34;40mvalidate/delta_norm[0m            |    [0;32;40m6.932526111602783[0m    |
|         [0;34;40mvalidate/delta_norm_epoch[0m         |    [0;32;40m6.932526111602783[0m    |
|            [0;34;40mvalidate/latent_mean[0m           |  [0;32;40m-0.0019838653970509768[0m |
|         [0;34;40mvalidate/latent_mean_epoch[0m        |  [0;32;40m-0.0019838653970509768[0m |
|            [0;34;40mvalidate/latent_norm[0m           |    [0;32;40m13.99221420288086[0m    |
|         [0;34;40mvalidate/latent_norm_epoch[0m        |    [0;32;40m13.99221420288086[0m    |
|            [0;34;40mvalidate/latent_std[0m            |    [0;32;40m1.0141890048980713[0m   |
|         [0;34;40mvalidate/latent_std_epoch[0m         |    [0;32;40m1.0141890048980713[0m   |
|               [0;34;40mvalidate/loss[0m               |   [0;32;40m0.38099879026412964[0m   |
|            [0;34;40mvalidate/loss_epoch[0m            |   [0;32;40m0.38099879026412964[0m   |
|          [0;34;40mvalidate/loss_future_cos[0m         |   [0;32;40m0.02231847681105137[0m   |
|       [0;34;40mvalidate/loss_future_cos_epoch[0m      |   [0;32;40m0.02231847681105137[0m   |
|          [0;34;40mvalidate/loss_future_l1[0m          |   [0;32;40m0.15242184698581696[0m   |
|       [0;34;40mvalidate/loss_future_l1_epoch[0m       |   [0;32;40m0.15242184698581696[0m   |
|             [0;34;40mvalidate/loss_mse[0m             |   [0;32;40m0.04627320542931557[0m   |
|          [0;34;40mvalidate/loss_mse_epoch[0m          |   [0;32;40m0.04627320542931557[0m   |
|        [0;34;40mvalidate/loss_mse_horizon_01[0m       |   [0;32;40m0.08839636296033859[0m   |
|     [0;34;40mvalidate/loss_mse_horizon_01_epoch[0m    |   [0;32;40m0.08839636296033859[0m   |
|        [0;34;40mvalidate/loss_mse_horizon_02[0m       |   [0;32;40m0.025213759392499924[0m  |
|     [0;34;40mvalidate/loss_mse_horizon_02_epoch[0m    |   [0;32;40m0.025213759392499924[0m  |
|        [0;34;40mvalidate/loss_mse_horizon_03[0m       |   [0;32;40m0.025209488347172737[0m  |
|     [0;34;40mvalidate/loss_mse_horizon_03_epoch[0m    |   [0;32;40m0.025209488347172737[0m  |
|            [0;34;40mvalidate/loss_total[0m            |   [0;32;40m0.38099879026412964[0m   |
|         [0;34;40mvalidate/loss_total_epoch[0m         |   [0;32;40m0.38099879026412964[0m   |
|     [0;34;40mvalidate/pairwise_cos_hist_bin_00[0m     |           [0;32;40m0.0[0m           |
|  [0;34;40mvalidate/pairwise_cos_hist_bin_00_epoch[0m  |           [0;32;40m0.0[0m           |
|     [0;34;40mvalidate/pairwise_cos_hist_bin_01[0m     |           [0;32;40m0.0[0m           |
|  [0;34;40mvalidate/pairwise_cos_hist_bin_01_epoch[0m  |           [0;32;40m0.0[0m           |
|     [0;34;40mvalidate/pairwise_cos_hist_bin_02[0m     |           [0;32;40m0.0[0m           |
|  [0;34;40mvalidate/pairwise_cos_hist_bin_02_epoch[0m  |           [0;32;40m0.0[0m           |
|     [0;34;40mvalidate/pairwise_cos_hist_bin_03[0m     |           [0;32;40m0.0[0m           |
|  [0;34;40mvalidate/pairwise_cos_hist_bin_03_epoch[0m  |           [0;32;40m0.0[0m           |
|     [0;34;40mvalidate/pairwise_cos_hist_bin_04[0m     |           [0;32;40m0.0[0m           |
|  [0;34;40mvalidate/pairwise_cos_hist_bin_04_epoch[0m  |           [0;32;40m0.0[0m           |
|     [0;34;40mvalidate/pairwise_cos_hist_bin_05[0m     |           [0;32;40m0.0[0m           |
|  [0;34;40mvalidate/pairwise_cos_hist_bin_05_epoch[0m  |           [0;32;40m0.0[0m           |
|     [0;34;40mvalidate/pairwise_cos_hist_bin_06[0m     |  [0;32;40m0.00038507324643433094[0m |
|  [0;34;40mvalidate/pairwise_cos_hist_bin_06_epoch[0m  |  [0;32;40m0.00038507324643433094[0m |
|     [0;34;40mvalidate/pairwise_cos_hist_bin_07[0m     |   [0;32;40m0.012516448274254799[0m  |
|  [0;34;40mvalidate/pairwise_cos_hist_bin_07_epoch[0m  |   [0;32;40m0.012516448274254799[0m  |
|     [0;34;40mvalidate/pairwise_cos_hist_bin_08[0m     |   [0;32;40m0.11236212402582169[0m   |
|  [0;34;40mvalidate/pairwise_cos_hist_bin_08_epoch[0m  |   [0;32;40m0.11236212402582169[0m   |
|     [0;34;40mvalidate/pairwise_cos_hist_bin_09[0m     |    [0;32;40m0.3991473615169525[0m   |
|  [0;34;40mvalidate/pairwise_cos_hist_bin_09_epoch[0m  |    [0;32;40m0.3991473615169525[0m   |
|     [0;34;40mvalidate/pairwise_cos_hist_bin_10[0m     |   [0;32;40m0.28908076882362366[0m   |
|  [0;34;40mvalidate/pairwise_cos_hist_bin_10_epoch[0m  |   [0;32;40m0.28908076882362366[0m   |
|     [0;34;40mvalidate/pairwise_cos_hist_bin_11[0m     |    [0;32;40m0.1007731482386589[0m   |
|  [0;34;40mvalidate/pairwise_cos_hist_bin_11_epoch[0m  |    [0;32;40m0.1007731482386589[0m   |
|     [0;34;40mvalidate/pairwise_cos_hist_bin_12[0m     |   [0;32;40m0.03346947580575943[0m   |
|  [0;34;40mvalidate/pairwise_cos_hist_bin_12_epoch[0m  |   [0;32;40m0.03346947580575943[0m   |
|     [0;34;40mvalidate/pairwise_cos_hist_bin_13[0m     |   [0;32;40m0.01224430836737156[0m   |
|  [0;34;40mvalidate/pairwise_cos_hist_bin_13_epoch[0m  |   [0;32;40m0.01224430836737156[0m   |
|     [0;34;40mvalidate/pairwise_cos_hist_bin_14[0m     |    [0;32;40m0.008167689666152[0m    |
|  [0;34;40mvalidate/pairwise_cos_hist_bin_14_epoch[0m  |    [0;32;40m0.008167689666152[0m    |
|     [0;34;40mvalidate/pairwise_cos_hist_bin_15[0m     |   [0;32;40m0.007112421561032534[0m  |
|  [0;34;40mvalidate/pairwise_cos_hist_bin_15_epoch[0m  |   [0;32;40m0.007112421561032534[0m  |
|     [0;34;40mvalidate/pairwise_cos_hist_bin_16[0m     |   [0;32;40m0.006457807961851358[0m  |
|  [0;34;40mvalidate/pairwise_cos_hist_bin_16_epoch[0m  |   [0;32;40m0.006457807961851358[0m  |
|     [0;34;40mvalidate/pairwise_cos_hist_bin_17[0m     |  [0;32;40m0.0058895437978208065[0m  |
|  [0;34;40mvalidate/pairwise_cos_hist_bin_17_epoch[0m  |  [0;32;40m0.0058895437978208065[0m  |
|     [0;34;40mvalidate/pairwise_cos_hist_bin_18[0m     |   [0;32;40m0.006116931326687336[0m  |
|  [0;34;40mvalidate/pairwise_cos_hist_bin_18_epoch[0m  |   [0;32;40m0.006116931326687336[0m  |
|     [0;34;40mvalidate/pairwise_cos_hist_bin_19[0m     |   [0;32;40m0.006276875734329224[0m  |
|  [0;34;40mvalidate/pairwise_cos_hist_bin_19_epoch[0m  |   [0;32;40m0.006276875734329224[0m  |
|         [0;34;40mvalidate/pairwise_cos_max[0m         |           [0;32;40m1.0[0m           |
|      [0;34;40mvalidate/pairwise_cos_max_epoch[0m      |           [0;32;40m1.0[0m           |
|         [0;34;40mvalidate/pairwise_cos_mean[0m        |   [0;32;40m0.02949630282819271[0m   |
|      [0;34;40mvalidate/pairwise_cos_mean_epoch[0m     |   [0;32;40m0.02949630282819271[0m   |
|         [0;34;40mvalidate/pairwise_cos_min[0m         |   [0;32;40m-0.34380677342414856[0m  |
|      [0;34;40mvalidate/pairwise_cos_min_epoch[0m      |   [0;32;40m-0.34380677342414856[0m  |
|         [0;34;40mvalidate/pairwise_cos_std[0m         |   [0;32;40m0.17099584639072418[0m   |
|      [0;34;40mvalidate/pairwise_cos_std_epoch[0m      |   [0;32;40m0.17099584639072418[0m   |
|          [0;34;40mvalidate/pred_latent_mse[0m         |   [0;32;40m0.04627320542931557[0m   |
|       [0;34;40mvalidate/pred_latent_mse_epoch[0m      |   [0;32;40m0.04627320542931557[0m   |
|             [0;34;40mvalidate/pred_loss[0m            |   [0;32;40m0.04627320542931557[0m   |
|          [0;34;40mvalidate/pred_loss_epoch[0m         |   [0;32;40m0.04627320542931557[0m   |
|    [0;34;40mvalidate/predictor_mode_is_residual[0m    |           [0;32;40m1.0[0m           |
| [0;34;40mvalidate/predictor_mode_is_residual_epoch[0m |           [0;32;40m1.0[0m           |
|            [0;34;40mvalidate/sigreg_loss[0m           |    [0;32;40m3.718970775604248[0m    |
|         [0;34;40mvalidate/sigreg_loss_epoch[0m        |    [0;32;40m3.718970775604248[0m    |
|         [0;34;40mvalidate/target_delta_norm[0m        |    [0;32;40m7.264171600341797[0m    |
|      [0;34;40mvalidate/target_delta_norm_epoch[0m     |    [0;32;40m7.264171600341797[0m    |
+-------------------------------------------+-------------------------+
18:30:19 | INFO  | utils.py    | 📦📦📦 Model saved to /data1/Johnny/challenge/wrf/homework/outputs/stable-wm/checkpoints/lewm_residual_reacher_15/weights_epoch_7.pt 📦📦📦
[Epoch 6/15] done in 1877.9s
18:30:19 | INFO  | checkpoint_~|   Checking for non PyTorch modules to save
18:30:19 | INFO  | atomic_chec~| [atomic_save] → /data1/Johnny/challenge/wrf/homework/outputs/home/.cache/stable-pretraining/runs/20260715/145800/ee58f199d257/checkpoints/epoch=6-step=11193.ckpt
18:30:19 | INFO  | atomic_chec~| [atomic_save] ✓ epoch=6-step=11193.ckpt saved (206.8 MiB, serialise=0.32s write=0.19s rename=0.1ms)
18:30:19 | INFO  | checkpoint_~|   Checking for non PyTorch modules to save
18:30:19 | INFO  | atomic_chec~| [atomic_save] → /data1/Johnny/challenge/wrf/homework/outputs/home/.cache/stable-pretraining/runs/20260715/145800/ee58f199d257/checkpoints/last.ckpt
18:30:20 | INFO  | atomic_chec~| [atomic_save] ✓ last.ckpt saved (206.8 MiB, serialise=0.33s write=0.22s rename=22.6ms)
[Epoch 7/15] step 50/1599 (0.7 it/s)
[Epoch 7/15] step 50/1599 (0.7 it/s)
[Epoch 7/15] step 50/1599 (0.7 it/s)
[Epoch 7/15] step 50/1599 (0.7 it/s)
[Epoch 7/15] step 50/1599 (0.7 it/s)
[Epoch 7/15] step 50/1599 (0.7 it/s)
[Epoch 7/15] step 50/1599 (0.7 it/s)
[Epoch 7/15] step 50/1599 (0.7 it/s)
[Epoch 7/15] step 100/1599 (0.8 it/s)
[Epoch 7/15] step 100/1599 (0.8 it/s)
[Epoch 7/15] step 100/1599 (0.8 it/s)
[Epoch 7/15] step 100/1599 (0.8 it/s)
[Epoch 7/15] step 100/1599 (0.8 it/s)
[Epoch 7/15] step 100/1599 (0.8 it/s)
[Epoch 7/15] step 100/1599 (0.8 it/s)
[Epoch 7/15] step 100/1599 (0.8 it/s)
[Epoch 7/15] step 150/1599 (0.8 it/s)
[Epoch 7/15] step 150/1599 (0.8 it/s)
[Epoch 7/15] step 150/1599 (0.8 it/s)
[Epoch 7/15] step 150/1599 (0.8 it/s)
[Epoch 7/15] step 150/1599 (0.8 it/s)
[Epoch 7/15] step 150/1599 (0.8 it/s)
[Epoch 7/15] step 150/1599 (0.8 it/s)
[Epoch 7/15] step 150/1599 (0.8 it/s)
[Epoch 7/15] step 200/1599 (0.9 it/s)
[Epoch 7/15] step 200/1599 (0.9 it/s)
[Epoch 7/15] step 200/1599 (0.9 it/s)
[Epoch 7/15] step 200/1599 (0.9 it/s)
[Epoch 7/15] step 200/1599 (0.9 it/s)
[Epoch 7/15] step 200/1599 (0.9 it/s)
[Epoch 7/15] step 200/1599 (0.9 it/s)
[Epoch 7/15] step 200/1599 (0.9 it/s)
[Epoch 7/15] step 250/1599 (0.9 it/s)
[Epoch 7/15] step 250/1599 (0.9 it/s)
[Epoch 7/15] step 250/1599 (0.9 it/s)
[Epoch 7/15] step 250/1599 (0.9 it/s)
[Epoch 7/15] step 250/1599 (0.9 it/s)
[Epoch 7/15] step 250/1599 (0.9 it/s)
[Epoch 7/15] step 250/1599 (0.9 it/s)
[Epoch 7/15] step 250/1599 (0.9 it/s)
[Epoch 7/15] step 300/1599 (0.9 it/s)
[Epoch 7/15] step 300/1599 (0.9 it/s)
[Epoch 7/15] step 300/1599 (0.9 it/s)
[Epoch 7/15] step 300/1599 (0.9 it/s)
[Epoch 7/15] step 300/1599 (0.9 it/s)
[Epoch 7/15] step 300/1599 (0.9 it/s)
[Epoch 7/15] step 300/1599 (0.9 it/s)
[Epoch 7/15] step 300/1599 (0.9 it/s)
[Epoch 7/15] step 350/1599 (0.9 it/s)
[Epoch 7/15] step 350/1599 (0.9 it/s)
[Epoch 7/15] step 350/1599 (0.9 it/s)
[Epoch 7/15] step 350/1599 (0.9 it/s)
[Epoch 7/15] step 350/1599 (0.9 it/s)
[Epoch 7/15] step 350/1599 (0.9 it/s)
[Epoch 7/15] step 350/1599 (0.9 it/s)
[Epoch 7/15] step 350/1599 (0.9 it/s)
[Epoch 7/15] step 400/1599 (0.9 it/s)
[Epoch 7/15] step 400/1599 (0.9 it/s)
[Epoch 7/15] step 400/1599 (0.9 it/s)
[Epoch 7/15] step 400/1599 (0.9 it/s)
[Epoch 7/15] step 400/1599 (0.9 it/s)
[Epoch 7/15] step 400/1599 (0.9 it/s)
[Epoch 7/15] step 400/1599 (0.9 it/s)
[Epoch 7/15] step 400/1599 (0.9 it/s)
[Epoch 7/15] step 450/1599 (0.9 it/s)
[Epoch 7/15] step 450/1599 (0.9 it/s)
[Epoch 7/15] step 450/1599 (0.9 it/s)
[Epoch 7/15] step 450/1599 (0.9 it/s)
[Epoch 7/15] step 450/1599 (0.9 it/s)
[Epoch 7/15] step 450/1599 (0.9 it/s)
[Epoch 7/15] step 450/1599 (0.9 it/s)
[Epoch 7/15] step 450/1599 (0.9 it/s)
[Epoch 7/15] step 500/1599 (0.9 it/s)
[Epoch 7/15] step 500/1599 (0.9 it/s)
[Epoch 7/15] step 500/1599 (0.9 it/s)
[Epoch 7/15] step 500/1599 (0.9 it/s)
[Epoch 7/15] step 500/1599 (0.9 it/s)
[Epoch 7/15] step 500/1599 (0.9 it/s)
[Epoch 7/15] step 500/1599 (0.9 it/s)
[Epoch 7/15] step 500/1599 (0.9 it/s)
[Epoch 7/15] step 550/1599 (0.9 it/s)
[Epoch 7/15] step 550/1599 (0.9 it/s)
[Epoch 7/15] step 550/1599 (0.9 it/s)
[Epoch 7/15] step 550/1599 (0.9 it/s)
[Epoch 7/15] step 550/1599 (0.9 it/s)
[Epoch 7/15] step 550/1599 (0.9 it/s)
[Epoch 7/15] step 550/1599 (0.9 it/s)
[Epoch 7/15] step 550/1599 (0.9 it/s)
[Epoch 7/15] step 600/1599 (0.9 it/s)
[Epoch 7/15] step 600/1599 (0.9 it/s)
[Epoch 7/15] step 600/1599 (0.9 it/s)
[Epoch 7/15] step 600/1599 (0.9 it/s)
[Epoch 7/15] step 600/1599 (0.9 it/s)
[Epoch 7/15] step 600/1599 (0.9 it/s)
[Epoch 7/15] step 600/1599 (0.9 it/s)
[Epoch 7/15] step 600/1599 (0.9 it/s)
[Epoch 7/15] step 650/1599 (0.9 it/s)
[Epoch 7/15] step 650/1599 (0.9 it/s)
[Epoch 7/15] step 650/1599 (0.9 it/s)
[Epoch 7/15] step 650/1599 (0.9 it/s)
[Epoch 7/15] step 650/1599 (0.9 it/s)
[Epoch 7/15] step 650/1599 (0.9 it/s)
[Epoch 7/15] step 650/1599 (0.9 it/s)
[Epoch 7/15] step 650/1599 (0.9 it/s)
[Epoch 7/15] step 700/1599 (0.9 it/s)
[Epoch 7/15] step 700/1599 (0.9 it/s)
[Epoch 7/15] step 700/1599 (0.9 it/s)
[Epoch 7/15] step 700/1599 (0.9 it/s)
[Epoch 7/15] step 700/1599 (0.9 it/s)
[Epoch 7/15] step 700/1599 (0.9 it/s)
[Epoch 7/15] step 700/1599 (0.9 it/s)
[Epoch 7/15] step 700/1599 (0.9 it/s)
[Epoch 7/15] step 750/1599 (0.9 it/s)
[Epoch 7/15] step 750/1599 (0.9 it/s)
[Epoch 7/15] step 750/1599 (0.9 it/s)
[Epoch 7/15] step 750/1599 (0.9 it/s)
[Epoch 7/15] step 750/1599 (0.9 it/s)
[Epoch 7/15] step 750/1599 (0.9 it/s)
[Epoch 7/15] step 750/1599 (0.9 it/s)
[Epoch 7/15] step 750/1599 (0.9 it/s)
[Epoch 7/15] step 800/1599 (0.9 it/s)
[Epoch 7/15] step 800/1599 (0.9 it/s)
[Epoch 7/15] step 800/1599 (0.9 it/s)
[Epoch 7/15] step 800/1599 (0.9 it/s)
[Epoch 7/15] step 800/1599 (0.9 it/s)
[Epoch 7/15] step 800/1599 (0.9 it/s)
[Epoch 7/15] step 800/1599 (0.9 it/s)
[Epoch 7/15] step 800/1599 (0.9 it/s)
[Epoch 7/15] step 850/1599 (0.9 it/s)
[Epoch 7/15] step 850/1599 (0.9 it/s)
[Epoch 7/15] step 850/1599 (0.9 it/s)
[Epoch 7/15] step 850/1599 (0.9 it/s)
[Epoch 7/15] step 850/1599 (0.9 it/s)
[Epoch 7/15] step 850/1599 (0.9 it/s)
[Epoch 7/15] step 850/1599 (0.9 it/s)
[Epoch 7/15] step 850/1599 (0.9 it/s)
[Epoch 7/15] step 900/1599 (0.9 it/s)
[Epoch 7/15] step 900/1599 (0.9 it/s)
[Epoch 7/15] step 900/1599 (0.9 it/s)
[Epoch 7/15] step 900/1599 (0.9 it/s)
[Epoch 7/15] step 900/1599 (0.9 it/s)
[Epoch 7/15] step 900/1599 (0.9 it/s)
[Epoch 7/15] step 900/1599 (0.9 it/s)
[Epoch 7/15] step 900/1599 (0.9 it/s)
[Epoch 7/15] step 950/1599 (0.9 it/s)
[Epoch 7/15] step 950/1599 (0.9 it/s)
[Epoch 7/15] step 950/1599 (0.9 it/s)
[Epoch 7/15] step 950/1599 (0.9 it/s)
[Epoch 7/15] step 950/1599 (0.9 it/s)
[Epoch 7/15] step 950/1599 (0.9 it/s)
[Epoch 7/15] step 950/1599 (0.9 it/s)
[Epoch 7/15] step 950/1599 (0.9 it/s)
[Epoch 7/15] step 1000/1599 (0.9 it/s)
[Epoch 7/15] step 1000/1599 (0.9 it/s)
[Epoch 7/15] step 1000/1599 (0.9 it/s)
[Epoch 7/15] step 1000/1599 (0.9 it/s)
[Epoch 7/15] step 1000/1599 (0.9 it/s)
[Epoch 7/15] step 1000/1599 (0.9 it/s)
[Epoch 7/15] step 1000/1599 (0.9 it/s)
[Epoch 7/15] step 1000/1599 (0.9 it/s)
[Epoch 7/15] step 1050/1599 (0.9 it/s)
[Epoch 7/15] step 1050/1599 (0.9 it/s)
[Epoch 7/15] step 1050/1599 (0.9 it/s)
[Epoch 7/15] step 1050/1599 (0.9 it/s)
[Epoch 7/15] step 1050/1599 (0.9 it/s)
[Epoch 7/15] step 1050/1599 (0.9 it/s)
[Epoch 7/15] step 1050/1599 (0.9 it/s)
[Epoch 7/15] step 1050/1599 (0.9 it/s)
[Epoch 7/15] step 1100/1599 (0.9 it/s)
[Epoch 7/15] step 1100/1599 (0.9 it/s)
[Epoch 7/15] step 1100/1599 (0.9 it/s)
[Epoch 7/15] step 1100/1599 (0.9 it/s)
[Epoch 7/15] step 1100/1599 (0.9 it/s)
[Epoch 7/15] step 1100/1599 (0.9 it/s)
[Epoch 7/15] step 1100/1599 (0.9 it/s)
[Epoch 7/15] step 1100/1599 (0.9 it/s)
[Epoch 7/15] step 1150/1599 (0.9 it/s)
[Epoch 7/15] step 1150/1599 (0.9 it/s)
[Epoch 7/15] step 1150/1599 (0.9 it/s)
[Epoch 7/15] step 1150/1599 (0.9 it/s)
[Epoch 7/15] step 1150/1599 (0.9 it/s)
[Epoch 7/15] step 1150/1599 (0.9 it/s)
[Epoch 7/15] step 1150/1599 (0.9 it/s)
[Epoch 7/15] step 1150/1599 (0.9 it/s)
[Epoch 7/15] step 1200/1599 (0.9 it/s)
[Epoch 7/15] step 1200/1599 (0.9 it/s)
[Epoch 7/15] step 1200/1599 (0.9 it/s)
[Epoch 7/15] step 1200/1599 (0.9 it/s)
[Epoch 7/15] step 1200/1599 (0.9 it/s)
[Epoch 7/15] step 1200/1599 (0.9 it/s)
[Epoch 7/15] step 1200/1599 (0.9 it/s)
[Epoch 7/15] step 1200/1599 (0.9 it/s)
[Epoch 7/15] step 1250/1599 (0.9 it/s)
[Epoch 7/15] step 1250/1599 (0.9 it/s)
[Epoch 7/15] step 1250/1599 (0.9 it/s)
[Epoch 7/15] step 1250/1599 (0.9 it/s)
[Epoch 7/15] step 1250/1599 (0.9 it/s)
[Epoch 7/15] step 1250/1599 (0.9 it/s)
[Epoch 7/15] step 1250/1599 (0.9 it/s)
[Epoch 7/15] step 1250/1599 (0.9 it/s)
[Epoch 7/15] step 1300/1599 (0.9 it/s)
[Epoch 7/15] step 1300/1599 (0.9 it/s)
[Epoch 7/15] step 1300/1599 (0.9 it/s)
[Epoch 7/15] step 1300/1599 (0.9 it/s)
[Epoch 7/15] step 1300/1599 (0.9 it/s)
[Epoch 7/15] step 1300/1599 (0.9 it/s)
[Epoch 7/15] step 1300/1599 (0.9 it/s)
[Epoch 7/15] step 1300/1599 (0.9 it/s)
[Epoch 7/15] step 1350/1599 (0.9 it/s)
[Epoch 7/15] step 1350/1599 (0.9 it/s)
[Epoch 7/15] step 1350/1599 (0.9 it/s)
[Epoch 7/15] step 1350/1599 (0.9 it/s)
[Epoch 7/15] step 1350/1599 (0.9 it/s)
[Epoch 7/15] step 1350/1599 (0.9 it/s)
[Epoch 7/15] step 1350/1599 (0.9 it/s)
[Epoch 7/15] step 1350/1599 (0.9 it/s)
[Epoch 7/15] step 1400/1599 (0.9 it/s)
[Epoch 7/15] step 1400/1599 (0.9 it/s)
[Epoch 7/15] step 1400/1599 (0.9 it/s)
[Epoch 7/15] step 1400/1599 (0.9 it/s)
[Epoch 7/15] step 1400/1599 (0.9 it/s)
[Epoch 7/15] step 1400/1599 (0.9 it/s)
[Epoch 7/15] step 1400/1599 (0.9 it/s)
[Epoch 7/15] step 1400/1599 (0.9 it/s)
[Epoch 7/15] step 1450/1599 (0.9 it/s)
[Epoch 7/15] step 1450/1599 (0.9 it/s)
[Epoch 7/15] step 1450/1599 (0.9 it/s)
[Epoch 7/15] step 1450/1599 (0.9 it/s)
[Epoch 7/15] step 1450/1599 (0.9 it/s)
[Epoch 7/15] step 1450/1599 (0.9 it/s)
[Epoch 7/15] step 1450/1599 (0.9 it/s)
[Epoch 7/15] step 1450/1599 (0.9 it/s)
[Epoch 7/15] step 1500/1599 (0.9 it/s)
[Epoch 7/15] step 1500/1599 (0.9 it/s)
[Epoch 7/15] step 1500/1599 (0.9 it/s)
[Epoch 7/15] step 1500/1599 (0.9 it/s)
[Epoch 7/15] step 1500/1599 (0.9 it/s)
[Epoch 7/15] step 1500/1599 (0.9 it/s)
[Epoch 7/15] step 1500/1599 (0.9 it/s)
[Epoch 7/15] step 1500/1599 (0.9 it/s)
[Epoch 7/15] step 1550/1599 (0.9 it/s)
[Epoch 7/15] step 1550/1599 (0.9 it/s)
[Epoch 7/15] step 1550/1599 (0.9 it/s)
[Epoch 7/15] step 1550/1599 (0.9 it/s)
[Epoch 7/15] step 1550/1599 (0.9 it/s)
[Epoch 7/15] step 1550/1599 (0.9 it/s)
[Epoch 7/15] step 1550/1599 (0.9 it/s)
[Epoch 7/15] step 1550/1599 (0.9 it/s)
[Epoch 7/15] done in 1888.6s
[Epoch 7/15] done in 1888.6s
[Epoch 7/15] done in 1888.6s
[Epoch 7/15] done in 1888.6s
[Epoch 7/15] done in 1888.6s
[Epoch 7/15] done in 1888.6s
[Epoch 7/15] done in 1888.6s
19:01:49 | INFO  | trainer_inf~| \n+-------------------------------------------+------------------------+
|                   Metric                  |         Value          |
+-------------------------------------------+------------------------+
|            [0;34;40mfit/active_dim_count[0m           |         [0;32;40m192.0[0m          |
|               [0;34;40mfit/delta_cos[0m               |   [0;32;40m0.9114614725112915[0m   |
|               [0;34;40mfit/delta_norm[0m              |   [0;32;40m7.022284984588623[0m    |
|              [0;34;40mfit/latent_mean[0m              | [0;32;40m0.0007332866080105305[0m  |
|              [0;34;40mfit/latent_norm[0m              |   [0;32;40m13.522178649902344[0m   |
|               [0;34;40mfit/latent_std[0m              |   [0;32;40m0.9785102009773254[0m   |
|            [0;34;40mfit/learning_rate_0[0m            |  [0;32;40m2.27539348998107e-05[0m  |
|                  [0;34;40mfit/loss[0m                 |  [0;32;40m0.17569425702095032[0m   |
|            [0;34;40mfit/loss_future_cos[0m            |   [0;32;40m0.0179901123046875[0m   |
|             [0;34;40mfit/loss_future_l1[0m            |    [0;32;40m0.1199951171875[0m     |
|                [0;34;40mfit/loss_mse[0m               |  [0;32;40m0.03372647613286972[0m   |
|          [0;34;40mfit/loss_mse_horizon_01[0m          |  [0;32;40m0.08014532178640366[0m   |
|          [0;34;40mfit/loss_mse_horizon_02[0m          |  [0;32;40m0.010467499494552612[0m  |
|          [0;34;40mfit/loss_mse_horizon_03[0m          |  [0;32;40m0.010566597804427147[0m  |
|               [0;34;40mfit/loss_total[0m              |  [0;32;40m0.17569425702095032[0m   |
|        [0;34;40mfit/pairwise_cos_hist_bin_00[0m       |          [0;32;40m0.0[0m           |
|        [0;34;40mfit/pairwise_cos_hist_bin_01[0m       |          [0;32;40m0.0[0m           |
|        [0;34;40mfit/pairwise_cos_hist_bin_02[0m       |          [0;32;40m0.0[0m           |
|        [0;34;40mfit/pairwise_cos_hist_bin_03[0m       |          [0;32;40m0.0[0m           |
|        [0;34;40mfit/pairwise_cos_hist_bin_04[0m       |          [0;32;40m0.0[0m           |
|        [0;34;40mfit/pairwise_cos_hist_bin_05[0m       |          [0;32;40m0.0[0m           |
|        [0;34;40mfit/pairwise_cos_hist_bin_06[0m       | [0;32;40m0.00014619770809076726[0m |
|        [0;34;40mfit/pairwise_cos_hist_bin_07[0m       |  [0;32;40m0.01700097881257534[0m   |
|        [0;34;40mfit/pairwise_cos_hist_bin_08[0m       |   [0;32;40m0.1572800725698471[0m   |
|        [0;34;40mfit/pairwise_cos_hist_bin_09[0m       |   [0;32;40m0.4746122360229492[0m   |
|        [0;34;40mfit/pairwise_cos_hist_bin_10[0m       |  [0;32;40m0.24806120991706848[0m   |
|        [0;34;40mfit/pairwise_cos_hist_bin_11[0m       |  [0;32;40m0.04431319609284401[0m   |
|        [0;34;40mfit/pairwise_cos_hist_bin_12[0m       |  [0;32;40m0.014868211932480335[0m  |
|        [0;34;40mfit/pairwise_cos_hist_bin_13[0m       |   [0;32;40m0.0083925137296319[0m   |
|        [0;34;40mfit/pairwise_cos_hist_bin_14[0m       |  [0;32;40m0.006978312972933054[0m  |
|        [0;34;40mfit/pairwise_cos_hist_bin_15[0m       |  [0;32;40m0.006329501513391733[0m  |
|        [0;34;40mfit/pairwise_cos_hist_bin_16[0m       | [0;32;40m0.0057160439901053905[0m  |
|        [0;34;40mfit/pairwise_cos_hist_bin_17[0m       |  [0;32;40m0.005251651629805565[0m  |
|        [0;34;40mfit/pairwise_cos_hist_bin_18[0m       |  [0;32;40m0.005456137470901012[0m  |
|        [0;34;40mfit/pairwise_cos_hist_bin_19[0m       |  [0;32;40m0.005593734793365002[0m  |
|            [0;34;40mfit/pairwise_cos_max[0m           |          [0;32;40m1.0[0m           |
|           [0;34;40mfit/pairwise_cos_mean[0m           |  [0;32;40m-0.00170135498046875[0m  |
|            [0;34;40mfit/pairwise_cos_min[0m           |     [0;32;40m-0.3251953125[0m      |
|            [0;34;40mfit/pairwise_cos_std[0m           |    [0;32;40m0.1624755859375[0m     |
|            [0;34;40mfit/pred_latent_mse[0m            |  [0;32;40m0.03372647613286972[0m   |
|               [0;34;40mfit/pred_loss[0m               |  [0;32;40m0.03372647613286972[0m   |
|       [0;34;40mfit/predictor_mode_is_residual[0m      |          [0;32;40m1.0[0m           |
|            [0;34;40mfit/samples_per_sec[0m            |   [0;32;40m1424.5777587890625[0m   |
|              [0;34;40mfit/sigreg_loss[0m              |      [0;32;40m1.576171875[0m       |
|           [0;34;40mfit/target_delta_norm[0m           |   [0;32;40m7.3841938972473145[0m   |
|            [0;34;40mhardware/cpu_percent[0m           |   [0;32;40m39.900001525878906[0m   |
|          [0;34;40mhardware/disk_read_mb_s[0m          |   [0;32;40m0.5747098922729492[0m   |
|          [0;34;40mhardware/disk_write_mb_s[0m         |  [0;32;40m0.24831216037273407[0m   |
|           [0;34;40mhardware/net_recv_mb_s[0m          | [0;32;40m0.0030839613173156977[0m  |
|           [0;34;40mhardware/net_sent_mb_s[0m          | [0;32;40m0.0035984949208796024[0m  |
|            [0;34;40mhardware/ram_used_gb[0m           |     [0;32;40m528.8330078125[0m     |
|           [0;34;40mhardware/ram_used_pct[0m           |   [0;32;40m28.299999237060547[0m   |
|            [0;34;40mhparams/lr_default_0[0m           |  [0;32;40m2.27539348998107e-05[0m  |
|         [0;34;40mvalidate/active_dim_count[0m         |         [0;32;40m192.0[0m          |
|      [0;34;40mvalidate/active_dim_count_epoch[0m      |         [0;32;40m192.0[0m          |
|             [0;34;40mvalidate/delta_cos[0m            |   [0;32;40m0.6712877154350281[0m   |
|          [0;34;40mvalidate/delta_cos_epoch[0m         |   [0;32;40m0.6712877154350281[0m   |
|            [0;34;40mvalidate/delta_norm[0m            |   [0;32;40m7.067739009857178[0m    |
|         [0;34;40mvalidate/delta_norm_epoch[0m         |   [0;32;40m7.067739009857178[0m    |
|            [0;34;40mvalidate/latent_mean[0m           | [0;32;40m-0.012149195186793804[0m  |
|         [0;34;40mvalidate/latent_mean_epoch[0m        | [0;32;40m-0.012149195186793804[0m  |
|            [0;34;40mvalidate/latent_norm[0m           |   [0;32;40m15.281855583190918[0m   |
|         [0;34;40mvalidate/latent_norm_epoch[0m        |   [0;32;40m15.281855583190918[0m   |
|            [0;34;40mvalidate/latent_std[0m            |   [0;32;40m1.1166118383407593[0m   |
|         [0;34;40mvalidate/latent_std_epoch[0m         |   [0;32;40m1.1166118383407593[0m   |
|               [0;34;40mvalidate/loss[0m               |   [0;32;40m1.698638677597046[0m    |
|            [0;34;40mvalidate/loss_epoch[0m            |   [0;32;40m1.698638677597046[0m    |
|          [0;34;40mvalidate/loss_future_cos[0m         |  [0;32;40m0.06614304333925247[0m   |
|       [0;34;40mvalidate/loss_future_cos_epoch[0m      |  [0;32;40m0.06614304333925247[0m   |
|          [0;34;40mvalidate/loss_future_l1[0m          |   [0;32;40m0.2950880527496338[0m   |
|       [0;34;40mvalidate/loss_future_l1_epoch[0m       |   [0;32;40m0.2950880527496338[0m   |
|             [0;34;40mvalidate/loss_mse[0m             |  [0;32;40m0.15579675137996674[0m   |
|          [0;34;40mvalidate/loss_mse_epoch[0m          |  [0;32;40m0.15579675137996674[0m   |
|        [0;34;40mvalidate/loss_mse_horizon_01[0m       |   [0;32;40m0.1836029589176178[0m   |
|     [0;34;40mvalidate/loss_mse_horizon_01_epoch[0m    |   [0;32;40m0.1836029589176178[0m   |
|        [0;34;40mvalidate/loss_mse_horizon_02[0m       |  [0;32;40m0.14244592189788818[0m   |
|     [0;34;40mvalidate/loss_mse_horizon_02_epoch[0m    |  [0;32;40m0.14244592189788818[0m   |
|        [0;34;40mvalidate/loss_mse_horizon_03[0m       |  [0;32;40m0.14134138822555542[0m   |
|     [0;34;40mvalidate/loss_mse_horizon_03_epoch[0m    |  [0;32;40m0.14134138822555542[0m   |
|            [0;34;40mvalidate/loss_total[0m            |   [0;32;40m1.698638677597046[0m    |
|         [0;34;40mvalidate/loss_total_epoch[0m         |   [0;32;40m1.698638677597046[0m    |
|     [0;34;40mvalidate/pairwise_cos_hist_bin_00[0m     |          [0;32;40m0.0[0m           |
|  [0;34;40mvalidate/pairwise_cos_hist_bin_00_epoch[0m  |          [0;32;40m0.0[0m           |
|     [0;34;40mvalidate/pairwise_cos_hist_bin_01[0m     |          [0;32;40m0.0[0m           |
|  [0;34;40mvalidate/pairwise_cos_hist_bin_01_epoch[0m  |          [0;32;40m0.0[0m           |
|     [0;34;40mvalidate/pairwise_cos_hist_bin_02[0m     |          [0;32;40m0.0[0m           |
|  [0;34;40mvalidate/pairwise_cos_hist_bin_02_epoch[0m  |          [0;32;40m0.0[0m           |
|     [0;34;40mvalidate/pairwise_cos_hist_bin_03[0m     |          [0;32;40m0.0[0m           |
|  [0;34;40mvalidate/pairwise_cos_hist_bin_03_epoch[0m  |          [0;32;40m0.0[0m           |
|     [0;34;40mvalidate/pairwise_cos_hist_bin_04[0m     |          [0;32;40m0.0[0m           |
|  [0;34;40mvalidate/pairwise_cos_hist_bin_04_epoch[0m  |          [0;32;40m0.0[0m           |
|     [0;34;40mvalidate/pairwise_cos_hist_bin_05[0m     |          [0;32;40m0.0[0m           |
|  [0;34;40mvalidate/pairwise_cos_hist_bin_05_epoch[0m  |          [0;32;40m0.0[0m           |
|     [0;34;40mvalidate/pairwise_cos_hist_bin_06[0m     | [0;32;40m4.838605605073099e-07[0m  |
|  [0;34;40mvalidate/pairwise_cos_hist_bin_06_epoch[0m  | [0;32;40m4.838605605073099e-07[0m  |
|     [0;34;40mvalidate/pairwise_cos_hist_bin_07[0m     | [0;32;40m0.00015626955428160727[0m |
|  [0;34;40mvalidate/pairwise_cos_hist_bin_07_epoch[0m  | [0;32;40m0.00015626955428160727[0m |
|     [0;34;40mvalidate/pairwise_cos_hist_bin_08[0m     |  [0;32;40m0.003572621149942279[0m  |
|  [0;34;40mvalidate/pairwise_cos_hist_bin_08_epoch[0m  |  [0;32;40m0.003572621149942279[0m  |
|     [0;34;40mvalidate/pairwise_cos_hist_bin_09[0m     |  [0;32;40m0.04479583352804184[0m   |
|  [0;34;40mvalidate/pairwise_cos_hist_bin_09_epoch[0m  |  [0;32;40m0.04479583352804184[0m   |
|     [0;34;40mvalidate/pairwise_cos_hist_bin_10[0m     |  [0;32;40m0.20650114119052887[0m   |
|  [0;34;40mvalidate/pairwise_cos_hist_bin_10_epoch[0m  |  [0;32;40m0.20650114119052887[0m   |
|     [0;34;40mvalidate/pairwise_cos_hist_bin_11[0m     |  [0;32;40m0.31699880957603455[0m   |
|  [0;34;40mvalidate/pairwise_cos_hist_bin_11_epoch[0m  |  [0;32;40m0.31699880957603455[0m   |
|     [0;34;40mvalidate/pairwise_cos_hist_bin_12[0m     |  [0;32;40m0.20240236818790436[0m   |
|  [0;34;40mvalidate/pairwise_cos_hist_bin_12_epoch[0m  |  [0;32;40m0.20240236818790436[0m   |
|     [0;34;40mvalidate/pairwise_cos_hist_bin_13[0m     |  [0;32;40m0.11234850436449051[0m   |
|  [0;34;40mvalidate/pairwise_cos_hist_bin_13_epoch[0m  |  [0;32;40m0.11234850436449051[0m   |
|     [0;34;40mvalidate/pairwise_cos_hist_bin_14[0m     |  [0;32;40m0.051385506987571716[0m  |
|  [0;34;40mvalidate/pairwise_cos_hist_bin_14_epoch[0m  |  [0;32;40m0.051385506987571716[0m  |
|     [0;34;40mvalidate/pairwise_cos_hist_bin_15[0m     |  [0;32;40m0.02269452065229416[0m   |
|  [0;34;40mvalidate/pairwise_cos_hist_bin_15_epoch[0m  |  [0;32;40m0.02269452065229416[0m   |
|     [0;34;40mvalidate/pairwise_cos_hist_bin_16[0m     |  [0;32;40m0.013048844411969185[0m  |
|  [0;34;40mvalidate/pairwise_cos_hist_bin_16_epoch[0m  |  [0;32;40m0.013048844411969185[0m  |
|     [0;34;40mvalidate/pairwise_cos_hist_bin_17[0m     |  [0;32;40m0.008715935982763767[0m  |
|  [0;34;40mvalidate/pairwise_cos_hist_bin_17_epoch[0m  |  [0;32;40m0.008715935982763767[0m  |
|     [0;34;40mvalidate/pairwise_cos_hist_bin_18[0m     |  [0;32;40m0.00858203787356615[0m   |
|  [0;34;40mvalidate/pairwise_cos_hist_bin_18_epoch[0m  |  [0;32;40m0.00858203787356615[0m   |
|     [0;34;40mvalidate/pairwise_cos_hist_bin_19[0m     |  [0;32;40m0.00879712589085102[0m   |
|  [0;34;40mvalidate/pairwise_cos_hist_bin_19_epoch[0m  |  [0;32;40m0.00879712589085102[0m   |
|         [0;34;40mvalidate/pairwise_cos_max[0m         |          [0;32;40m1.0[0m           |
|      [0;34;40mvalidate/pairwise_cos_max_epoch[0m      |          [0;32;40m1.0[0m           |
|         [0;34;40mvalidate/pairwise_cos_mean[0m        |  [0;32;40m0.21111392974853516[0m   |
|      [0;34;40mvalidate/pairwise_cos_mean_epoch[0m     |  [0;32;40m0.21111392974853516[0m   |
|         [0;34;40mvalidate/pairwise_cos_min[0m         |  [0;32;40m-0.2557319402694702[0m   |
|      [0;34;40mvalidate/pairwise_cos_min_epoch[0m      |  [0;32;40m-0.2557319402694702[0m   |
|         [0;34;40mvalidate/pairwise_cos_std[0m         |  [0;32;40m0.17506596446037292[0m   |
|      [0;34;40mvalidate/pairwise_cos_std_epoch[0m      |  [0;32;40m0.17506596446037292[0m   |
|          [0;34;40mvalidate/pred_latent_mse[0m         |  [0;32;40m0.15579675137996674[0m   |
|       [0;34;40mvalidate/pred_latent_mse_epoch[0m      |  [0;32;40m0.15579675137996674[0m   |
|             [0;34;40mvalidate/pred_loss[0m            |  [0;32;40m0.15579675137996674[0m   |
|          [0;34;40mvalidate/pred_loss_epoch[0m         |  [0;32;40m0.15579675137996674[0m   |
|    [0;34;40mvalidate/predictor_mode_is_residual[0m    |          [0;32;40m1.0[0m           |
| [0;34;40mvalidate/predictor_mode_is_residual_epoch[0m |          [0;32;40m1.0[0m           |
|            [0;34;40mvalidate/sigreg_loss[0m           |   [0;32;40m17.14181137084961[0m    |
|         [0;34;40mvalidate/sigreg_loss_epoch[0m        |   [0;32;40m17.14181137084961[0m    |
|         [0;34;40mvalidate/target_delta_norm[0m        |   [0;32;40m6.830132484436035[0m    |
|      [0;34;40mvalidate/target_delta_norm_epoch[0m     |   [0;32;40m6.830132484436035[0m    |
+-------------------------------------------+------------------------+
19:01:49 | INFO  | utils.py    | 📦📦📦 Model saved to /data1/Johnny/challenge/wrf/homework/outputs/stable-wm/checkpoints/lewm_residual_reacher_15/weights_epoch_8.pt 📦📦📦
[Epoch 7/15] done in 1888.8s
19:01:49 | INFO  | checkpoint_~|   Checking for non PyTorch modules to save
19:01:49 | INFO  | atomic_chec~| [atomic_save] → /data1/Johnny/challenge/wrf/homework/outputs/home/.cache/stable-pretraining/runs/20260715/145800/ee58f199d257/checkpoints/epoch=7-step=12792.ckpt
19:01:49 | INFO  | atomic_chec~| [atomic_save] ✓ epoch=7-step=12792.ckpt saved (206.8 MiB, serialise=0.31s write=0.24s rename=0.1ms)
19:01:49 | INFO  | checkpoint_~|   Checking for non PyTorch modules to save
19:01:49 | INFO  | atomic_chec~| [atomic_save] → /data1/Johnny/challenge/wrf/homework/outputs/home/.cache/stable-pretraining/runs/20260715/145800/ee58f199d257/checkpoints/last.ckpt
19:01:50 | INFO  | atomic_chec~| [atomic_save] ✓ last.ckpt saved (206.8 MiB, serialise=0.33s write=0.18s rename=16.5ms)
[Epoch 8/15] step 50/1599 (0.8 it/s)
[Epoch 8/15] step 50/1599 (0.8 it/s)
[Epoch 8/15] step 50/1599 (0.8 it/s)
[Epoch 8/15] step 50/1599 (0.8 it/s)
[Epoch 8/15] step 50/1599 (0.8 it/s)
[Epoch 8/15] step 50/1599 (0.8 it/s)
[Epoch 8/15] step 50/1599 (0.8 it/s)
[Epoch 8/15] step 50/1599 (0.8 it/s)
[Epoch 8/15] step 100/1599 (0.8 it/s)
[Epoch 8/15] step 100/1599 (0.8 it/s)
[Epoch 8/15] step 100/1599 (0.8 it/s)
[Epoch 8/15] step 100/1599 (0.8 it/s)
[Epoch 8/15] step 100/1599 (0.8 it/s)
[Epoch 8/15] step 100/1599 (0.8 it/s)
[Epoch 8/15] step 100/1599 (0.8 it/s)
[Epoch 8/15] step 100/1599 (0.8 it/s)
[Epoch 8/15] step 150/1599 (0.8 it/s)
[Epoch 8/15] step 150/1599 (0.8 it/s)
[Epoch 8/15] step 150/1599 (0.8 it/s)
[Epoch 8/15] step 150/1599 (0.8 it/s)
[Epoch 8/15] step 150/1599 (0.8 it/s)
[Epoch 8/15] step 150/1599 (0.8 it/s)
[Epoch 8/15] step 150/1599 (0.8 it/s)
[Epoch 8/15] step 150/1599 (0.8 it/s)
[Epoch 8/15] step 200/1599 (0.9 it/s)
[Epoch 8/15] step 200/1599 (0.9 it/s)
[Epoch 8/15] step 200/1599 (0.9 it/s)
[Epoch 8/15] step 200/1599 (0.9 it/s)
[Epoch 8/15] step 200/1599 (0.9 it/s)
[Epoch 8/15] step 200/1599 (0.9 it/s)
[Epoch 8/15] step 200/1599 (0.9 it/s)
[Epoch 8/15] step 200/1599 (0.9 it/s)
[Epoch 8/15] step 250/1599 (0.9 it/s)
[Epoch 8/15] step 250/1599 (0.9 it/s)
[Epoch 8/15] step 250/1599 (0.9 it/s)
[Epoch 8/15] step 250/1599 (0.9 it/s)
[Epoch 8/15] step 250/1599 (0.9 it/s)
[Epoch 8/15] step 250/1599 (0.9 it/s)
[Epoch 8/15] step 250/1599 (0.9 it/s)
[Epoch 8/15] step 250/1599 (0.9 it/s)
[Epoch 8/15] step 300/1599 (0.9 it/s)
[Epoch 8/15] step 300/1599 (0.9 it/s)
[Epoch 8/15] step 300/1599 (0.9 it/s)
[Epoch 8/15] step 300/1599 (0.9 it/s)
[Epoch 8/15] step 300/1599 (0.9 it/s)
[Epoch 8/15] step 300/1599 (0.9 it/s)
[Epoch 8/15] step 300/1599 (0.9 it/s)
[Epoch 8/15] step 300/1599 (0.9 it/s)
[Epoch 8/15] step 350/1599 (0.9 it/s)
[Epoch 8/15] step 350/1599 (0.9 it/s)
[Epoch 8/15] step 350/1599 (0.9 it/s)
[Epoch 8/15] step 350/1599 (0.9 it/s)
[Epoch 8/15] step 350/1599 (0.9 it/s)
[Epoch 8/15] step 350/1599 (0.9 it/s)
[Epoch 8/15] step 350/1599 (0.9 it/s)
[Epoch 8/15] step 350/1599 (0.9 it/s)
[Epoch 8/15] step 400/1599 (0.9 it/s)
[Epoch 8/15] step 400/1599 (0.9 it/s)
[Epoch 8/15] step 400/1599 (0.9 it/s)
[Epoch 8/15] step 400/1599 (0.9 it/s)
[Epoch 8/15] step 400/1599 (0.9 it/s)
[Epoch 8/15] step 400/1599 (0.9 it/s)
[Epoch 8/15] step 400/1599 (0.9 it/s)
[Epoch 8/15] step 400/1599 (0.9 it/s)
[Epoch 8/15] step 450/1599 (0.9 it/s)
[Epoch 8/15] step 450/1599 (0.9 it/s)
[Epoch 8/15] step 450/1599 (0.9 it/s)
[Epoch 8/15] step 450/1599 (0.9 it/s)
[Epoch 8/15] step 450/1599 (0.9 it/s)
[Epoch 8/15] step 450/1599 (0.9 it/s)
[Epoch 8/15] step 450/1599 (0.9 it/s)
[Epoch 8/15] step 450/1599 (0.9 it/s)
[Epoch 8/15] step 500/1599 (0.9 it/s)
[Epoch 8/15] step 500/1599 (0.9 it/s)
[Epoch 8/15] step 500/1599 (0.9 it/s)
[Epoch 8/15] step 500/1599 (0.9 it/s)
[Epoch 8/15] step 500/1599 (0.9 it/s)
[Epoch 8/15] step 500/1599 (0.9 it/s)
[Epoch 8/15] step 500/1599 (0.9 it/s)
[Epoch 8/15] step 500/1599 (0.9 it/s)
[Epoch 8/15] step 550/1599 (0.9 it/s)
[Epoch 8/15] step 550/1599 (0.9 it/s)
[Epoch 8/15] step 550/1599 (0.9 it/s)
[Epoch 8/15] step 550/1599 (0.9 it/s)
[Epoch 8/15] step 550/1599 (0.9 it/s)
[Epoch 8/15] step 550/1599 (0.9 it/s)
[Epoch 8/15] step 550/1599 (0.9 it/s)
[Epoch 8/15] step 550/1599 (0.9 it/s)
[Epoch 8/15] step 600/1599 (0.9 it/s)
[Epoch 8/15] step 600/1599 (0.9 it/s)
[Epoch 8/15] step 600/1599 (0.9 it/s)
[Epoch 8/15] step 600/1599 (0.9 it/s)
[Epoch 8/15] step 600/1599 (0.9 it/s)
[Epoch 8/15] step 600/1599 (0.9 it/s)
[Epoch 8/15] step 600/1599 (0.9 it/s)
[Epoch 8/15] step 600/1599 (0.9 it/s)
[Epoch 8/15] step 650/1599 (0.9 it/s)
[Epoch 8/15] step 650/1599 (0.9 it/s)
[Epoch 8/15] step 650/1599 (0.9 it/s)
[Epoch 8/15] step 650/1599 (0.9 it/s)
[Epoch 8/15] step 650/1599 (0.9 it/s)
[Epoch 8/15] step 650/1599 (0.9 it/s)
[Epoch 8/15] step 650/1599 (0.9 it/s)
[Epoch 8/15] step 650/1599 (0.9 it/s)
[Epoch 8/15] step 700/1599 (0.9 it/s)
[Epoch 8/15] step 700/1599 (0.9 it/s)
[Epoch 8/15] step 700/1599 (0.9 it/s)
[Epoch 8/15] step 700/1599 (0.9 it/s)
[Epoch 8/15] step 700/1599 (0.9 it/s)
[Epoch 8/15] step 700/1599 (0.9 it/s)
[Epoch 8/15] step 700/1599 (0.9 it/s)
[Epoch 8/15] step 700/1599 (0.9 it/s)
[Epoch 8/15] step 750/1599 (0.9 it/s)
[Epoch 8/15] step 750/1599 (0.9 it/s)
[Epoch 8/15] step 750/1599 (0.9 it/s)
[Epoch 8/15] step 750/1599 (0.9 it/s)
[Epoch 8/15] step 750/1599 (0.9 it/s)
[Epoch 8/15] step 750/1599 (0.9 it/s)
[Epoch 8/15] step 750/1599 (0.9 it/s)
[Epoch 8/15] step 750/1599 (0.9 it/s)
[Epoch 8/15] step 800/1599 (0.9 it/s)
[Epoch 8/15] step 800/1599 (0.9 it/s)
[Epoch 8/15] step 800/1599 (0.9 it/s)
[Epoch 8/15] step 800/1599 (0.9 it/s)
[Epoch 8/15] step 800/1599 (0.9 it/s)
[Epoch 8/15] step 800/1599 (0.9 it/s)
[Epoch 8/15] step 800/1599 (0.9 it/s)
[Epoch 8/15] step 800/1599 (0.9 it/s)
[Epoch 8/15] step 850/1599 (0.9 it/s)
[Epoch 8/15] step 850/1599 (0.9 it/s)
[Epoch 8/15] step 850/1599 (0.9 it/s)
[Epoch 8/15] step 850/1599 (0.9 it/s)
[Epoch 8/15] step 850/1599 (0.9 it/s)
[Epoch 8/15] step 850/1599 (0.9 it/s)
[Epoch 8/15] step 850/1599 (0.9 it/s)
[Epoch 8/15] step 850/1599 (0.9 it/s)
[Epoch 8/15] step 900/1599 (0.9 it/s)
[Epoch 8/15] step 900/1599 (0.9 it/s)
[Epoch 8/15] step 900/1599 (0.9 it/s)
[Epoch 8/15] step 900/1599 (0.9 it/s)
[Epoch 8/15] step 900/1599 (0.9 it/s)
[Epoch 8/15] step 900/1599 (0.9 it/s)
[Epoch 8/15] step 900/1599 (0.9 it/s)
[Epoch 8/15] step 900/1599 (0.9 it/s)
[Epoch 8/15] step 950/1599 (0.9 it/s)
[Epoch 8/15] step 950/1599 (0.9 it/s)
[Epoch 8/15] step 950/1599 (0.9 it/s)
[Epoch 8/15] step 950/1599 (0.9 it/s)
[Epoch 8/15] step 950/1599 (0.9 it/s)
[Epoch 8/15] step 950/1599 (0.9 it/s)
[Epoch 8/15] step 950/1599 (0.9 it/s)
[Epoch 8/15] step 950/1599 (0.9 it/s)
[Epoch 8/15] step 1000/1599 (0.9 it/s)
[Epoch 8/15] step 1000/1599 (0.9 it/s)
[Epoch 8/15] step 1000/1599 (0.9 it/s)
[Epoch 8/15] step 1000/1599 (0.9 it/s)
[Epoch 8/15] step 1000/1599 (0.9 it/s)
[Epoch 8/15] step 1000/1599 (0.9 it/s)
[Epoch 8/15] step 1000/1599 (0.9 it/s)
[Epoch 8/15] step 1000/1599 (0.9 it/s)
[Epoch 8/15] step 1050/1599 (0.9 it/s)
[Epoch 8/15] step 1050/1599 (0.9 it/s)
[Epoch 8/15] step 1050/1599 (0.9 it/s)
[Epoch 8/15] step 1050/1599 (0.9 it/s)
[Epoch 8/15] step 1050/1599 (0.9 it/s)
[Epoch 8/15] step 1050/1599 (0.9 it/s)
[Epoch 8/15] step 1050/1599 (0.9 it/s)
[Epoch 8/15] step 1050/1599 (0.9 it/s)
[Epoch 8/15] step 1100/1599 (0.9 it/s)
[Epoch 8/15] step 1100/1599 (0.9 it/s)
[Epoch 8/15] step 1100/1599 (0.9 it/s)
[Epoch 8/15] step 1100/1599 (0.9 it/s)
[Epoch 8/15] step 1100/1599 (0.9 it/s)
[Epoch 8/15] step 1100/1599 (0.9 it/s)
[Epoch 8/15] step 1100/1599 (0.9 it/s)
[Epoch 8/15] step 1100/1599 (0.9 it/s)
[Epoch 8/15] step 1150/1599 (0.9 it/s)
[Epoch 8/15] step 1150/1599 (0.9 it/s)
[Epoch 8/15] step 1150/1599 (0.9 it/s)
[Epoch 8/15] step 1150/1599 (0.9 it/s)
[Epoch 8/15] step 1150/1599 (0.9 it/s)
[Epoch 8/15] step 1150/1599 (0.9 it/s)
[Epoch 8/15] step 1150/1599 (0.9 it/s)
[Epoch 8/15] step 1150/1599 (0.9 it/s)
[Epoch 8/15] step 1200/1599 (0.9 it/s)
[Epoch 8/15] step 1200/1599 (0.9 it/s)
[Epoch 8/15] step 1200/1599 (0.9 it/s)
[Epoch 8/15] step 1200/1599 (0.9 it/s)
[Epoch 8/15] step 1200/1599 (0.9 it/s)
[Epoch 8/15] step 1200/1599 (0.9 it/s)
[Epoch 8/15] step 1200/1599 (0.9 it/s)
[Epoch 8/15] step 1200/1599 (0.9 it/s)
[Epoch 8/15] step 1250/1599 (0.9 it/s)
[Epoch 8/15] step 1250/1599 (0.9 it/s)
[Epoch 8/15] step 1250/1599 (0.9 it/s)
[Epoch 8/15] step 1250/1599 (0.9 it/s)
[Epoch 8/15] step 1250/1599 (0.9 it/s)
[Epoch 8/15] step 1250/1599 (0.9 it/s)
[Epoch 8/15] step 1250/1599 (0.9 it/s)
[Epoch 8/15] step 1250/1599 (0.9 it/s)
[Epoch 8/15] step 1300/1599 (0.9 it/s)
[Epoch 8/15] step 1300/1599 (0.9 it/s)
[Epoch 8/15] step 1300/1599 (0.9 it/s)
[Epoch 8/15] step 1300/1599 (0.9 it/s)
[Epoch 8/15] step 1300/1599 (0.9 it/s)
[Epoch 8/15] step 1300/1599 (0.9 it/s)
[Epoch 8/15] step 1300/1599 (0.9 it/s)
[Epoch 8/15] step 1300/1599 (0.9 it/s)
[Epoch 8/15] step 1350/1599 (0.9 it/s)
[Epoch 8/15] step 1350/1599 (0.9 it/s)
[Epoch 8/15] step 1350/1599 (0.9 it/s)
[Epoch 8/15] step 1350/1599 (0.9 it/s)
[Epoch 8/15] step 1350/1599 (0.9 it/s)
[Epoch 8/15] step 1350/1599 (0.9 it/s)
[Epoch 8/15] step 1350/1599 (0.9 it/s)
[Epoch 8/15] step 1350/1599 (0.9 it/s)
[Epoch 8/15] step 1400/1599 (0.9 it/s)
[Epoch 8/15] step 1400/1599 (0.9 it/s)
[Epoch 8/15] step 1400/1599 (0.9 it/s)
[Epoch 8/15] step 1400/1599 (0.9 it/s)
[Epoch 8/15] step 1400/1599 (0.9 it/s)
[Epoch 8/15] step 1400/1599 (0.9 it/s)
[Epoch 8/15] step 1400/1599 (0.9 it/s)
[Epoch 8/15] step 1400/1599 (0.9 it/s)
[Epoch 8/15] step 1450/1599 (0.9 it/s)
[Epoch 8/15] step 1450/1599 (0.9 it/s)
[Epoch 8/15] step 1450/1599 (0.9 it/s)
[Epoch 8/15] step 1450/1599 (0.9 it/s)
[Epoch 8/15] step 1450/1599 (0.9 it/s)
[Epoch 8/15] step 1450/1599 (0.9 it/s)
[Epoch 8/15] step 1450/1599 (0.9 it/s)
[Epoch 8/15] step 1450/1599 (0.9 it/s)
[Epoch 8/15] step 1500/1599 (0.9 it/s)
[Epoch 8/15] step 1500/1599 (0.9 it/s)
[Epoch 8/15] step 1500/1599 (0.9 it/s)
[Epoch 8/15] step 1500/1599 (0.9 it/s)
[Epoch 8/15] step 1500/1599 (0.9 it/s)
[Epoch 8/15] step 1500/1599 (0.9 it/s)
[Epoch 8/15] step 1500/1599 (0.9 it/s)
[Epoch 8/15] step 1500/1599 (0.9 it/s)
[Epoch 8/15] step 1550/1599 (0.9 it/s)
[Epoch 8/15] step 1550/1599 (0.9 it/s)
[Epoch 8/15] step 1550/1599 (0.9 it/s)
[Epoch 8/15] step 1550/1599 (0.9 it/s)
[Epoch 8/15] step 1550/1599 (0.9 it/s)
[Epoch 8/15] step 1550/1599 (0.9 it/s)
[Epoch 8/15] step 1550/1599 (0.9 it/s)
[Epoch 8/15] step 1550/1599 (0.9 it/s)
[Epoch 8/15] done in 1898.0s
[Epoch 8/15] done in 1898.0s
[Epoch 8/15] done in 1898.0s
[Epoch 8/15] done in 1898.0s
[Epoch 8/15] done in 1898.0s
[Epoch 8/15] done in 1898.0s
[Epoch 8/15] done in 1898.0s
19:33:28 | INFO  | trainer_inf~| \n+-------------------------------------------+------------------------+
|                   Metric                  |         Value          |
+-------------------------------------------+------------------------+
|            [0;34;40mfit/active_dim_count[0m           |         [0;32;40m192.0[0m          |
|               [0;34;40mfit/delta_cos[0m               |   [0;32;40m0.9193440675735474[0m   |
|               [0;34;40mfit/delta_norm[0m              |   [0;32;40m7.025177001953125[0m    |
|              [0;34;40mfit/latent_mean[0m              | [0;32;40m0.00042003614362329245[0m |
|              [0;34;40mfit/latent_norm[0m              |   [0;32;40m13.565444946289062[0m   |
|               [0;34;40mfit/latent_std[0m              |   [0;32;40m0.9818352460861206[0m   |
|            [0;34;40mfit/learning_rate_0[0m            | [0;32;40m1.7575905076228082e-05[0m |
|                  [0;34;40mfit/loss[0m                 |   [0;32;40m0.1651916354894638[0m   |
|            [0;34;40mfit/loss_future_cos[0m            |  [0;32;40m0.01667764037847519[0m   |
|             [0;34;40mfit/loss_future_l1[0m            |     [0;32;40m0.11669921875[0m      |
|                [0;34;40mfit/loss_mse[0m               |  [0;32;40m0.03176877647638321[0m   |
|          [0;34;40mfit/loss_mse_horizon_01[0m          |  [0;32;40m0.07448390871286392[0m   |
|          [0;34;40mfit/loss_mse_horizon_02[0m          |  [0;32;40m0.010548001155257225[0m  |
|          [0;34;40mfit/loss_mse_horizon_03[0m          |  [0;32;40m0.010274437256157398[0m  |
|               [0;34;40mfit/loss_total[0m              |   [0;32;40m0.1651916354894638[0m   |
|        [0;34;40mfit/pairwise_cos_hist_bin_00[0m       |          [0;32;40m0.0[0m           |
|        [0;34;40mfit/pairwise_cos_hist_bin_01[0m       |          [0;32;40m0.0[0m           |
|        [0;34;40mfit/pairwise_cos_hist_bin_02[0m       |          [0;32;40m0.0[0m           |
|        [0;34;40mfit/pairwise_cos_hist_bin_03[0m       |          [0;32;40m0.0[0m           |
|        [0;34;40mfit/pairwise_cos_hist_bin_04[0m       |          [0;32;40m0.0[0m           |
|        [0;34;40mfit/pairwise_cos_hist_bin_05[0m       |          [0;32;40m0.0[0m           |
|        [0;34;40mfit/pairwise_cos_hist_bin_06[0m       | [0;32;40m6.688783469144255e-05[0m  |
|        [0;34;40mfit/pairwise_cos_hist_bin_07[0m       |  [0;32;40m0.014695258811116219[0m  |
|        [0;34;40mfit/pairwise_cos_hist_bin_08[0m       |   [0;32;40m0.1554463803768158[0m   |
|        [0;34;40mfit/pairwise_cos_hist_bin_09[0m       |   [0;32;40m0.4776585102081299[0m   |
|        [0;34;40mfit/pairwise_cos_hist_bin_10[0m       |   [0;32;40m0.2517811357975006[0m   |
|        [0;34;40mfit/pairwise_cos_hist_bin_11[0m       |  [0;32;40m0.04433230683207512[0m   |
|        [0;34;40mfit/pairwise_cos_hist_bin_12[0m       |  [0;32;40m0.013659453019499779[0m  |
|        [0;34;40mfit/pairwise_cos_hist_bin_13[0m       |  [0;32;40m0.007981630973517895[0m  |
|        [0;34;40mfit/pairwise_cos_hist_bin_14[0m       | [0;32;40m0.0068130046129226685[0m  |
|        [0;34;40mfit/pairwise_cos_hist_bin_15[0m       |  [0;32;40m0.006060038227587938[0m  |
|        [0;34;40mfit/pairwise_cos_hist_bin_16[0m       |  [0;32;40m0.005586090497672558[0m  |
|        [0;34;40mfit/pairwise_cos_hist_bin_17[0m       |  [0;32;40m0.005041432101279497[0m  |
|        [0;34;40mfit/pairwise_cos_hist_bin_18[0m       |  [0;32;40m0.005375871434807777[0m  |
|        [0;34;40mfit/pairwise_cos_hist_bin_19[0m       |  [0;32;40m0.005502002779394388[0m  |
|            [0;34;40mfit/pairwise_cos_max[0m           |          [0;32;40m1.0[0m           |
|           [0;34;40mfit/pairwise_cos_mean[0m           | [0;32;40m-0.0017538070678710938[0m |
|            [0;34;40mfit/pairwise_cos_min[0m           |     [0;32;40m-0.31396484375[0m     |
|            [0;34;40mfit/pairwise_cos_std[0m           |    [0;32;40m0.1600341796875[0m     |
|            [0;34;40mfit/pred_latent_mse[0m            |  [0;32;40m0.03176877647638321[0m   |
|               [0;34;40mfit/pred_loss[0m               |  [0;32;40m0.03176877647638321[0m   |
|       [0;34;40mfit/predictor_mode_is_residual[0m      |          [0;32;40m1.0[0m           |
|            [0;34;40mfit/samples_per_sec[0m            |   [0;32;40m1282.260498046875[0m    |
|              [0;34;40mfit/sigreg_loss[0m              |        [0;32;40m1.484375[0m        |
|           [0;34;40mfit/target_delta_norm[0m           |   [0;32;40m7.374000072479248[0m    |
|            [0;34;40mhardware/cpu_percent[0m           |   [0;32;40m45.099998474121094[0m   |
|          [0;34;40mhardware/disk_read_mb_s[0m          |          [0;32;40m0.0[0m           |
|          [0;34;40mhardware/disk_write_mb_s[0m         |   [0;32;40m0.5180742144584656[0m   |
|           [0;34;40mhardware/net_recv_mb_s[0m          |  [0;32;40m0.03499765321612358[0m   |
|           [0;34;40mhardware/net_sent_mb_s[0m          |  [0;32;40m0.02283003181219101[0m   |
|            [0;34;40mhardware/ram_used_gb[0m           |   [0;32;40m527.6421508789062[0m    |
|           [0;34;40mhardware/ram_used_pct[0m           |   [0;32;40m28.200000762939453[0m   |
|            [0;34;40mhparams/lr_default_0[0m           | [0;32;40m1.7575905076228082e-05[0m |
|         [0;34;40mvalidate/active_dim_count[0m         |         [0;32;40m192.0[0m          |
|      [0;34;40mvalidate/active_dim_count_epoch[0m      |         [0;32;40m192.0[0m          |
|             [0;34;40mvalidate/delta_cos[0m            |   [0;32;40m0.8473965525627136[0m   |
|          [0;34;40mvalidate/delta_cos_epoch[0m         |   [0;32;40m0.8473965525627136[0m   |
|            [0;34;40mvalidate/delta_norm[0m            |   [0;32;40m6.964910507202148[0m    |
|         [0;34;40mvalidate/delta_norm_epoch[0m         |   [0;32;40m6.964910507202148[0m    |
|            [0;34;40mvalidate/latent_mean[0m           | [0;32;40m-0.026343077421188354[0m  |
|         [0;34;40mvalidate/latent_mean_epoch[0m        | [0;32;40m-0.026343077421188354[0m  |
|            [0;34;40mvalidate/latent_norm[0m           |   [0;32;40m14.268664360046387[0m   |
|         [0;34;40mvalidate/latent_norm_epoch[0m        |   [0;32;40m14.268664360046387[0m   |
|            [0;34;40mvalidate/latent_std[0m            |   [0;32;40m1.0372968912124634[0m   |
|         [0;34;40mvalidate/latent_std_epoch[0m         |   [0;32;40m1.0372968912124634[0m   |
|               [0;34;40mvalidate/loss[0m               |   [0;32;40m0.607622504234314[0m    |
|            [0;34;40mvalidate/loss_epoch[0m            |   [0;32;40m0.607622504234314[0m    |
|          [0;34;40mvalidate/loss_future_cos[0m         |  [0;32;40m0.029507020488381386[0m  |
|       [0;34;40mvalidate/loss_future_cos_epoch[0m      |  [0;32;40m0.029507020488381386[0m  |
|          [0;34;40mvalidate/loss_future_l1[0m          |  [0;32;40m0.18553893268108368[0m   |
|       [0;34;40mvalidate/loss_future_l1_epoch[0m       |  [0;32;40m0.18553893268108368[0m   |
|             [0;34;40mvalidate/loss_mse[0m             |  [0;32;40m0.06366629898548126[0m   |
|          [0;34;40mvalidate/loss_mse_epoch[0m          |  [0;32;40m0.06366629898548126[0m   |
|        [0;34;40mvalidate/loss_mse_horizon_01[0m       |  [0;32;40m0.10262689739465714[0m   |
|     [0;34;40mvalidate/loss_mse_horizon_01_epoch[0m    |  [0;32;40m0.10262689739465714[0m   |
|        [0;34;40mvalidate/loss_mse_horizon_02[0m       |  [0;32;40m0.04429938271641731[0m   |
|     [0;34;40mvalidate/loss_mse_horizon_02_epoch[0m    |  [0;32;40m0.04429938271641731[0m   |
|        [0;34;40mvalidate/loss_mse_horizon_03[0m       |  [0;32;40m0.04407261312007904[0m   |
|     [0;34;40mvalidate/loss_mse_horizon_03_epoch[0m    |  [0;32;40m0.04407261312007904[0m   |
|            [0;34;40mvalidate/loss_total[0m            |   [0;32;40m0.607622504234314[0m    |
|         [0;34;40mvalidate/loss_total_epoch[0m         |   [0;32;40m0.607622504234314[0m    |
|     [0;34;40mvalidate/pairwise_cos_hist_bin_00[0m     |          [0;32;40m0.0[0m           |
|  [0;34;40mvalidate/pairwise_cos_hist_bin_00_epoch[0m  |          [0;32;40m0.0[0m           |
|     [0;34;40mvalidate/pairwise_cos_hist_bin_01[0m     |          [0;32;40m0.0[0m           |
|  [0;34;40mvalidate/pairwise_cos_hist_bin_01_epoch[0m  |          [0;32;40m0.0[0m           |
|     [0;34;40mvalidate/pairwise_cos_hist_bin_02[0m     |          [0;32;40m0.0[0m           |
|  [0;34;40mvalidate/pairwise_cos_hist_bin_02_epoch[0m  |          [0;32;40m0.0[0m           |
|     [0;34;40mvalidate/pairwise_cos_hist_bin_03[0m     |          [0;32;40m0.0[0m           |
|  [0;34;40mvalidate/pairwise_cos_hist_bin_03_epoch[0m  |          [0;32;40m0.0[0m           |
|     [0;34;40mvalidate/pairwise_cos_hist_bin_04[0m     |          [0;32;40m0.0[0m           |
|  [0;34;40mvalidate/pairwise_cos_hist_bin_04_epoch[0m  |          [0;32;40m0.0[0m           |
|     [0;34;40mvalidate/pairwise_cos_hist_bin_05[0m     |          [0;32;40m0.0[0m           |
|  [0;34;40mvalidate/pairwise_cos_hist_bin_05_epoch[0m  |          [0;32;40m0.0[0m           |
|     [0;34;40mvalidate/pairwise_cos_hist_bin_06[0m     | [0;32;40m6.873545498820022e-05[0m  |
|  [0;34;40mvalidate/pairwise_cos_hist_bin_06_epoch[0m  | [0;32;40m6.873545498820022e-05[0m  |
|     [0;34;40mvalidate/pairwise_cos_hist_bin_07[0m     |  [0;32;40m0.006222822703421116[0m  |
|  [0;34;40mvalidate/pairwise_cos_hist_bin_07_epoch[0m  |  [0;32;40m0.006222822703421116[0m  |
|     [0;34;40mvalidate/pairwise_cos_hist_bin_08[0m     |  [0;32;40m0.06813903898000717[0m   |
|  [0;34;40mvalidate/pairwise_cos_hist_bin_08_epoch[0m  |  [0;32;40m0.06813903898000717[0m   |
|     [0;34;40mvalidate/pairwise_cos_hist_bin_09[0m     |  [0;32;40m0.31967976689338684[0m   |
|  [0;34;40mvalidate/pairwise_cos_hist_bin_09_epoch[0m  |  [0;32;40m0.31967976689338684[0m   |
|     [0;34;40mvalidate/pairwise_cos_hist_bin_10[0m     |  [0;32;40m0.33324089646339417[0m   |
|  [0;34;40mvalidate/pairwise_cos_hist_bin_10_epoch[0m  |  [0;32;40m0.33324089646339417[0m   |
|     [0;34;40mvalidate/pairwise_cos_hist_bin_11[0m     |  [0;32;40m0.14484654366970062[0m   |
|  [0;34;40mvalidate/pairwise_cos_hist_bin_11_epoch[0m  |  [0;32;40m0.14484654366970062[0m   |
|     [0;34;40mvalidate/pairwise_cos_hist_bin_12[0m     |  [0;32;40m0.060086559504270554[0m  |
|  [0;34;40mvalidate/pairwise_cos_hist_bin_12_epoch[0m  |  [0;32;40m0.060086559504270554[0m  |
|     [0;34;40mvalidate/pairwise_cos_hist_bin_13[0m     |  [0;32;40m0.022352464497089386[0m  |
|  [0;34;40mvalidate/pairwise_cos_hist_bin_13_epoch[0m  |  [0;32;40m0.022352464497089386[0m  |
|     [0;34;40mvalidate/pairwise_cos_hist_bin_14[0m     |  [0;32;40m0.011377834714949131[0m  |
|  [0;34;40mvalidate/pairwise_cos_hist_bin_14_epoch[0m  |  [0;32;40m0.011377834714949131[0m  |
|     [0;34;40mvalidate/pairwise_cos_hist_bin_15[0m     |  [0;32;40m0.007799659855663776[0m  |
|  [0;34;40mvalidate/pairwise_cos_hist_bin_15_epoch[0m  |  [0;32;40m0.007799659855663776[0m  |
|     [0;34;40mvalidate/pairwise_cos_hist_bin_16[0m     | [0;32;40m0.0069197844713926315[0m  |
|  [0;34;40mvalidate/pairwise_cos_hist_bin_16_epoch[0m  | [0;32;40m0.0069197844713926315[0m  |
|     [0;34;40mvalidate/pairwise_cos_hist_bin_17[0m     |  [0;32;40m0.006226039957255125[0m  |
|  [0;34;40mvalidate/pairwise_cos_hist_bin_17_epoch[0m  |  [0;32;40m0.006226039957255125[0m  |
|     [0;34;40mvalidate/pairwise_cos_hist_bin_18[0m     |  [0;32;40m0.006438858807086945[0m  |
|  [0;34;40mvalidate/pairwise_cos_hist_bin_18_epoch[0m  |  [0;32;40m0.006438858807086945[0m  |
|     [0;34;40mvalidate/pairwise_cos_hist_bin_19[0m     | [0;32;40m0.0066009643487632275[0m  |
|  [0;34;40mvalidate/pairwise_cos_hist_bin_19_epoch[0m  | [0;32;40m0.0066009643487632275[0m  |
|         [0;34;40mvalidate/pairwise_cos_max[0m         |          [0;32;40m1.0[0m           |
|      [0;34;40mvalidate/pairwise_cos_max_epoch[0m      |          [0;32;40m1.0[0m           |
|         [0;34;40mvalidate/pairwise_cos_mean[0m        |  [0;32;40m0.06386084854602814[0m   |
|      [0;34;40mvalidate/pairwise_cos_mean_epoch[0m     |  [0;32;40m0.06386084854602814[0m   |
|         [0;34;40mvalidate/pairwise_cos_min[0m         |  [0;32;40m-0.32427987456321716[0m  |
|      [0;34;40mvalidate/pairwise_cos_min_epoch[0m      |  [0;32;40m-0.32427987456321716[0m  |
|         [0;34;40mvalidate/pairwise_cos_std[0m         |   [0;32;40m0.1735479235649109[0m   |
|      [0;34;40mvalidate/pairwise_cos_std_epoch[0m      |   [0;32;40m0.1735479235649109[0m   |
|          [0;34;40mvalidate/pred_latent_mse[0m         |  [0;32;40m0.06366629898548126[0m   |
|       [0;34;40mvalidate/pred_latent_mse_epoch[0m      |  [0;32;40m0.06366629898548126[0m   |
|             [0;34;40mvalidate/pred_loss[0m            |  [0;32;40m0.06366629898548126[0m   |
|          [0;34;40mvalidate/pred_loss_epoch[0m         |  [0;32;40m0.06366629898548126[0m   |
|    [0;34;40mvalidate/predictor_mode_is_residual[0m    |          [0;32;40m1.0[0m           |
| [0;34;40mvalidate/predictor_mode_is_residual_epoch[0m |          [0;32;40m1.0[0m           |
|            [0;34;40mvalidate/sigreg_loss[0m           |   [0;32;40m6.044274806976318[0m    |
|         [0;34;40mvalidate/sigreg_loss_epoch[0m        |   [0;32;40m6.044274806976318[0m    |
|         [0;34;40mvalidate/target_delta_norm[0m        |   [0;32;40m7.220533847808838[0m    |
|      [0;34;40mvalidate/target_delta_norm_epoch[0m     |   [0;32;40m7.220533847808838[0m    |
+-------------------------------------------+------------------------+
19:33:28 | INFO  | utils.py    | 📦📦📦 Model saved to /data1/Johnny/challenge/wrf/homework/outputs/stable-wm/checkpoints/lewm_residual_reacher_15/weights_epoch_9.pt 📦📦📦
[Epoch 8/15] done in 1898.1s
19:33:28 | INFO  | checkpoint_~|   Checking for non PyTorch modules to save
19:33:28 | INFO  | atomic_chec~| [atomic_save] → /data1/Johnny/challenge/wrf/homework/outputs/home/.cache/stable-pretraining/runs/20260715/145800/ee58f199d257/checkpoints/epoch=8-step=14391.ckpt
19:33:29 | INFO  | atomic_chec~| [atomic_save] ✓ epoch=8-step=14391.ckpt saved (206.8 MiB, serialise=0.33s write=0.22s rename=0.0ms)
19:33:29 | INFO  | checkpoint_~|   Checking for non PyTorch modules to save
19:33:29 | INFO  | atomic_chec~| [atomic_save] → /data1/Johnny/challenge/wrf/homework/outputs/home/.cache/stable-pretraining/runs/20260715/145800/ee58f199d257/checkpoints/last.ckpt
19:33:29 | INFO  | atomic_chec~| [atomic_save] ✓ last.ckpt saved (206.8 MiB, serialise=0.31s write=0.19s rename=17.0ms)
[Epoch 9/15] step 50/1599 (0.7 it/s)
[Epoch 9/15] step 50/1599 (0.7 it/s)
[Epoch 9/15] step 50/1599 (0.7 it/s)
[Epoch 9/15] step 50/1599 (0.7 it/s)
[Epoch 9/15] step 50/1599 (0.7 it/s)
[Epoch 9/15] step 50/1599 (0.7 it/s)
[Epoch 9/15] step 50/1599 (0.7 it/s)
[Epoch 9/15] step 50/1599 (0.7 it/s)
[Epoch 9/15] step 100/1599 (0.8 it/s)
[Epoch 9/15] step 100/1599 (0.8 it/s)
[Epoch 9/15] step 100/1599 (0.8 it/s)
[Epoch 9/15] step 100/1599 (0.8 it/s)
[Epoch 9/15] step 100/1599 (0.8 it/s)
[Epoch 9/15] step 100/1599 (0.8 it/s)
[Epoch 9/15] step 100/1599 (0.8 it/s)
[Epoch 9/15] step 100/1599 (0.8 it/s)
[Epoch 9/15] step 150/1599 (0.8 it/s)
[Epoch 9/15] step 150/1599 (0.8 it/s)
[Epoch 9/15] step 150/1599 (0.8 it/s)
[Epoch 9/15] step 150/1599 (0.8 it/s)
[Epoch 9/15] step 150/1599 (0.8 it/s)
[Epoch 9/15] step 150/1599 (0.8 it/s)
[Epoch 9/15] step 150/1599 (0.8 it/s)
[Epoch 9/15] step 150/1599 (0.8 it/s)
[Epoch 9/15] step 200/1599 (0.9 it/s)
[Epoch 9/15] step 200/1599 (0.9 it/s)
[Epoch 9/15] step 200/1599 (0.9 it/s)
[Epoch 9/15] step 200/1599 (0.9 it/s)
[Epoch 9/15] step 200/1599 (0.9 it/s)
[Epoch 9/15] step 200/1599 (0.9 it/s)
[Epoch 9/15] step 200/1599 (0.9 it/s)
[Epoch 9/15] step 200/1599 (0.9 it/s)
[Epoch 9/15] step 250/1599 (0.9 it/s)
[Epoch 9/15] step 250/1599 (0.9 it/s)
[Epoch 9/15] step 250/1599 (0.9 it/s)
[Epoch 9/15] step 250/1599 (0.9 it/s)
[Epoch 9/15] step 250/1599 (0.9 it/s)
[Epoch 9/15] step 250/1599 (0.9 it/s)
[Epoch 9/15] step 250/1599 (0.9 it/s)
[Epoch 9/15] step 250/1599 (0.9 it/s)
[Epoch 9/15] step 300/1599 (0.9 it/s)
[Epoch 9/15] step 300/1599 (0.9 it/s)
[Epoch 9/15] step 300/1599 (0.9 it/s)
[Epoch 9/15] step 300/1599 (0.9 it/s)
[Epoch 9/15] step 300/1599 (0.9 it/s)
[Epoch 9/15] step 300/1599 (0.9 it/s)
[Epoch 9/15] step 300/1599 (0.9 it/s)
[Epoch 9/15] step 300/1599 (0.9 it/s)
[Epoch 9/15] step 350/1599 (0.9 it/s)
[Epoch 9/15] step 350/1599 (0.9 it/s)
[Epoch 9/15] step 350/1599 (0.9 it/s)
[Epoch 9/15] step 350/1599 (0.9 it/s)
[Epoch 9/15] step 350/1599 (0.9 it/s)
[Epoch 9/15] step 350/1599 (0.9 it/s)
[Epoch 9/15] step 350/1599 (0.9 it/s)
[Epoch 9/15] step 350/1599 (0.9 it/s)
[Epoch 9/15] step 400/1599 (0.9 it/s)
[Epoch 9/15] step 400/1599 (0.9 it/s)
[Epoch 9/15] step 400/1599 (0.9 it/s)
[Epoch 9/15] step 400/1599 (0.9 it/s)
[Epoch 9/15] step 400/1599 (0.9 it/s)
[Epoch 9/15] step 400/1599 (0.9 it/s)
[Epoch 9/15] step 400/1599 (0.9 it/s)
[Epoch 9/15] step 400/1599 (0.9 it/s)
[Epoch 9/15] step 450/1599 (0.9 it/s)
[Epoch 9/15] step 450/1599 (0.9 it/s)
[Epoch 9/15] step 450/1599 (0.9 it/s)
[Epoch 9/15] step 450/1599 (0.9 it/s)
[Epoch 9/15] step 450/1599 (0.9 it/s)
[Epoch 9/15] step 450/1599 (0.9 it/s)
[Epoch 9/15] step 450/1599 (0.9 it/s)
[Epoch 9/15] step 450/1599 (0.9 it/s)
[Epoch 9/15] step 500/1599 (0.9 it/s)
[Epoch 9/15] step 500/1599 (0.9 it/s)
[Epoch 9/15] step 500/1599 (0.9 it/s)
[Epoch 9/15] step 500/1599 (0.9 it/s)
[Epoch 9/15] step 500/1599 (0.9 it/s)
[Epoch 9/15] step 500/1599 (0.9 it/s)
[Epoch 9/15] step 500/1599 (0.9 it/s)
[Epoch 9/15] step 500/1599 (0.9 it/s)
[Epoch 9/15] step 550/1599 (0.9 it/s)
[Epoch 9/15] step 550/1599 (0.9 it/s)
[Epoch 9/15] step 550/1599 (0.9 it/s)
[Epoch 9/15] step 550/1599 (0.9 it/s)
[Epoch 9/15] step 550/1599 (0.9 it/s)
[Epoch 9/15] step 550/1599 (0.9 it/s)
[Epoch 9/15] step 550/1599 (0.9 it/s)
[Epoch 9/15] step 550/1599 (0.9 it/s)
[Epoch 9/15] step 600/1599 (0.9 it/s)
[Epoch 9/15] step 600/1599 (0.9 it/s)
[Epoch 9/15] step 600/1599 (0.9 it/s)
[Epoch 9/15] step 600/1599 (0.9 it/s)
[Epoch 9/15] step 600/1599 (0.9 it/s)
[Epoch 9/15] step 600/1599 (0.9 it/s)
[Epoch 9/15] step 600/1599 (0.9 it/s)
[Epoch 9/15] step 600/1599 (0.9 it/s)
[Epoch 9/15] step 650/1599 (0.9 it/s)
[Epoch 9/15] step 650/1599 (0.9 it/s)
[Epoch 9/15] step 650/1599 (0.9 it/s)
[Epoch 9/15] step 650/1599 (0.9 it/s)
[Epoch 9/15] step 650/1599 (0.9 it/s)
[Epoch 9/15] step 650/1599 (0.9 it/s)
[Epoch 9/15] step 650/1599 (0.9 it/s)
[Epoch 9/15] step 650/1599 (0.9 it/s)
[Epoch 9/15] step 700/1599 (0.9 it/s)
[Epoch 9/15] step 700/1599 (0.9 it/s)
[Epoch 9/15] step 700/1599 (0.9 it/s)
[Epoch 9/15] step 700/1599 (0.9 it/s)
[Epoch 9/15] step 700/1599 (0.9 it/s)
[Epoch 9/15] step 700/1599 (0.9 it/s)
[Epoch 9/15] step 700/1599 (0.9 it/s)
[Epoch 9/15] step 700/1599 (0.9 it/s)
[Epoch 9/15] step 750/1599 (0.9 it/s)
[Epoch 9/15] step 750/1599 (0.9 it/s)
[Epoch 9/15] step 750/1599 (0.9 it/s)
[Epoch 9/15] step 750/1599 (0.9 it/s)
[Epoch 9/15] step 750/1599 (0.9 it/s)
[Epoch 9/15] step 750/1599 (0.9 it/s)
[Epoch 9/15] step 750/1599 (0.9 it/s)
[Epoch 9/15] step 750/1599 (0.9 it/s)
[Epoch 9/15] step 800/1599 (0.9 it/s)
[Epoch 9/15] step 800/1599 (0.9 it/s)
[Epoch 9/15] step 800/1599 (0.9 it/s)
[Epoch 9/15] step 800/1599 (0.9 it/s)
[Epoch 9/15] step 800/1599 (0.9 it/s)
[Epoch 9/15] step 800/1599 (0.9 it/s)
[Epoch 9/15] step 800/1599 (0.9 it/s)
[Epoch 9/15] step 800/1599 (0.9 it/s)
[Epoch 9/15] step 850/1599 (0.9 it/s)
[Epoch 9/15] step 850/1599 (0.9 it/s)
[Epoch 9/15] step 850/1599 (0.9 it/s)
[Epoch 9/15] step 850/1599 (0.9 it/s)
[Epoch 9/15] step 850/1599 (0.9 it/s)
[Epoch 9/15] step 850/1599 (0.9 it/s)
[Epoch 9/15] step 850/1599 (0.9 it/s)
[Epoch 9/15] step 850/1599 (0.9 it/s)
[Epoch 9/15] step 900/1599 (0.9 it/s)
[Epoch 9/15] step 900/1599 (0.9 it/s)
[Epoch 9/15] step 900/1599 (0.9 it/s)
[Epoch 9/15] step 900/1599 (0.9 it/s)
[Epoch 9/15] step 900/1599 (0.9 it/s)
[Epoch 9/15] step 900/1599 (0.9 it/s)
[Epoch 9/15] step 900/1599 (0.9 it/s)
[Epoch 9/15] step 900/1599 (0.9 it/s)
[Epoch 9/15] step 950/1599 (0.9 it/s)
[Epoch 9/15] step 950/1599 (0.9 it/s)
[Epoch 9/15] step 950/1599 (0.9 it/s)
[Epoch 9/15] step 950/1599 (0.9 it/s)
[Epoch 9/15] step 950/1599 (0.9 it/s)
[Epoch 9/15] step 950/1599 (0.9 it/s)
[Epoch 9/15] step 950/1599 (0.9 it/s)
[Epoch 9/15] step 950/1599 (0.9 it/s)
[Epoch 9/15] step 1000/1599 (0.9 it/s)
[Epoch 9/15] step 1000/1599 (0.9 it/s)
[Epoch 9/15] step 1000/1599 (0.9 it/s)
[Epoch 9/15] step 1000/1599 (0.9 it/s)
[Epoch 9/15] step 1000/1599 (0.9 it/s)
[Epoch 9/15] step 1000/1599 (0.9 it/s)
[Epoch 9/15] step 1000/1599 (0.9 it/s)
[Epoch 9/15] step 1000/1599 (0.9 it/s)
[Epoch 9/15] step 1050/1599 (0.9 it/s)
[Epoch 9/15] step 1050/1599 (0.9 it/s)
[Epoch 9/15] step 1050/1599 (0.9 it/s)
[Epoch 9/15] step 1050/1599 (0.9 it/s)
[Epoch 9/15] step 1050/1599 (0.9 it/s)
[Epoch 9/15] step 1050/1599 (0.9 it/s)
[Epoch 9/15] step 1050/1599 (0.9 it/s)
[Epoch 9/15] step 1050/1599 (0.9 it/s)
[Epoch 9/15] step 1100/1599 (0.9 it/s)
[Epoch 9/15] step 1100/1599 (0.9 it/s)
[Epoch 9/15] step 1100/1599 (0.9 it/s)
[Epoch 9/15] step 1100/1599 (0.9 it/s)
[Epoch 9/15] step 1100/1599 (0.9 it/s)
[Epoch 9/15] step 1100/1599 (0.9 it/s)
[Epoch 9/15] step 1100/1599 (0.9 it/s)
[Epoch 9/15] step 1100/1599 (0.9 it/s)
[Epoch 9/15] step 1150/1599 (0.9 it/s)
[Epoch 9/15] step 1150/1599 (0.9 it/s)
[Epoch 9/15] step 1150/1599 (0.9 it/s)
[Epoch 9/15] step 1150/1599 (0.9 it/s)
[Epoch 9/15] step 1150/1599 (0.9 it/s)
[Epoch 9/15] step 1150/1599 (0.9 it/s)
[Epoch 9/15] step 1150/1599 (0.9 it/s)
[Epoch 9/15] step 1150/1599 (0.9 it/s)
[Epoch 9/15] step 1200/1599 (0.9 it/s)
[Epoch 9/15] step 1200/1599 (0.9 it/s)
[Epoch 9/15] step 1200/1599 (0.9 it/s)
[Epoch 9/15] step 1200/1599 (0.9 it/s)
[Epoch 9/15] step 1200/1599 (0.9 it/s)
[Epoch 9/15] step 1200/1599 (0.9 it/s)
[Epoch 9/15] step 1200/1599 (0.9 it/s)
[Epoch 9/15] step 1200/1599 (0.9 it/s)
[Epoch 9/15] step 1250/1599 (0.9 it/s)
[Epoch 9/15] step 1250/1599 (0.9 it/s)
[Epoch 9/15] step 1250/1599 (0.9 it/s)
[Epoch 9/15] step 1250/1599 (0.9 it/s)
[Epoch 9/15] step 1250/1599 (0.9 it/s)
[Epoch 9/15] step 1250/1599 (0.9 it/s)
[Epoch 9/15] step 1250/1599 (0.9 it/s)
[Epoch 9/15] step 1250/1599 (0.9 it/s)
[Epoch 9/15] step 1300/1599 (0.9 it/s)
[Epoch 9/15] step 1300/1599 (0.9 it/s)
[Epoch 9/15] step 1300/1599 (0.9 it/s)
[Epoch 9/15] step 1300/1599 (0.9 it/s)
[Epoch 9/15] step 1300/1599 (0.9 it/s)
[Epoch 9/15] step 1300/1599 (0.9 it/s)
[Epoch 9/15] step 1300/1599 (0.9 it/s)
[Epoch 9/15] step 1300/1599 (0.9 it/s)
[Epoch 9/15] step 1350/1599 (0.9 it/s)
[Epoch 9/15] step 1350/1599 (0.9 it/s)
[Epoch 9/15] step 1350/1599 (0.9 it/s)
[Epoch 9/15] step 1350/1599 (0.9 it/s)
[Epoch 9/15] step 1350/1599 (0.9 it/s)
[Epoch 9/15] step 1350/1599 (0.9 it/s)
[Epoch 9/15] step 1350/1599 (0.9 it/s)
[Epoch 9/15] step 1350/1599 (0.9 it/s)
[Epoch 9/15] step 1400/1599 (0.9 it/s)
[Epoch 9/15] step 1400/1599 (0.9 it/s)
[Epoch 9/15] step 1400/1599 (0.9 it/s)
[Epoch 9/15] step 1400/1599 (0.9 it/s)
[Epoch 9/15] step 1400/1599 (0.9 it/s)
[Epoch 9/15] step 1400/1599 (0.9 it/s)
[Epoch 9/15] step 1400/1599 (0.9 it/s)
[Epoch 9/15] step 1400/1599 (0.9 it/s)
[Epoch 9/15] step 1450/1599 (0.9 it/s)
[Epoch 9/15] step 1450/1599 (0.9 it/s)
[Epoch 9/15] step 1450/1599 (0.9 it/s)
[Epoch 9/15] step 1450/1599 (0.9 it/s)
[Epoch 9/15] step 1450/1599 (0.9 it/s)
[Epoch 9/15] step 1450/1599 (0.9 it/s)
[Epoch 9/15] step 1450/1599 (0.9 it/s)
[Epoch 9/15] step 1450/1599 (0.9 it/s)
[Epoch 9/15] step 1500/1599 (0.9 it/s)
[Epoch 9/15] step 1500/1599 (0.9 it/s)
[Epoch 9/15] step 1500/1599 (0.9 it/s)
[Epoch 9/15] step 1500/1599 (0.9 it/s)
[Epoch 9/15] step 1500/1599 (0.9 it/s)
[Epoch 9/15] step 1500/1599 (0.9 it/s)
[Epoch 9/15] step 1500/1599 (0.9 it/s)
[Epoch 9/15] step 1500/1599 (0.9 it/s)
[Epoch 9/15] step 1550/1599 (0.9 it/s)
[Epoch 9/15] step 1550/1599 (0.9 it/s)
[Epoch 9/15] step 1550/1599 (0.9 it/s)
[Epoch 9/15] step 1550/1599 (0.9 it/s)
[Epoch 9/15] step 1550/1599 (0.9 it/s)
[Epoch 9/15] step 1550/1599 (0.9 it/s)
[Epoch 9/15] step 1550/1599 (0.9 it/s)
[Epoch 9/15] step 1550/1599 (0.9 it/s)
[Epoch 9/15] done in 1900.9s
[Epoch 9/15] done in 1900.9s
[Epoch 9/15] done in 1900.9s
[Epoch 9/15] done in 1900.9s
[Epoch 9/15] done in 1900.9s
[Epoch 9/15] done in 1900.9s
[Epoch 9/15] done in 1900.9s
20:05:10 | INFO  | trainer_inf~| \n+-------------------------------------------+------------------------+
|                   Metric                  |         Value          |
+-------------------------------------------+------------------------+
|            [0;34;40mfit/active_dim_count[0m           |         [0;32;40m192.0[0m          |
|               [0;34;40mfit/delta_cos[0m               |   [0;32;40m0.9163026809692383[0m   |
|               [0;34;40mfit/delta_norm[0m              |   [0;32;40m7.038398265838623[0m    |
|              [0;34;40mfit/latent_mean[0m              | [0;32;40m0.0012372666969895363[0m  |
|              [0;34;40mfit/latent_norm[0m              |   [0;32;40m13.538110733032227[0m   |
|               [0;34;40mfit/latent_std[0m              |   [0;32;40m0.9800772666931152[0m   |
|            [0;34;40mfit/learning_rate_0[0m            | [0;32;40m1.272888584935572e-05[0m  |
|                  [0;34;40mfit/loss[0m                 |  [0;32;40m0.17514006793498993[0m   |
|            [0;34;40mfit/loss_future_cos[0m            |  [0;32;40m0.016453810036182404[0m  |
|             [0;34;40mfit/loss_future_l1[0m            |    [0;32;40m0.11407470703125[0m    |
|                [0;34;40mfit/loss_mse[0m               |  [0;32;40m0.03085295669734478[0m   |
|          [0;34;40mfit/loss_mse_horizon_01[0m          |   [0;32;40m0.0733712837100029[0m   |
|          [0;34;40mfit/loss_mse_horizon_02[0m          |  [0;32;40m0.009627245366573334[0m  |
|          [0;34;40mfit/loss_mse_horizon_03[0m          |  [0;32;40m0.00956034753471613[0m   |
|               [0;34;40mfit/loss_total[0m              |  [0;32;40m0.17514006793498993[0m   |
|        [0;34;40mfit/pairwise_cos_hist_bin_00[0m       |          [0;32;40m0.0[0m           |
|        [0;34;40mfit/pairwise_cos_hist_bin_01[0m       |          [0;32;40m0.0[0m           |
|        [0;34;40mfit/pairwise_cos_hist_bin_02[0m       |          [0;32;40m0.0[0m           |
|        [0;34;40mfit/pairwise_cos_hist_bin_03[0m       |          [0;32;40m0.0[0m           |
|        [0;34;40mfit/pairwise_cos_hist_bin_04[0m       |          [0;32;40m0.0[0m           |
|        [0;34;40mfit/pairwise_cos_hist_bin_05[0m       |          [0;32;40m0.0[0m           |
|        [0;34;40mfit/pairwise_cos_hist_bin_06[0m       | [0;32;40m4.5865948777645826e-05[0m |
|        [0;34;40mfit/pairwise_cos_hist_bin_07[0m       |  [0;32;40m0.014542372897267342[0m  |
|        [0;34;40mfit/pairwise_cos_hist_bin_08[0m       |   [0;32;40m0.156352236866951[0m    |
|        [0;34;40mfit/pairwise_cos_hist_bin_09[0m       |  [0;32;40m0.47589266300201416[0m   |
|        [0;34;40mfit/pairwise_cos_hist_bin_10[0m       |  [0;32;40m0.25303956866264343[0m   |
|        [0;34;40mfit/pairwise_cos_hist_bin_11[0m       |  [0;32;40m0.04482058435678482[0m   |
|        [0;34;40mfit/pairwise_cos_hist_bin_12[0m       |  [0;32;40m0.012906486168503761[0m  |
|        [0;34;40mfit/pairwise_cos_hist_bin_13[0m       |  [0;32;40m0.008068584837019444[0m  |
|        [0;34;40mfit/pairwise_cos_hist_bin_14[0m       | [0;32;40m0.0065779415890574455[0m  |
|        [0;34;40mfit/pairwise_cos_hist_bin_15[0m       | [0;32;40m0.0060781934298574924[0m  |
|        [0;34;40mfit/pairwise_cos_hist_bin_16[0m       |  [0;32;40m0.005633867345750332[0m  |
|        [0;34;40mfit/pairwise_cos_hist_bin_17[0m       |  [0;32;40m0.005077742505818605[0m  |
|        [0;34;40mfit/pairwise_cos_hist_bin_18[0m       |  [0;32;40m0.005345294717699289[0m  |
|        [0;34;40mfit/pairwise_cos_hist_bin_19[0m       |  [0;32;40m0.005618578754365444[0m  |
|            [0;34;40mfit/pairwise_cos_max[0m           |          [0;32;40m1.0[0m           |
|           [0;34;40mfit/pairwise_cos_mean[0m           | [0;32;40m-0.001758575439453125[0m  |
|            [0;34;40mfit/pairwise_cos_min[0m           |     [0;32;40m-0.3095703125[0m      |
|            [0;34;40mfit/pairwise_cos_std[0m           |    [0;32;40m0.1602783203125[0m     |
|            [0;34;40mfit/pred_latent_mse[0m            |  [0;32;40m0.03085295669734478[0m   |
|               [0;34;40mfit/pred_loss[0m               |  [0;32;40m0.03085295669734478[0m   |
|       [0;34;40mfit/predictor_mode_is_residual[0m      |          [0;32;40m1.0[0m           |
|            [0;34;40mfit/samples_per_sec[0m            |     [0;32;40m1301.912109375[0m     |
|              [0;34;40mfit/sigreg_loss[0m              |      [0;32;40m1.6025390625[0m      |
|           [0;34;40mfit/target_delta_norm[0m           |   [0;32;40m7.322822570800781[0m    |
|            [0;34;40mhardware/cpu_percent[0m           |   [0;32;40m34.29999923706055[0m    |
|          [0;34;40mhardware/disk_read_mb_s[0m          |          [0;32;40m0.0[0m           |
|          [0;34;40mhardware/disk_write_mb_s[0m         |  [0;32;40m0.15190711617469788[0m   |
|           [0;34;40mhardware/net_recv_mb_s[0m          | [0;32;40m0.0021960281301289797[0m  |
|           [0;34;40mhardware/net_sent_mb_s[0m          | [0;32;40m0.0033103451132774353[0m  |
|            [0;34;40mhardware/ram_used_gb[0m           |    [0;32;40m528.31689453125[0m     |
|           [0;34;40mhardware/ram_used_pct[0m           |   [0;32;40m28.299999237060547[0m   |
|            [0;34;40mhparams/lr_default_0[0m           | [0;32;40m1.2728884939861018e-05[0m |
|         [0;34;40mvalidate/active_dim_count[0m         |         [0;32;40m192.0[0m          |
|      [0;34;40mvalidate/active_dim_count_epoch[0m      |         [0;32;40m192.0[0m          |
|             [0;34;40mvalidate/delta_cos[0m            |   [0;32;40m0.8852582573890686[0m   |
|          [0;34;40mvalidate/delta_cos_epoch[0m         |   [0;32;40m0.8852582573890686[0m   |
|            [0;34;40mvalidate/delta_norm[0m            |   [0;32;40m7.1985392570495605[0m   |
|         [0;34;40mvalidate/delta_norm_epoch[0m         |   [0;32;40m7.1985392570495605[0m   |
|            [0;34;40mvalidate/latent_mean[0m           |  [0;32;40m-0.0103694386780262[0m   |
|         [0;34;40mvalidate/latent_mean_epoch[0m        |  [0;32;40m-0.0103694386780262[0m   |
|            [0;34;40mvalidate/latent_norm[0m           |   [0;32;40m14.17558479309082[0m    |
|         [0;34;40mvalidate/latent_norm_epoch[0m        |   [0;32;40m14.17558479309082[0m    |
|            [0;34;40mvalidate/latent_std[0m            |   [0;32;40m1.0322275161743164[0m   |
|         [0;34;40mvalidate/latent_std_epoch[0m         |   [0;32;40m1.0322275161743164[0m   |
|               [0;34;40mvalidate/loss[0m               |  [0;32;40m0.35727986693382263[0m   |
|            [0;34;40mvalidate/loss_epoch[0m            |  [0;32;40m0.35727986693382263[0m   |
|          [0;34;40mvalidate/loss_future_cos[0m         |  [0;32;40m0.023145683109760284[0m  |
|       [0;34;40mvalidate/loss_future_cos_epoch[0m      |  [0;32;40m0.023145683109760284[0m  |
|          [0;34;40mvalidate/loss_future_l1[0m          |  [0;32;40m0.15509013831615448[0m   |
|       [0;34;40mvalidate/loss_future_l1_epoch[0m       |  [0;32;40m0.15509013831615448[0m   |
|             [0;34;40mvalidate/loss_mse[0m             |  [0;32;40m0.04807429760694504[0m   |
|          [0;34;40mvalidate/loss_mse_epoch[0m          |  [0;32;40m0.04807429760694504[0m   |
|        [0;34;40mvalidate/loss_mse_horizon_01[0m       |  [0;32;40m0.09147953242063522[0m   |
|     [0;34;40mvalidate/loss_mse_horizon_01_epoch[0m    |  [0;32;40m0.09147953242063522[0m   |
|        [0;34;40mvalidate/loss_mse_horizon_02[0m       |  [0;32;40m0.026558510959148407[0m  |
|     [0;34;40mvalidate/loss_mse_horizon_02_epoch[0m    |  [0;32;40m0.026558510959148407[0m  |
|        [0;34;40mvalidate/loss_mse_horizon_03[0m       |  [0;32;40m0.026184873655438423[0m  |
|     [0;34;40mvalidate/loss_mse_horizon_03_epoch[0m    |  [0;32;40m0.026184873655438423[0m  |
|            [0;34;40mvalidate/loss_total[0m            |  [0;32;40m0.35727986693382263[0m   |
|         [0;34;40mvalidate/loss_total_epoch[0m         |  [0;32;40m0.35727986693382263[0m   |
|     [0;34;40mvalidate/pairwise_cos_hist_bin_00[0m     |          [0;32;40m0.0[0m           |
|  [0;34;40mvalidate/pairwise_cos_hist_bin_00_epoch[0m  |          [0;32;40m0.0[0m           |
|     [0;34;40mvalidate/pairwise_cos_hist_bin_01[0m     |          [0;32;40m0.0[0m           |
|  [0;34;40mvalidate/pairwise_cos_hist_bin_01_epoch[0m  |          [0;32;40m0.0[0m           |
|     [0;34;40mvalidate/pairwise_cos_hist_bin_02[0m     |          [0;32;40m0.0[0m           |
|  [0;34;40mvalidate/pairwise_cos_hist_bin_02_epoch[0m  |          [0;32;40m0.0[0m           |
|     [0;34;40mvalidate/pairwise_cos_hist_bin_03[0m     |          [0;32;40m0.0[0m           |
|  [0;34;40mvalidate/pairwise_cos_hist_bin_03_epoch[0m  |          [0;32;40m0.0[0m           |
|     [0;34;40mvalidate/pairwise_cos_hist_bin_04[0m     |          [0;32;40m0.0[0m           |
|  [0;34;40mvalidate/pairwise_cos_hist_bin_04_epoch[0m  |          [0;32;40m0.0[0m           |
|     [0;34;40mvalidate/pairwise_cos_hist_bin_05[0m     |          [0;32;40m0.0[0m           |
|  [0;34;40mvalidate/pairwise_cos_hist_bin_05_epoch[0m  |          [0;32;40m0.0[0m           |
|     [0;34;40mvalidate/pairwise_cos_hist_bin_06[0m     | [0;32;40m7.932400330901146e-05[0m  |
|  [0;34;40mvalidate/pairwise_cos_hist_bin_06_epoch[0m  | [0;32;40m7.932400330901146e-05[0m  |
|     [0;34;40mvalidate/pairwise_cos_hist_bin_07[0m     |  [0;32;40m0.011867113411426544[0m  |
|  [0;34;40mvalidate/pairwise_cos_hist_bin_07_epoch[0m  |  [0;32;40m0.011867113411426544[0m  |
|     [0;34;40mvalidate/pairwise_cos_hist_bin_08[0m     |   [0;32;40m0.1090889424085617[0m   |
|  [0;34;40mvalidate/pairwise_cos_hist_bin_08_epoch[0m  |   [0;32;40m0.1090889424085617[0m   |
|     [0;34;40mvalidate/pairwise_cos_hist_bin_09[0m     |  [0;32;40m0.40994521975517273[0m   |
|  [0;34;40mvalidate/pairwise_cos_hist_bin_09_epoch[0m  |  [0;32;40m0.40994521975517273[0m   |
|     [0;34;40mvalidate/pairwise_cos_hist_bin_10[0m     |   [0;32;40m0.3104686439037323[0m   |
|  [0;34;40mvalidate/pairwise_cos_hist_bin_10_epoch[0m  |   [0;32;40m0.3104686439037323[0m   |
|     [0;34;40mvalidate/pairwise_cos_hist_bin_11[0m     |  [0;32;40m0.07876293361186981[0m   |
|  [0;34;40mvalidate/pairwise_cos_hist_bin_11_epoch[0m  |  [0;32;40m0.07876293361186981[0m   |
|     [0;34;40mvalidate/pairwise_cos_hist_bin_12[0m     |  [0;32;40m0.02761814184486866[0m   |
|  [0;34;40mvalidate/pairwise_cos_hist_bin_12_epoch[0m  |  [0;32;40m0.02761814184486866[0m   |
|     [0;34;40mvalidate/pairwise_cos_hist_bin_13[0m     |  [0;32;40m0.013689442537724972[0m  |
|  [0;34;40mvalidate/pairwise_cos_hist_bin_13_epoch[0m  |  [0;32;40m0.013689442537724972[0m  |
|     [0;34;40mvalidate/pairwise_cos_hist_bin_14[0m     |  [0;32;40m0.008337109349668026[0m  |
|  [0;34;40mvalidate/pairwise_cos_hist_bin_14_epoch[0m  |  [0;32;40m0.008337109349668026[0m  |
|     [0;34;40mvalidate/pairwise_cos_hist_bin_15[0m     |  [0;32;40m0.006734582129865885[0m  |
|  [0;34;40mvalidate/pairwise_cos_hist_bin_15_epoch[0m  |  [0;32;40m0.006734582129865885[0m  |
|     [0;34;40mvalidate/pairwise_cos_hist_bin_16[0m     |  [0;32;40m0.006099462974816561[0m  |
|  [0;34;40mvalidate/pairwise_cos_hist_bin_16_epoch[0m  |  [0;32;40m0.006099462974816561[0m  |
|     [0;34;40mvalidate/pairwise_cos_hist_bin_17[0m     |   [0;32;40m0.0055522914044559[0m   |
|  [0;34;40mvalidate/pairwise_cos_hist_bin_17_epoch[0m  |   [0;32;40m0.0055522914044559[0m   |
|     [0;34;40mvalidate/pairwise_cos_hist_bin_18[0m     |  [0;32;40m0.005789290647953749[0m  |
|  [0;34;40mvalidate/pairwise_cos_hist_bin_18_epoch[0m  |  [0;32;40m0.005789290647953749[0m  |
|     [0;34;40mvalidate/pairwise_cos_hist_bin_19[0m     |  [0;32;40m0.005967400968074799[0m  |
|  [0;34;40mvalidate/pairwise_cos_hist_bin_19_epoch[0m  |  [0;32;40m0.005967400968074799[0m  |
|         [0;34;40mvalidate/pairwise_cos_max[0m         |          [0;32;40m1.0[0m           |
|      [0;34;40mvalidate/pairwise_cos_max_epoch[0m      |          [0;32;40m1.0[0m           |
|         [0;34;40mvalidate/pairwise_cos_mean[0m        |  [0;32;40m0.02539210021495819[0m   |
|      [0;34;40mvalidate/pairwise_cos_mean_epoch[0m     |  [0;32;40m0.02539210021495819[0m   |
|         [0;34;40mvalidate/pairwise_cos_min[0m         |  [0;32;40m-0.31665271520614624[0m  |
|      [0;34;40mvalidate/pairwise_cos_min_epoch[0m      |  [0;32;40m-0.31665271520614624[0m  |
|         [0;34;40mvalidate/pairwise_cos_std[0m         |  [0;32;40m0.16650786995887756[0m   |
|      [0;34;40mvalidate/pairwise_cos_std_epoch[0m      |  [0;32;40m0.16650786995887756[0m   |
|          [0;34;40mvalidate/pred_latent_mse[0m         |  [0;32;40m0.04807429760694504[0m   |
|       [0;34;40mvalidate/pred_latent_mse_epoch[0m      |  [0;32;40m0.04807429760694504[0m   |
|             [0;34;40mvalidate/pred_loss[0m            |  [0;32;40m0.04807429760694504[0m   |
|          [0;34;40mvalidate/pred_loss_epoch[0m         |  [0;32;40m0.04807429760694504[0m   |
|    [0;34;40mvalidate/predictor_mode_is_residual[0m    |          [0;32;40m1.0[0m           |
| [0;34;40mvalidate/predictor_mode_is_residual_epoch[0m |          [0;32;40m1.0[0m           |
|            [0;34;40mvalidate/sigreg_loss[0m           |   [0;32;40m3.4356367588043213[0m   |
|         [0;34;40mvalidate/sigreg_loss_epoch[0m        |   [0;32;40m3.4356367588043213[0m   |
|         [0;34;40mvalidate/target_delta_norm[0m        |   [0;32;40m7.487642288208008[0m    |
|      [0;34;40mvalidate/target_delta_norm_epoch[0m     |   [0;32;40m7.487642288208008[0m    |
+-------------------------------------------+------------------------+
20:05:10 | INFO  | utils.py    | 📦📦📦 Model saved to /data1/Johnny/challenge/wrf/homework/outputs/stable-wm/checkpoints/lewm_residual_reacher_15/weights_epoch_10.pt 📦📦📦
[Epoch 9/15] done in 1901.0s
20:05:10 | INFO  | checkpoint_~|   Checking for non PyTorch modules to save
20:05:10 | INFO  | atomic_chec~| [atomic_save] → /data1/Johnny/challenge/wrf/homework/outputs/home/.cache/stable-pretraining/runs/20260715/145800/ee58f199d257/checkpoints/epoch=9-step=15990.ckpt
20:05:11 | INFO  | atomic_chec~| [atomic_save] ✓ epoch=9-step=15990.ckpt saved (206.8 MiB, serialise=0.33s write=0.22s rename=0.1ms)
20:05:11 | INFO  | checkpoint_~|   Checking for non PyTorch modules to save
20:05:11 | INFO  | atomic_chec~| [atomic_save] → /data1/Johnny/challenge/wrf/homework/outputs/home/.cache/stable-pretraining/runs/20260715/145800/ee58f199d257/checkpoints/last.ckpt
20:05:11 | INFO  | atomic_chec~| [atomic_save] ✓ last.ckpt saved (206.8 MiB, serialise=0.34s write=0.21s rename=27.9ms)
[Epoch 10/15] step 50/1599 (0.8 it/s)
[Epoch 10/15] step 50/1599 (0.8 it/s)
[Epoch 10/15] step 50/1599 (0.8 it/s)
[Epoch 10/15] step 50/1599 (0.8 it/s)
[Epoch 10/15] step 50/1599 (0.8 it/s)
[Epoch 10/15] step 50/1599 (0.8 it/s)
[Epoch 10/15] step 50/1599 (0.8 it/s)
[Epoch 10/15] step 50/1599 (0.8 it/s)
[Epoch 10/15] step 100/1599 (0.8 it/s)
[Epoch 10/15] step 100/1599 (0.8 it/s)
[Epoch 10/15] step 100/1599 (0.8 it/s)
[Epoch 10/15] step 100/1599 (0.8 it/s)
[Epoch 10/15] step 100/1599 (0.8 it/s)
[Epoch 10/15] step 100/1599 (0.8 it/s)
[Epoch 10/15] step 100/1599 (0.8 it/s)
[Epoch 10/15] step 100/1599 (0.8 it/s)
[Epoch 10/15] step 150/1599 (0.9 it/s)
[Epoch 10/15] step 150/1599 (0.9 it/s)
[Epoch 10/15] step 150/1599 (0.9 it/s)
[Epoch 10/15] step 150/1599 (0.9 it/s)
[Epoch 10/15] step 150/1599 (0.9 it/s)
[Epoch 10/15] step 150/1599 (0.9 it/s)
[Epoch 10/15] step 150/1599 (0.9 it/s)
[Epoch 10/15] step 150/1599 (0.9 it/s)
[Epoch 10/15] step 200/1599 (0.9 it/s)
[Epoch 10/15] step 200/1599 (0.9 it/s)
[Epoch 10/15] step 200/1599 (0.9 it/s)
[Epoch 10/15] step 200/1599 (0.9 it/s)
[Epoch 10/15] step 200/1599 (0.9 it/s)
[Epoch 10/15] step 200/1599 (0.9 it/s)
[Epoch 10/15] step 200/1599 (0.9 it/s)
[Epoch 10/15] step 200/1599 (0.9 it/s)
[Epoch 10/15] step 250/1599 (0.9 it/s)
[Epoch 10/15] step 250/1599 (0.9 it/s)
[Epoch 10/15] step 250/1599 (0.9 it/s)
[Epoch 10/15] step 250/1599 (0.9 it/s)
[Epoch 10/15] step 250/1599 (0.9 it/s)
[Epoch 10/15] step 250/1599 (0.9 it/s)
[Epoch 10/15] step 250/1599 (0.9 it/s)
[Epoch 10/15] step 250/1599 (0.9 it/s)
[Epoch 10/15] step 300/1599 (0.9 it/s)
[Epoch 10/15] step 300/1599 (0.9 it/s)
[Epoch 10/15] step 300/1599 (0.9 it/s)
[Epoch 10/15] step 300/1599 (0.9 it/s)
[Epoch 10/15] step 300/1599 (0.9 it/s)
[Epoch 10/15] step 300/1599 (0.9 it/s)
[Epoch 10/15] step 300/1599 (0.9 it/s)
[Epoch 10/15] step 300/1599 (0.9 it/s)
[Epoch 10/15] step 350/1599 (0.9 it/s)
[Epoch 10/15] step 350/1599 (0.9 it/s)
[Epoch 10/15] step 350/1599 (0.9 it/s)
[Epoch 10/15] step 350/1599 (0.9 it/s)
[Epoch 10/15] step 350/1599 (0.9 it/s)
[Epoch 10/15] step 350/1599 (0.9 it/s)
[Epoch 10/15] step 350/1599 (0.9 it/s)
[Epoch 10/15] step 350/1599 (0.9 it/s)
[Epoch 10/15] step 400/1599 (0.9 it/s)
[Epoch 10/15] step 400/1599 (0.9 it/s)
[Epoch 10/15] step 400/1599 (0.9 it/s)
[Epoch 10/15] step 400/1599 (0.9 it/s)
[Epoch 10/15] step 400/1599 (0.9 it/s)
[Epoch 10/15] step 400/1599 (0.9 it/s)
[Epoch 10/15] step 400/1599 (0.9 it/s)
[Epoch 10/15] step 400/1599 (0.9 it/s)
[Epoch 10/15] step 450/1599 (0.9 it/s)
[Epoch 10/15] step 450/1599 (0.9 it/s)
[Epoch 10/15] step 450/1599 (0.9 it/s)
[Epoch 10/15] step 450/1599 (0.9 it/s)
[Epoch 10/15] step 450/1599 (0.9 it/s)
[Epoch 10/15] step 450/1599 (0.9 it/s)
[Epoch 10/15] step 450/1599 (0.9 it/s)
[Epoch 10/15] step 450/1599 (0.9 it/s)
[Epoch 10/15] step 500/1599 (0.9 it/s)
[Epoch 10/15] step 500/1599 (0.9 it/s)
[Epoch 10/15] step 500/1599 (0.9 it/s)
[Epoch 10/15] step 500/1599 (0.9 it/s)
[Epoch 10/15] step 500/1599 (0.9 it/s)
[Epoch 10/15] step 500/1599 (0.9 it/s)
[Epoch 10/15] step 500/1599 (0.9 it/s)
[Epoch 10/15] step 500/1599 (0.9 it/s)
[Epoch 10/15] step 550/1599 (0.9 it/s)
[Epoch 10/15] step 550/1599 (0.9 it/s)
[Epoch 10/15] step 550/1599 (0.9 it/s)
[Epoch 10/15] step 550/1599 (0.9 it/s)
[Epoch 10/15] step 550/1599 (0.9 it/s)
[Epoch 10/15] step 550/1599 (0.9 it/s)
[Epoch 10/15] step 550/1599 (0.9 it/s)
[Epoch 10/15] step 550/1599 (0.9 it/s)
[Epoch 10/15] step 600/1599 (0.9 it/s)
[Epoch 10/15] step 600/1599 (0.9 it/s)
[Epoch 10/15] step 600/1599 (0.9 it/s)
[Epoch 10/15] step 600/1599 (0.9 it/s)
[Epoch 10/15] step 600/1599 (0.9 it/s)
[Epoch 10/15] step 600/1599 (0.9 it/s)
[Epoch 10/15] step 600/1599 (0.9 it/s)
[Epoch 10/15] step 600/1599 (0.9 it/s)
[Epoch 10/15] step 650/1599 (0.9 it/s)
[Epoch 10/15] step 650/1599 (0.9 it/s)
[Epoch 10/15] step 650/1599 (0.9 it/s)
[Epoch 10/15] step 650/1599 (0.9 it/s)
[Epoch 10/15] step 650/1599 (0.9 it/s)
[Epoch 10/15] step 650/1599 (0.9 it/s)
[Epoch 10/15] step 650/1599 (0.9 it/s)
[Epoch 10/15] step 650/1599 (0.9 it/s)
[Epoch 10/15] step 700/1599 (0.9 it/s)
[Epoch 10/15] step 700/1599 (0.9 it/s)
[Epoch 10/15] step 700/1599 (0.9 it/s)
[Epoch 10/15] step 700/1599 (0.9 it/s)
[Epoch 10/15] step 700/1599 (0.9 it/s)
[Epoch 10/15] step 700/1599 (0.9 it/s)
[Epoch 10/15] step 700/1599 (0.9 it/s)
[Epoch 10/15] step 700/1599 (0.9 it/s)
[Epoch 10/15] step 750/1599 (0.9 it/s)
[Epoch 10/15] step 750/1599 (0.9 it/s)
[Epoch 10/15] step 750/1599 (0.9 it/s)
[Epoch 10/15] step 750/1599 (0.9 it/s)
[Epoch 10/15] step 750/1599 (0.9 it/s)
[Epoch 10/15] step 750/1599 (0.9 it/s)
[Epoch 10/15] step 750/1599 (0.9 it/s)
[Epoch 10/15] step 750/1599 (0.9 it/s)
[Epoch 10/15] step 800/1599 (0.9 it/s)
[Epoch 10/15] step 800/1599 (0.9 it/s)
[Epoch 10/15] step 800/1599 (0.9 it/s)
[Epoch 10/15] step 800/1599 (0.9 it/s)
[Epoch 10/15] step 800/1599 (0.9 it/s)
[Epoch 10/15] step 800/1599 (0.9 it/s)
[Epoch 10/15] step 800/1599 (0.9 it/s)
[Epoch 10/15] step 800/1599 (0.9 it/s)
[Epoch 10/15] step 850/1599 (0.9 it/s)
[Epoch 10/15] step 850/1599 (0.9 it/s)
[Epoch 10/15] step 850/1599 (0.9 it/s)
[Epoch 10/15] step 850/1599 (0.9 it/s)
[Epoch 10/15] step 850/1599 (0.9 it/s)
[Epoch 10/15] step 850/1599 (0.9 it/s)
[Epoch 10/15] step 850/1599 (0.9 it/s)
[Epoch 10/15] step 850/1599 (0.9 it/s)
[Epoch 10/15] step 900/1599 (0.9 it/s)
[Epoch 10/15] step 900/1599 (0.9 it/s)
[Epoch 10/15] step 900/1599 (0.9 it/s)
[Epoch 10/15] step 900/1599 (0.9 it/s)
[Epoch 10/15] step 900/1599 (0.9 it/s)
[Epoch 10/15] step 900/1599 (0.9 it/s)
[Epoch 10/15] step 900/1599 (0.9 it/s)
[Epoch 10/15] step 900/1599 (0.9 it/s)
[Epoch 10/15] step 950/1599 (0.9 it/s)
[Epoch 10/15] step 950/1599 (0.9 it/s)
[Epoch 10/15] step 950/1599 (0.9 it/s)
[Epoch 10/15] step 950/1599 (0.9 it/s)
[Epoch 10/15] step 950/1599 (0.9 it/s)
[Epoch 10/15] step 950/1599 (0.9 it/s)
[Epoch 10/15] step 950/1599 (0.9 it/s)
[Epoch 10/15] step 950/1599 (0.9 it/s)
[Epoch 10/15] step 1000/1599 (0.9 it/s)
[Epoch 10/15] step 1000/1599 (0.9 it/s)
[Epoch 10/15] step 1000/1599 (0.9 it/s)
[Epoch 10/15] step 1000/1599 (0.9 it/s)
[Epoch 10/15] step 1000/1599 (0.9 it/s)
[Epoch 10/15] step 1000/1599 (0.9 it/s)
[Epoch 10/15] step 1000/1599 (0.9 it/s)
[Epoch 10/15] step 1000/1599 (0.9 it/s)
[Epoch 10/15] step 1050/1599 (0.9 it/s)
[Epoch 10/15] step 1050/1599 (0.9 it/s)
[Epoch 10/15] step 1050/1599 (0.9 it/s)
[Epoch 10/15] step 1050/1599 (0.9 it/s)
[Epoch 10/15] step 1050/1599 (0.9 it/s)
[Epoch 10/15] step 1050/1599 (0.9 it/s)
[Epoch 10/15] step 1050/1599 (0.9 it/s)
[Epoch 10/15] step 1050/1599 (0.9 it/s)
[Epoch 10/15] step 1100/1599 (0.9 it/s)
[Epoch 10/15] step 1100/1599 (0.9 it/s)
[Epoch 10/15] step 1100/1599 (0.9 it/s)
[Epoch 10/15] step 1100/1599 (0.9 it/s)
[Epoch 10/15] step 1100/1599 (0.9 it/s)
[Epoch 10/15] step 1100/1599 (0.9 it/s)
[Epoch 10/15] step 1100/1599 (0.9 it/s)
[Epoch 10/15] step 1100/1599 (0.9 it/s)
[Epoch 10/15] step 1150/1599 (0.9 it/s)
[Epoch 10/15] step 1150/1599 (0.9 it/s)
[Epoch 10/15] step 1150/1599 (0.9 it/s)
[Epoch 10/15] step 1150/1599 (0.9 it/s)
[Epoch 10/15] step 1150/1599 (0.9 it/s)
[Epoch 10/15] step 1150/1599 (0.9 it/s)
[Epoch 10/15] step 1150/1599 (0.9 it/s)
[Epoch 10/15] step 1150/1599 (0.9 it/s)
[Epoch 10/15] step 1200/1599 (0.9 it/s)
[Epoch 10/15] step 1200/1599 (0.9 it/s)
[Epoch 10/15] step 1200/1599 (0.9 it/s)
[Epoch 10/15] step 1200/1599 (0.9 it/s)
[Epoch 10/15] step 1200/1599 (0.9 it/s)
[Epoch 10/15] step 1200/1599 (0.9 it/s)
[Epoch 10/15] step 1200/1599 (0.9 it/s)
[Epoch 10/15] step 1200/1599 (0.9 it/s)
[Epoch 10/15] step 1250/1599 (0.9 it/s)
[Epoch 10/15] step 1250/1599 (0.9 it/s)
[Epoch 10/15] step 1250/1599 (0.9 it/s)
[Epoch 10/15] step 1250/1599 (0.9 it/s)
[Epoch 10/15] step 1250/1599 (0.9 it/s)
[Epoch 10/15] step 1250/1599 (0.9 it/s)
[Epoch 10/15] step 1250/1599 (0.9 it/s)
[Epoch 10/15] step 1250/1599 (0.9 it/s)
[Epoch 10/15] step 1300/1599 (0.9 it/s)
[Epoch 10/15] step 1300/1599 (0.9 it/s)
[Epoch 10/15] step 1300/1599 (0.9 it/s)
[Epoch 10/15] step 1300/1599 (0.9 it/s)
[Epoch 10/15] step 1300/1599 (0.9 it/s)
[Epoch 10/15] step 1300/1599 (0.9 it/s)
[Epoch 10/15] step 1300/1599 (0.9 it/s)
[Epoch 10/15] step 1300/1599 (0.9 it/s)
[Epoch 10/15] step 1350/1599 (0.9 it/s)
[Epoch 10/15] step 1350/1599 (0.9 it/s)
[Epoch 10/15] step 1350/1599 (0.9 it/s)
[Epoch 10/15] step 1350/1599 (0.9 it/s)
[Epoch 10/15] step 1350/1599 (0.9 it/s)
[Epoch 10/15] step 1350/1599 (0.9 it/s)
[Epoch 10/15] step 1350/1599 (0.9 it/s)
[Epoch 10/15] step 1350/1599 (0.9 it/s)
[Epoch 10/15] step 1400/1599 (0.9 it/s)
[Epoch 10/15] step 1400/1599 (0.9 it/s)
[Epoch 10/15] step 1400/1599 (0.9 it/s)
[Epoch 10/15] step 1400/1599 (0.9 it/s)
[Epoch 10/15] step 1400/1599 (0.9 it/s)
[Epoch 10/15] step 1400/1599 (0.9 it/s)
[Epoch 10/15] step 1400/1599 (0.9 it/s)
[Epoch 10/15] step 1400/1599 (0.9 it/s)
[Epoch 10/15] step 1450/1599 (0.9 it/s)
[Epoch 10/15] step 1450/1599 (0.9 it/s)
[Epoch 10/15] step 1450/1599 (0.9 it/s)
[Epoch 10/15] step 1450/1599 (0.9 it/s)
[Epoch 10/15] step 1450/1599 (0.9 it/s)
[Epoch 10/15] step 1450/1599 (0.9 it/s)
[Epoch 10/15] step 1450/1599 (0.9 it/s)
[Epoch 10/15] step 1450/1599 (0.9 it/s)
[Epoch 10/15] step 1500/1599 (0.9 it/s)
[Epoch 10/15] step 1500/1599 (0.9 it/s)
[Epoch 10/15] step 1500/1599 (0.9 it/s)
[Epoch 10/15] step 1500/1599 (0.9 it/s)
[Epoch 10/15] step 1500/1599 (0.9 it/s)
[Epoch 10/15] step 1500/1599 (0.9 it/s)
[Epoch 10/15] step 1500/1599 (0.9 it/s)
[Epoch 10/15] step 1500/1599 (0.9 it/s)
[Epoch 10/15] step 1550/1599 (0.9 it/s)
[Epoch 10/15] step 1550/1599 (0.9 it/s)
[Epoch 10/15] step 1550/1599 (0.9 it/s)
[Epoch 10/15] step 1550/1599 (0.9 it/s)
[Epoch 10/15] step 1550/1599 (0.9 it/s)
[Epoch 10/15] step 1550/1599 (0.9 it/s)
[Epoch 10/15] step 1550/1599 (0.9 it/s)
[Epoch 10/15] step 1550/1599 (0.9 it/s)
[Epoch 10/15] done in 1877.8s
[Epoch 10/15] done in 1877.8s
[Epoch 10/15] done in 1877.8s
[Epoch 10/15] done in 1877.8s
[Epoch 10/15] done in 1877.8s
[Epoch 10/15] done in 1877.8s
[Epoch 10/15] done in 1877.8s
20:36:29 | INFO  | trainer_inf~| \n+-------------------------------------------+------------------------+
|                   Metric                  |         Value          |
+-------------------------------------------+------------------------+
|            [0;34;40mfit/active_dim_count[0m           |         [0;32;40m192.0[0m          |
|               [0;34;40mfit/delta_cos[0m               |   [0;32;40m0.9202842116355896[0m   |
|               [0;34;40mfit/delta_norm[0m              |   [0;32;40m7.207777976989746[0m    |
|              [0;34;40mfit/latent_mean[0m              |  [0;32;40m0.000423717632656917[0m  |
|              [0;34;40mfit/latent_norm[0m              |   [0;32;40m13.544260025024414[0m   |
|               [0;34;40mfit/latent_std[0m              |   [0;32;40m0.9796448349952698[0m   |
|            [0;34;40mfit/learning_rate_0[0m            | [0;32;40m8.428981345787179e-06[0m  |
|                  [0;34;40mfit/loss[0m                 |   [0;32;40m0.1653512716293335[0m   |
|            [0;34;40mfit/loss_future_cos[0m            |  [0;32;40m0.016789861023426056[0m  |
|             [0;34;40mfit/loss_future_l1[0m            |    [0;32;40m0.11383056640625[0m    |
|                [0;34;40mfit/loss_mse[0m               |   [0;32;40m0.0314401350915432[0m   |
|          [0;34;40mfit/loss_mse_horizon_01[0m          |  [0;32;40m0.07606717944145203[0m   |
|          [0;34;40mfit/loss_mse_horizon_02[0m          |  [0;32;40m0.009158878587186337[0m  |
|          [0;34;40mfit/loss_mse_horizon_03[0m          |  [0;32;40m0.009094344452023506[0m  |
|               [0;34;40mfit/loss_total[0m              |   [0;32;40m0.1653512716293335[0m   |
|        [0;34;40mfit/pairwise_cos_hist_bin_00[0m       |          [0;32;40m0.0[0m           |
|        [0;34;40mfit/pairwise_cos_hist_bin_01[0m       |          [0;32;40m0.0[0m           |
|        [0;34;40mfit/pairwise_cos_hist_bin_02[0m       |          [0;32;40m0.0[0m           |
|        [0;34;40mfit/pairwise_cos_hist_bin_03[0m       |          [0;32;40m0.0[0m           |
|        [0;34;40mfit/pairwise_cos_hist_bin_04[0m       |          [0;32;40m0.0[0m           |
|        [0;34;40mfit/pairwise_cos_hist_bin_05[0m       |          [0;32;40m0.0[0m           |
|        [0;34;40mfit/pairwise_cos_hist_bin_06[0m       | [0;32;40m4.491040817811154e-05[0m  |
|        [0;34;40mfit/pairwise_cos_hist_bin_07[0m       |  [0;32;40m0.014011092483997345[0m  |
|        [0;34;40mfit/pairwise_cos_hist_bin_08[0m       |  [0;32;40m0.15205995738506317[0m   |
|        [0;34;40mfit/pairwise_cos_hist_bin_09[0m       |   [0;32;40m0.4818227291107178[0m   |
|        [0;34;40mfit/pairwise_cos_hist_bin_10[0m       |  [0;32;40m0.25445663928985596[0m   |
|        [0;34;40mfit/pairwise_cos_hist_bin_11[0m       |  [0;32;40m0.042967792600393295[0m  |
|        [0;34;40mfit/pairwise_cos_hist_bin_12[0m       |  [0;32;40m0.012531914748251438[0m  |
|        [0;34;40mfit/pairwise_cos_hist_bin_13[0m       |  [0;32;40m0.00785072147846222[0m   |
|        [0;34;40mfit/pairwise_cos_hist_bin_14[0m       |  [0;32;40m0.00679580494761467[0m   |
|        [0;34;40mfit/pairwise_cos_hist_bin_15[0m       |  [0;32;40m0.006025638896971941[0m  |
|        [0;34;40mfit/pairwise_cos_hist_bin_16[0m       |  [0;32;40m0.005543091334402561[0m  |
|        [0;34;40mfit/pairwise_cos_hist_bin_17[0m       |  [0;32;40m0.005118831526488066[0m  |
|        [0;34;40mfit/pairwise_cos_hist_bin_18[0m       |  [0;32;40m0.005388293880969286[0m  |
|        [0;34;40mfit/pairwise_cos_hist_bin_19[0m       |  [0;32;40m0.005382560193538666[0m  |
|            [0;34;40mfit/pairwise_cos_max[0m           |          [0;32;40m1.0[0m           |
|           [0;34;40mfit/pairwise_cos_mean[0m           | [0;32;40m-0.0018014907836914062[0m |
|            [0;34;40mfit/pairwise_cos_min[0m           |    [0;32;40m-0.310302734375[0m     |
|            [0;34;40mfit/pairwise_cos_std[0m           |    [0;32;40m0.1588134765625[0m     |
|            [0;34;40mfit/pred_latent_mse[0m            |   [0;32;40m0.0314401350915432[0m   |
|               [0;34;40mfit/pred_loss[0m               |   [0;32;40m0.0314401350915432[0m   |
|       [0;34;40mfit/predictor_mode_is_residual[0m      |          [0;32;40m1.0[0m           |
|            [0;34;40mfit/samples_per_sec[0m            |     [0;32;40m1389.92578125[0m      |
|              [0;34;40mfit/sigreg_loss[0m              |      [0;32;40m1.4892578125[0m      |
|           [0;34;40mfit/target_delta_norm[0m           |   [0;32;40m7.566804885864258[0m    |
|            [0;34;40mhardware/cpu_percent[0m           |   [0;32;40m32.79999923706055[0m    |
|          [0;34;40mhardware/disk_read_mb_s[0m          |          [0;32;40m0.0[0m           |
|          [0;34;40mhardware/disk_write_mb_s[0m         |  [0;32;40m0.37600788474082947[0m   |
|           [0;34;40mhardware/net_recv_mb_s[0m          |  [0;32;40m0.01209971122443676[0m   |
|           [0;34;40mhardware/net_sent_mb_s[0m          |  [0;32;40m0.010091576725244522[0m  |
|            [0;34;40mhardware/ram_used_gb[0m           |   [0;32;40m529.4487915039062[0m    |
|           [0;34;40mhardware/ram_used_pct[0m           |   [0;32;40m28.299999237060547[0m   |
|            [0;34;40mhparams/lr_default_0[0m           | [0;32;40m8.428981345787179e-06[0m  |
|         [0;34;40mvalidate/active_dim_count[0m         |         [0;32;40m192.0[0m          |
|      [0;34;40mvalidate/active_dim_count_epoch[0m      |         [0;32;40m192.0[0m          |
|             [0;34;40mvalidate/delta_cos[0m            |   [0;32;40m0.8710613250732422[0m   |
|          [0;34;40mvalidate/delta_cos_epoch[0m         |   [0;32;40m0.8710613250732422[0m   |
|            [0;34;40mvalidate/delta_norm[0m            |   [0;32;40m7.100861072540283[0m    |
|         [0;34;40mvalidate/delta_norm_epoch[0m         |   [0;32;40m7.100861072540283[0m    |
|            [0;34;40mvalidate/latent_mean[0m           |  [0;32;40m0.003251629415899515[0m  |
|         [0;34;40mvalidate/latent_mean_epoch[0m        |  [0;32;40m0.003251629415899515[0m  |
|            [0;34;40mvalidate/latent_norm[0m           |   [0;32;40m13.818592071533203[0m   |
|         [0;34;40mvalidate/latent_norm_epoch[0m        |   [0;32;40m13.818592071533203[0m   |
|            [0;34;40mvalidate/latent_std[0m            |   [0;32;40m1.006144642829895[0m    |
|         [0;34;40mvalidate/latent_std_epoch[0m         |   [0;32;40m1.006144642829895[0m    |
|               [0;34;40mvalidate/loss[0m               |   [0;32;40m0.4457271695137024[0m   |
|            [0;34;40mvalidate/loss_epoch[0m            |   [0;32;40m0.4457271695137024[0m   |
|          [0;34;40mvalidate/loss_future_cos[0m         |  [0;32;40m0.025846781209111214[0m  |
|       [0;34;40mvalidate/loss_future_cos_epoch[0m      |  [0;32;40m0.025846781209111214[0m  |
|          [0;34;40mvalidate/loss_future_l1[0m          |   [0;32;40m0.1616976112127304[0m   |
|       [0;34;40mvalidate/loss_future_l1_epoch[0m       |   [0;32;40m0.1616976112127304[0m   |
|             [0;34;40mvalidate/loss_mse[0m             |  [0;32;40m0.04995065554976463[0m   |
|          [0;34;40mvalidate/loss_mse_epoch[0m          |  [0;32;40m0.04995065554976463[0m   |
|        [0;34;40mvalidate/loss_mse_horizon_01[0m       |  [0;32;40m0.08952690660953522[0m   |
|     [0;34;40mvalidate/loss_mse_horizon_01_epoch[0m    |  [0;32;40m0.08952690660953522[0m   |
|        [0;34;40mvalidate/loss_mse_horizon_02[0m       |  [0;32;40m0.030264610424637794[0m  |
|     [0;34;40mvalidate/loss_mse_horizon_02_epoch[0m    |  [0;32;40m0.030264610424637794[0m  |
|        [0;34;40mvalidate/loss_mse_horizon_03[0m       |  [0;32;40m0.030060458928346634[0m  |
|     [0;34;40mvalidate/loss_mse_horizon_03_epoch[0m    |  [0;32;40m0.030060458928346634[0m  |
|            [0;34;40mvalidate/loss_total[0m            |   [0;32;40m0.4457271695137024[0m   |
|         [0;34;40mvalidate/loss_total_epoch[0m         |   [0;32;40m0.4457271695137024[0m   |
|     [0;34;40mvalidate/pairwise_cos_hist_bin_00[0m     |          [0;32;40m0.0[0m           |
|  [0;34;40mvalidate/pairwise_cos_hist_bin_00_epoch[0m  |          [0;32;40m0.0[0m           |
|     [0;34;40mvalidate/pairwise_cos_hist_bin_01[0m     |          [0;32;40m0.0[0m           |
|  [0;34;40mvalidate/pairwise_cos_hist_bin_01_epoch[0m  |          [0;32;40m0.0[0m           |
|     [0;34;40mvalidate/pairwise_cos_hist_bin_02[0m     |          [0;32;40m0.0[0m           |
|  [0;34;40mvalidate/pairwise_cos_hist_bin_02_epoch[0m  |          [0;32;40m0.0[0m           |
|     [0;34;40mvalidate/pairwise_cos_hist_bin_03[0m     |          [0;32;40m0.0[0m           |
|  [0;34;40mvalidate/pairwise_cos_hist_bin_03_epoch[0m  |          [0;32;40m0.0[0m           |
|     [0;34;40mvalidate/pairwise_cos_hist_bin_04[0m     |          [0;32;40m0.0[0m           |
|  [0;34;40mvalidate/pairwise_cos_hist_bin_04_epoch[0m  |          [0;32;40m0.0[0m           |
|     [0;34;40mvalidate/pairwise_cos_hist_bin_05[0m     |          [0;32;40m0.0[0m           |
|  [0;34;40mvalidate/pairwise_cos_hist_bin_05_epoch[0m  |          [0;32;40m0.0[0m           |
|     [0;34;40mvalidate/pairwise_cos_hist_bin_06[0m     | [0;32;40m0.00021883878798689693[0m |
|  [0;34;40mvalidate/pairwise_cos_hist_bin_06_epoch[0m  | [0;32;40m0.00021883878798689693[0m |
|     [0;34;40mvalidate/pairwise_cos_hist_bin_07[0m     |  [0;32;40m0.010673691518604755[0m  |
|  [0;34;40mvalidate/pairwise_cos_hist_bin_07_epoch[0m  |  [0;32;40m0.010673691518604755[0m  |
|     [0;34;40mvalidate/pairwise_cos_hist_bin_08[0m     |   [0;32;40m0.090763621032238[0m    |
|  [0;34;40mvalidate/pairwise_cos_hist_bin_08_epoch[0m  |   [0;32;40m0.090763621032238[0m    |
|     [0;34;40mvalidate/pairwise_cos_hist_bin_09[0m     |   [0;32;40m0.368141770362854[0m    |
|  [0;34;40mvalidate/pairwise_cos_hist_bin_09_epoch[0m  |   [0;32;40m0.368141770362854[0m    |
|     [0;34;40mvalidate/pairwise_cos_hist_bin_10[0m     |  [0;32;40m0.32708171010017395[0m   |
|  [0;34;40mvalidate/pairwise_cos_hist_bin_10_epoch[0m  |  [0;32;40m0.32708171010017395[0m   |
|     [0;34;40mvalidate/pairwise_cos_hist_bin_11[0m     |  [0;32;40m0.10694289952516556[0m   |
|  [0;34;40mvalidate/pairwise_cos_hist_bin_11_epoch[0m  |  [0;32;40m0.10694289952516556[0m   |
|     [0;34;40mvalidate/pairwise_cos_hist_bin_12[0m     |  [0;32;40m0.03644268214702606[0m   |
|  [0;34;40mvalidate/pairwise_cos_hist_bin_12_epoch[0m  |  [0;32;40m0.03644268214702606[0m   |
|     [0;34;40mvalidate/pairwise_cos_hist_bin_13[0m     |  [0;32;40m0.018190376460552216[0m  |
|  [0;34;40mvalidate/pairwise_cos_hist_bin_13_epoch[0m  |  [0;32;40m0.018190376460552216[0m  |
|     [0;34;40mvalidate/pairwise_cos_hist_bin_14[0m     |  [0;32;40m0.010190233588218689[0m  |
|  [0;34;40mvalidate/pairwise_cos_hist_bin_14_epoch[0m  |  [0;32;40m0.010190233588218689[0m  |
|     [0;34;40mvalidate/pairwise_cos_hist_bin_15[0m     | [0;32;40m0.0071027702651917934[0m  |
|  [0;34;40mvalidate/pairwise_cos_hist_bin_15_epoch[0m  | [0;32;40m0.0071027702651917934[0m  |
|     [0;34;40mvalidate/pairwise_cos_hist_bin_16[0m     |  [0;32;40m0.006355253979563713[0m  |
|  [0;34;40mvalidate/pairwise_cos_hist_bin_16_epoch[0m  |  [0;32;40m0.006355253979563713[0m  |
|     [0;34;40mvalidate/pairwise_cos_hist_bin_17[0m     |  [0;32;40m0.005749514326453209[0m  |
|  [0;34;40mvalidate/pairwise_cos_hist_bin_17_epoch[0m  |  [0;32;40m0.005749514326453209[0m  |
|     [0;34;40mvalidate/pairwise_cos_hist_bin_18[0m     |  [0;32;40m0.005978027358651161[0m  |
|  [0;34;40mvalidate/pairwise_cos_hist_bin_18_epoch[0m  |  [0;32;40m0.005978027358651161[0m  |
|     [0;34;40mvalidate/pairwise_cos_hist_bin_19[0m     |  [0;32;40m0.006168605759739876[0m  |
|  [0;34;40mvalidate/pairwise_cos_hist_bin_19_epoch[0m  |  [0;32;40m0.006168605759739876[0m  |
|         [0;34;40mvalidate/pairwise_cos_max[0m         |          [0;32;40m1.0[0m           |
|      [0;34;40mvalidate/pairwise_cos_max_epoch[0m      |          [0;32;40m1.0[0m           |
|         [0;34;40mvalidate/pairwise_cos_mean[0m        |  [0;32;40m0.041072092950344086[0m  |
|      [0;34;40mvalidate/pairwise_cos_mean_epoch[0m     |  [0;32;40m0.041072092950344086[0m  |
|         [0;34;40mvalidate/pairwise_cos_min[0m         |  [0;32;40m-0.3442380130290985[0m   |
|      [0;34;40mvalidate/pairwise_cos_min_epoch[0m      |  [0;32;40m-0.3442380130290985[0m   |
|         [0;34;40mvalidate/pairwise_cos_std[0m         |  [0;32;40m0.17010554671287537[0m   |
|      [0;34;40mvalidate/pairwise_cos_std_epoch[0m      |  [0;32;40m0.17010554671287537[0m   |
|          [0;34;40mvalidate/pred_latent_mse[0m         |  [0;32;40m0.04995065554976463[0m   |
|       [0;34;40mvalidate/pred_latent_mse_epoch[0m      |  [0;32;40m0.04995065554976463[0m   |
|             [0;34;40mvalidate/pred_loss[0m            |  [0;32;40m0.04995065554976463[0m   |
|          [0;34;40mvalidate/pred_loss_epoch[0m         |  [0;32;40m0.04995065554976463[0m   |
|    [0;34;40mvalidate/predictor_mode_is_residual[0m    |          [0;32;40m1.0[0m           |
| [0;34;40mvalidate/predictor_mode_is_residual_epoch[0m |          [0;32;40m1.0[0m           |
|            [0;34;40mvalidate/sigreg_loss[0m           |   [0;32;40m4.397324085235596[0m    |
|         [0;34;40mvalidate/sigreg_loss_epoch[0m        |   [0;32;40m4.397324085235596[0m    |
|         [0;34;40mvalidate/target_delta_norm[0m        |   [0;32;40m7.185366630554199[0m    |
|      [0;34;40mvalidate/target_delta_norm_epoch[0m     |   [0;32;40m7.185366630554199[0m    |
+-------------------------------------------+------------------------+
20:36:29 | INFO  | utils.py    | 📦📦📦 Model saved to /data1/Johnny/challenge/wrf/homework/outputs/stable-wm/checkpoints/lewm_residual_reacher_15/weights_epoch_11.pt 📦📦📦
[Epoch 10/15] done in 1877.9s
20:36:29 | INFO  | checkpoint_~|   Checking for non PyTorch modules to save
20:36:29 | INFO  | atomic_chec~| [atomic_save] → /data1/Johnny/challenge/wrf/homework/outputs/home/.cache/stable-pretraining/runs/20260715/145800/ee58f199d257/checkpoints/epoch=10-step=17589.ckpt
20:36:30 | INFO  | atomic_chec~| [atomic_save] ✓ epoch=10-step=17589.ckpt saved (206.8 MiB, serialise=0.32s write=0.21s rename=0.1ms)
20:36:30 | INFO  | checkpoint_~|   Checking for non PyTorch modules to save
20:36:30 | INFO  | atomic_chec~| [atomic_save] → /data1/Johnny/challenge/wrf/homework/outputs/home/.cache/stable-pretraining/runs/20260715/145800/ee58f199d257/checkpoints/last.ckpt
20:36:30 | INFO  | atomic_chec~| [atomic_save] ✓ last.ckpt saved (206.8 MiB, serialise=0.32s write=0.18s rename=18.4ms)
[Epoch 11/15] step 50/1599 (0.7 it/s)
[Epoch 11/15] step 50/1599 (0.7 it/s)
[Epoch 11/15] step 50/1599 (0.7 it/s)
[Epoch 11/15] step 50/1599 (0.7 it/s)
[Epoch 11/15] step 50/1599 (0.7 it/s)
[Epoch 11/15] step 50/1599 (0.7 it/s)
[Epoch 11/15] step 50/1599 (0.7 it/s)
[Epoch 11/15] step 50/1599 (0.7 it/s)
[Epoch 11/15] step 100/1599 (0.8 it/s)
[Epoch 11/15] step 100/1599 (0.8 it/s)
[Epoch 11/15] step 100/1599 (0.8 it/s)
[Epoch 11/15] step 100/1599 (0.8 it/s)
[Epoch 11/15] step 100/1599 (0.8 it/s)
[Epoch 11/15] step 100/1599 (0.8 it/s)
[Epoch 11/15] step 100/1599 (0.8 it/s)
[Epoch 11/15] step 100/1599 (0.8 it/s)
[Epoch 11/15] step 150/1599 (0.8 it/s)
[Epoch 11/15] step 150/1599 (0.8 it/s)
[Epoch 11/15] step 150/1599 (0.8 it/s)
[Epoch 11/15] step 150/1599 (0.8 it/s)
[Epoch 11/15] step 150/1599 (0.8 it/s)
[Epoch 11/15] step 150/1599 (0.8 it/s)
[Epoch 11/15] step 150/1599 (0.8 it/s)
[Epoch 11/15] step 150/1599 (0.8 it/s)
[Epoch 11/15] step 200/1599 (0.9 it/s)
[Epoch 11/15] step 200/1599 (0.9 it/s)
[Epoch 11/15] step 200/1599 (0.9 it/s)
[Epoch 11/15] step 200/1599 (0.9 it/s)
[Epoch 11/15] step 200/1599 (0.9 it/s)
[Epoch 11/15] step 200/1599 (0.9 it/s)
[Epoch 11/15] step 200/1599 (0.9 it/s)
[Epoch 11/15] step 200/1599 (0.9 it/s)
[Epoch 11/15] step 250/1599 (0.9 it/s)
[Epoch 11/15] step 250/1599 (0.9 it/s)
[Epoch 11/15] step 250/1599 (0.9 it/s)
[Epoch 11/15] step 250/1599 (0.9 it/s)
[Epoch 11/15] step 250/1599 (0.9 it/s)
[Epoch 11/15] step 250/1599 (0.9 it/s)
[Epoch 11/15] step 250/1599 (0.9 it/s)
[Epoch 11/15] step 250/1599 (0.9 it/s)
[Epoch 11/15] step 300/1599 (0.9 it/s)
[Epoch 11/15] step 300/1599 (0.9 it/s)
[Epoch 11/15] step 300/1599 (0.9 it/s)
[Epoch 11/15] step 300/1599 (0.9 it/s)
[Epoch 11/15] step 300/1599 (0.9 it/s)
[Epoch 11/15] step 300/1599 (0.9 it/s)
[Epoch 11/15] step 300/1599 (0.9 it/s)
[Epoch 11/15] step 300/1599 (0.9 it/s)
[Epoch 11/15] step 350/1599 (0.9 it/s)
[Epoch 11/15] step 350/1599 (0.9 it/s)
[Epoch 11/15] step 350/1599 (0.9 it/s)
[Epoch 11/15] step 350/1599 (0.9 it/s)
[Epoch 11/15] step 350/1599 (0.9 it/s)
[Epoch 11/15] step 350/1599 (0.9 it/s)
[Epoch 11/15] step 350/1599 (0.9 it/s)
[Epoch 11/15] step 350/1599 (0.9 it/s)
[Epoch 11/15] step 400/1599 (0.9 it/s)
[Epoch 11/15] step 400/1599 (0.9 it/s)
[Epoch 11/15] step 400/1599 (0.9 it/s)
[Epoch 11/15] step 400/1599 (0.9 it/s)
[Epoch 11/15] step 400/1599 (0.9 it/s)
[Epoch 11/15] step 400/1599 (0.9 it/s)
[Epoch 11/15] step 400/1599 (0.9 it/s)
[Epoch 11/15] step 400/1599 (0.9 it/s)
[Epoch 11/15] step 450/1599 (0.9 it/s)
[Epoch 11/15] step 450/1599 (0.9 it/s)
[Epoch 11/15] step 450/1599 (0.9 it/s)
[Epoch 11/15] step 450/1599 (0.9 it/s)
[Epoch 11/15] step 450/1599 (0.9 it/s)
[Epoch 11/15] step 450/1599 (0.9 it/s)
[Epoch 11/15] step 450/1599 (0.9 it/s)
[Epoch 11/15] step 450/1599 (0.9 it/s)
[Epoch 11/15] step 500/1599 (0.9 it/s)
[Epoch 11/15] step 500/1599 (0.9 it/s)
[Epoch 11/15] step 500/1599 (0.9 it/s)
[Epoch 11/15] step 500/1599 (0.9 it/s)
[Epoch 11/15] step 500/1599 (0.9 it/s)
[Epoch 11/15] step 500/1599 (0.9 it/s)
[Epoch 11/15] step 500/1599 (0.9 it/s)
[Epoch 11/15] step 500/1599 (0.9 it/s)
[Epoch 11/15] step 550/1599 (0.9 it/s)
[Epoch 11/15] step 550/1599 (0.9 it/s)
[Epoch 11/15] step 550/1599 (0.9 it/s)
[Epoch 11/15] step 550/1599 (0.9 it/s)
[Epoch 11/15] step 550/1599 (0.9 it/s)
[Epoch 11/15] step 550/1599 (0.9 it/s)
[Epoch 11/15] step 550/1599 (0.9 it/s)
[Epoch 11/15] step 550/1599 (0.9 it/s)
[Epoch 11/15] step 600/1599 (0.9 it/s)
[Epoch 11/15] step 600/1599 (0.9 it/s)
[Epoch 11/15] step 600/1599 (0.9 it/s)
[Epoch 11/15] step 600/1599 (0.9 it/s)
[Epoch 11/15] step 600/1599 (0.9 it/s)
[Epoch 11/15] step 600/1599 (0.9 it/s)
[Epoch 11/15] step 600/1599 (0.9 it/s)
[Epoch 11/15] step 600/1599 (0.9 it/s)
[Epoch 11/15] step 650/1599 (0.9 it/s)
[Epoch 11/15] step 650/1599 (0.9 it/s)
[Epoch 11/15] step 650/1599 (0.9 it/s)
[Epoch 11/15] step 650/1599 (0.9 it/s)
[Epoch 11/15] step 650/1599 (0.9 it/s)
[Epoch 11/15] step 650/1599 (0.9 it/s)
[Epoch 11/15] step 650/1599 (0.9 it/s)
[Epoch 11/15] step 650/1599 (0.9 it/s)
[Epoch 11/15] step 700/1599 (0.9 it/s)
[Epoch 11/15] step 700/1599 (0.9 it/s)
[Epoch 11/15] step 700/1599 (0.9 it/s)
[Epoch 11/15] step 700/1599 (0.9 it/s)
[Epoch 11/15] step 700/1599 (0.9 it/s)
[Epoch 11/15] step 700/1599 (0.9 it/s)
[Epoch 11/15] step 700/1599 (0.9 it/s)
[Epoch 11/15] step 700/1599 (0.9 it/s)
[Epoch 11/15] step 750/1599 (0.9 it/s)
[Epoch 11/15] step 750/1599 (0.9 it/s)
[Epoch 11/15] step 750/1599 (0.9 it/s)
[Epoch 11/15] step 750/1599 (0.9 it/s)
[Epoch 11/15] step 750/1599 (0.9 it/s)
[Epoch 11/15] step 750/1599 (0.9 it/s)
[Epoch 11/15] step 750/1599 (0.9 it/s)
[Epoch 11/15] step 750/1599 (0.9 it/s)
[Epoch 11/15] step 800/1599 (0.9 it/s)
[Epoch 11/15] step 800/1599 (0.9 it/s)
[Epoch 11/15] step 800/1599 (0.9 it/s)
[Epoch 11/15] step 800/1599 (0.9 it/s)
[Epoch 11/15] step 800/1599 (0.9 it/s)
[Epoch 11/15] step 800/1599 (0.9 it/s)
[Epoch 11/15] step 800/1599 (0.9 it/s)
[Epoch 11/15] step 800/1599 (0.9 it/s)
[Epoch 11/15] step 850/1599 (0.9 it/s)
[Epoch 11/15] step 850/1599 (0.9 it/s)
[Epoch 11/15] step 850/1599 (0.9 it/s)
[Epoch 11/15] step 850/1599 (0.9 it/s)
[Epoch 11/15] step 850/1599 (0.9 it/s)
[Epoch 11/15] step 850/1599 (0.9 it/s)
[Epoch 11/15] step 850/1599 (0.9 it/s)
[Epoch 11/15] step 850/1599 (0.9 it/s)
[Epoch 11/15] step 900/1599 (0.9 it/s)
[Epoch 11/15] step 900/1599 (0.9 it/s)
[Epoch 11/15] step 900/1599 (0.9 it/s)
[Epoch 11/15] step 900/1599 (0.9 it/s)
[Epoch 11/15] step 900/1599 (0.9 it/s)
[Epoch 11/15] step 900/1599 (0.9 it/s)
[Epoch 11/15] step 900/1599 (0.9 it/s)
[Epoch 11/15] step 900/1599 (0.9 it/s)
[Epoch 11/15] step 950/1599 (0.9 it/s)
[Epoch 11/15] step 950/1599 (0.9 it/s)
[Epoch 11/15] step 950/1599 (0.9 it/s)
[Epoch 11/15] step 950/1599 (0.9 it/s)
[Epoch 11/15] step 950/1599 (0.9 it/s)
[Epoch 11/15] step 950/1599 (0.9 it/s)
[Epoch 11/15] step 950/1599 (0.9 it/s)
[Epoch 11/15] step 950/1599 (0.9 it/s)
[Epoch 11/15] step 1000/1599 (0.9 it/s)
[Epoch 11/15] step 1000/1599 (0.9 it/s)
[Epoch 11/15] step 1000/1599 (0.9 it/s)
[Epoch 11/15] step 1000/1599 (0.9 it/s)
[Epoch 11/15] step 1000/1599 (0.9 it/s)
[Epoch 11/15] step 1000/1599 (0.9 it/s)
[Epoch 11/15] step 1000/1599 (0.9 it/s)
[Epoch 11/15] step 1000/1599 (0.9 it/s)
[Epoch 11/15] step 1050/1599 (0.9 it/s)
[Epoch 11/15] step 1050/1599 (0.9 it/s)
[Epoch 11/15] step 1050/1599 (0.9 it/s)
[Epoch 11/15] step 1050/1599 (0.9 it/s)
[Epoch 11/15] step 1050/1599 (0.9 it/s)
[Epoch 11/15] step 1050/1599 (0.9 it/s)
[Epoch 11/15] step 1050/1599 (0.9 it/s)
[Epoch 11/15] step 1050/1599 (0.9 it/s)
[Epoch 11/15] step 1100/1599 (0.9 it/s)
[Epoch 11/15] step 1100/1599 (0.9 it/s)
[Epoch 11/15] step 1100/1599 (0.9 it/s)
[Epoch 11/15] step 1100/1599 (0.9 it/s)
[Epoch 11/15] step 1100/1599 (0.9 it/s)
[Epoch 11/15] step 1100/1599 (0.9 it/s)
[Epoch 11/15] step 1100/1599 (0.9 it/s)
[Epoch 11/15] step 1100/1599 (0.9 it/s)
[Epoch 11/15] step 1150/1599 (0.9 it/s)
[Epoch 11/15] step 1150/1599 (0.9 it/s)
[Epoch 11/15] step 1150/1599 (0.9 it/s)
[Epoch 11/15] step 1150/1599 (0.9 it/s)
[Epoch 11/15] step 1150/1599 (0.9 it/s)
[Epoch 11/15] step 1150/1599 (0.9 it/s)
[Epoch 11/15] step 1150/1599 (0.9 it/s)
[Epoch 11/15] step 1150/1599 (0.9 it/s)
[Epoch 11/15] step 1200/1599 (0.9 it/s)
[Epoch 11/15] step 1200/1599 (0.9 it/s)
[Epoch 11/15] step 1200/1599 (0.9 it/s)
[Epoch 11/15] step 1200/1599 (0.9 it/s)
[Epoch 11/15] step 1200/1599 (0.9 it/s)
[Epoch 11/15] step 1200/1599 (0.9 it/s)
[Epoch 11/15] step 1200/1599 (0.9 it/s)
[Epoch 11/15] step 1200/1599 (0.9 it/s)
[Epoch 11/15] step 1250/1599 (0.9 it/s)
[Epoch 11/15] step 1250/1599 (0.9 it/s)
[Epoch 11/15] step 1250/1599 (0.9 it/s)
[Epoch 11/15] step 1250/1599 (0.9 it/s)
[Epoch 11/15] step 1250/1599 (0.9 it/s)
[Epoch 11/15] step 1250/1599 (0.9 it/s)
[Epoch 11/15] step 1250/1599 (0.9 it/s)
[Epoch 11/15] step 1250/1599 (0.9 it/s)
[Epoch 11/15] step 1300/1599 (0.9 it/s)
[Epoch 11/15] step 1300/1599 (0.9 it/s)
[Epoch 11/15] step 1300/1599 (0.9 it/s)
[Epoch 11/15] step 1300/1599 (0.9 it/s)
[Epoch 11/15] step 1300/1599 (0.9 it/s)
[Epoch 11/15] step 1300/1599 (0.9 it/s)
[Epoch 11/15] step 1300/1599 (0.9 it/s)
[Epoch 11/15] step 1300/1599 (0.9 it/s)
[Epoch 11/15] step 1350/1599 (0.9 it/s)
[Epoch 11/15] step 1350/1599 (0.9 it/s)
[Epoch 11/15] step 1350/1599 (0.9 it/s)
[Epoch 11/15] step 1350/1599 (0.9 it/s)
[Epoch 11/15] step 1350/1599 (0.9 it/s)
[Epoch 11/15] step 1350/1599 (0.9 it/s)
[Epoch 11/15] step 1350/1599 (0.9 it/s)
[Epoch 11/15] step 1350/1599 (0.9 it/s)
[Epoch 11/15] step 1400/1599 (0.9 it/s)
[Epoch 11/15] step 1400/1599 (0.9 it/s)
[Epoch 11/15] step 1400/1599 (0.9 it/s)
[Epoch 11/15] step 1400/1599 (0.9 it/s)
[Epoch 11/15] step 1400/1599 (0.9 it/s)
[Epoch 11/15] step 1400/1599 (0.9 it/s)
[Epoch 11/15] step 1400/1599 (0.9 it/s)
[Epoch 11/15] step 1400/1599 (0.9 it/s)
[Epoch 11/15] step 1450/1599 (0.9 it/s)
[Epoch 11/15] step 1450/1599 (0.9 it/s)
[Epoch 11/15] step 1450/1599 (0.9 it/s)
[Epoch 11/15] step 1450/1599 (0.9 it/s)
[Epoch 11/15] step 1450/1599 (0.9 it/s)
[Epoch 11/15] step 1450/1599 (0.9 it/s)
[Epoch 11/15] step 1450/1599 (0.9 it/s)
[Epoch 11/15] step 1450/1599 (0.9 it/s)
[Epoch 11/15] step 1500/1599 (0.9 it/s)
[Epoch 11/15] step 1500/1599 (0.9 it/s)
[Epoch 11/15] step 1500/1599 (0.9 it/s)
[Epoch 11/15] step 1500/1599 (0.9 it/s)
[Epoch 11/15] step 1500/1599 (0.9 it/s)
[Epoch 11/15] step 1500/1599 (0.9 it/s)
[Epoch 11/15] step 1500/1599 (0.9 it/s)
[Epoch 11/15] step 1500/1599 (0.9 it/s)
[Epoch 11/15] step 1550/1599 (0.9 it/s)
[Epoch 11/15] step 1550/1599 (0.9 it/s)
[Epoch 11/15] step 1550/1599 (0.9 it/s)
[Epoch 11/15] step 1550/1599 (0.9 it/s)
[Epoch 11/15] step 1550/1599 (0.9 it/s)
[Epoch 11/15] step 1550/1599 (0.9 it/s)
[Epoch 11/15] step 1550/1599 (0.9 it/s)
[Epoch 11/15] step 1550/1599 (0.9 it/s)
[Epoch 11/15] done in 1910.6s
[Epoch 11/15] done in 1910.6s
[Epoch 11/15] done in 1910.6s
[Epoch 11/15] done in 1910.6s
[Epoch 11/15] done in 1910.6s
[Epoch 11/15] done in 1910.6s
[Epoch 11/15] done in 1910.6s
21:08:21 | INFO  | trainer_inf~| \n+-------------------------------------------+------------------------+
|                   Metric                  |         Value          |
+-------------------------------------------+------------------------+
|            [0;34;40mfit/active_dim_count[0m           |         [0;32;40m192.0[0m          |
|               [0;34;40mfit/delta_cos[0m               |   [0;32;40m0.9176898002624512[0m   |
|               [0;34;40mfit/delta_norm[0m              |   [0;32;40m7.056615829467773[0m    |
|              [0;34;40mfit/latent_mean[0m              | [0;32;40m0.0006906014168635011[0m  |
|              [0;34;40mfit/latent_norm[0m              |   [0;32;40m13.512153625488281[0m   |
|               [0;34;40mfit/latent_std[0m              |   [0;32;40m0.9777930378913879[0m   |
|            [0;34;40mfit/learning_rate_0[0m            | [0;32;40m4.867906682193279e-06[0m  |
|                  [0;34;40mfit/loss[0m                 |   [0;32;40m0.1688929796218872[0m   |
|            [0;34;40mfit/loss_future_cos[0m            |  [0;32;40m0.016699500381946564[0m  |
|             [0;34;40mfit/loss_future_l1[0m            |     [0;32;40m0.113525390625[0m     |
|                [0;34;40mfit/loss_mse[0m               |  [0;32;40m0.031197672709822655[0m  |
|          [0;34;40mfit/loss_mse_horizon_01[0m          |  [0;32;40m0.07555472105741501[0m   |
|          [0;34;40mfit/loss_mse_horizon_02[0m          |  [0;32;40m0.008953187614679337[0m  |
|          [0;34;40mfit/loss_mse_horizon_03[0m          |  [0;32;40m0.009085110388696194[0m  |
|               [0;34;40mfit/loss_total[0m              |   [0;32;40m0.1688929796218872[0m   |
|        [0;34;40mfit/pairwise_cos_hist_bin_00[0m       |          [0;32;40m0.0[0m           |
|        [0;34;40mfit/pairwise_cos_hist_bin_01[0m       |          [0;32;40m0.0[0m           |
|        [0;34;40mfit/pairwise_cos_hist_bin_02[0m       |          [0;32;40m0.0[0m           |
|        [0;34;40mfit/pairwise_cos_hist_bin_03[0m       |          [0;32;40m0.0[0m           |
|        [0;34;40mfit/pairwise_cos_hist_bin_04[0m       |          [0;32;40m0.0[0m           |
|        [0;34;40mfit/pairwise_cos_hist_bin_05[0m       |          [0;32;40m0.0[0m           |
|        [0;34;40mfit/pairwise_cos_hist_bin_06[0m       | [0;32;40m8.504310972057283e-05[0m  |
|        [0;34;40mfit/pairwise_cos_hist_bin_07[0m       |  [0;32;40m0.01422035600990057[0m   |
|        [0;34;40mfit/pairwise_cos_hist_bin_08[0m       |   [0;32;40m0.1540360152721405[0m   |
|        [0;34;40mfit/pairwise_cos_hist_bin_09[0m       |   [0;32;40m0.480013906955719[0m    |
|        [0;34;40mfit/pairwise_cos_hist_bin_10[0m       |   [0;32;40m0.2532412111759186[0m   |
|        [0;34;40mfit/pairwise_cos_hist_bin_11[0m       |  [0;32;40m0.04363476112484932[0m   |
|        [0;34;40mfit/pairwise_cos_hist_bin_12[0m       |  [0;32;40m0.012443049810826778[0m  |
|        [0;34;40mfit/pairwise_cos_hist_bin_13[0m       |  [0;32;40m0.007956786081194878[0m  |
|        [0;34;40mfit/pairwise_cos_hist_bin_14[0m       |  [0;32;40m0.006695473100990057[0m  |
|        [0;34;40mfit/pairwise_cos_hist_bin_15[0m       |  [0;32;40m0.005957795772701502[0m  |
|        [0;34;40mfit/pairwise_cos_hist_bin_16[0m       |  [0;32;40m0.005647244863212109[0m  |
|        [0;34;40mfit/pairwise_cos_hist_bin_17[0m       |  [0;32;40m0.005169474519789219[0m  |
|        [0;34;40mfit/pairwise_cos_hist_bin_18[0m       |  [0;32;40m0.005308983847498894[0m  |
|        [0;34;40mfit/pairwise_cos_hist_bin_19[0m       |  [0;32;40m0.00558991264551878[0m   |
|            [0;34;40mfit/pairwise_cos_max[0m           |          [0;32;40m1.0[0m           |
|           [0;34;40mfit/pairwise_cos_mean[0m           | [0;32;40m-0.0017690658569335938[0m |
|            [0;34;40mfit/pairwise_cos_min[0m           |     [0;32;40m-0.31396484375[0m     |
|            [0;34;40mfit/pairwise_cos_std[0m           |    [0;32;40m0.1595458984375[0m     |
|            [0;34;40mfit/pred_latent_mse[0m            |  [0;32;40m0.031197672709822655[0m  |
|               [0;34;40mfit/pred_loss[0m               |  [0;32;40m0.031197672709822655[0m  |
|       [0;34;40mfit/predictor_mode_is_residual[0m      |          [0;32;40m1.0[0m           |
|            [0;34;40mfit/samples_per_sec[0m            |   [0;32;40m1377.8048095703125[0m   |
|              [0;34;40mfit/sigreg_loss[0m              |        [0;32;40m1.53125[0m         |
|           [0;34;40mfit/target_delta_norm[0m           |   [0;32;40m7.326059341430664[0m    |
|            [0;34;40mhardware/cpu_percent[0m           |   [0;32;40m42.099998474121094[0m   |
|          [0;34;40mhardware/disk_read_mb_s[0m          |          [0;32;40m0.0[0m           |
|          [0;34;40mhardware/disk_write_mb_s[0m         |   [0;32;40m0.3544810712337494[0m   |
|           [0;34;40mhardware/net_recv_mb_s[0m          |  [0;32;40m0.00189499172847718[0m   |
|           [0;34;40mhardware/net_sent_mb_s[0m          | [0;32;40m0.0008025264251045883[0m  |
|            [0;34;40mhardware/ram_used_gb[0m           |   [0;32;40m528.9943237304688[0m    |
|           [0;34;40mhardware/ram_used_pct[0m           |   [0;32;40m28.299999237060547[0m   |
|            [0;34;40mhparams/lr_default_0[0m           | [0;32;40m4.867906682193279e-06[0m  |
|         [0;34;40mvalidate/active_dim_count[0m         |         [0;32;40m192.0[0m          |
|      [0;34;40mvalidate/active_dim_count_epoch[0m      |         [0;32;40m192.0[0m          |
|             [0;34;40mvalidate/delta_cos[0m            |   [0;32;40m0.9059042930603027[0m   |
|          [0;34;40mvalidate/delta_cos_epoch[0m         |   [0;32;40m0.9059042930603027[0m   |
|            [0;34;40mvalidate/delta_norm[0m            |    [0;32;40m7.19952392578125[0m    |
|         [0;34;40mvalidate/delta_norm_epoch[0m         |    [0;32;40m7.19952392578125[0m    |
|            [0;34;40mvalidate/latent_mean[0m           | [0;32;40m-0.005106988362967968[0m  |
|         [0;34;40mvalidate/latent_mean_epoch[0m        | [0;32;40m-0.005106988362967968[0m  |
|            [0;34;40mvalidate/latent_norm[0m           |   [0;32;40m13.95226001739502[0m    |
|         [0;34;40mvalidate/latent_norm_epoch[0m        |   [0;32;40m13.95226001739502[0m    |
|            [0;34;40mvalidate/latent_std[0m            |   [0;32;40m1.013473391532898[0m    |
|         [0;34;40mvalidate/latent_std_epoch[0m         |   [0;32;40m1.013473391532898[0m    |
|               [0;34;40mvalidate/loss[0m               |   [0;32;40m0.2782381772994995[0m   |
|            [0;34;40mvalidate/loss_epoch[0m            |   [0;32;40m0.2782381772994995[0m   |
|          [0;34;40mvalidate/loss_future_cos[0m         |  [0;32;40m0.01875738427042961[0m   |
|       [0;34;40mvalidate/loss_future_cos_epoch[0m      |  [0;32;40m0.01875738427042961[0m   |
|          [0;34;40mvalidate/loss_future_l1[0m          |   [0;32;40m0.1304088681936264[0m   |
|       [0;34;40mvalidate/loss_future_l1_epoch[0m       |   [0;32;40m0.1304088681936264[0m   |
|             [0;34;40mvalidate/loss_mse[0m             |  [0;32;40m0.036963384598493576[0m  |
|          [0;34;40mvalidate/loss_mse_epoch[0m          |  [0;32;40m0.036963384598493576[0m  |
|        [0;34;40mvalidate/loss_mse_horizon_01[0m       |  [0;32;40m0.08079176396131516[0m   |
|     [0;34;40mvalidate/loss_mse_horizon_01_epoch[0m    |  [0;32;40m0.08079176396131516[0m   |
|        [0;34;40mvalidate/loss_mse_horizon_02[0m       |  [0;32;40m0.01508843619376421[0m   |
|     [0;34;40mvalidate/loss_mse_horizon_02_epoch[0m    |  [0;32;40m0.01508843619376421[0m   |
|        [0;34;40mvalidate/loss_mse_horizon_03[0m       |  [0;32;40m0.015009953640401363[0m  |
|     [0;34;40mvalidate/loss_mse_horizon_03_epoch[0m    |  [0;32;40m0.015009953640401363[0m  |
|            [0;34;40mvalidate/loss_total[0m            |   [0;32;40m0.2782381772994995[0m   |
|         [0;34;40mvalidate/loss_total_epoch[0m         |   [0;32;40m0.2782381772994995[0m   |
|     [0;34;40mvalidate/pairwise_cos_hist_bin_00[0m     |          [0;32;40m0.0[0m           |
|  [0;34;40mvalidate/pairwise_cos_hist_bin_00_epoch[0m  |          [0;32;40m0.0[0m           |
|     [0;34;40mvalidate/pairwise_cos_hist_bin_01[0m     |          [0;32;40m0.0[0m           |
|  [0;34;40mvalidate/pairwise_cos_hist_bin_01_epoch[0m  |          [0;32;40m0.0[0m           |
|     [0;34;40mvalidate/pairwise_cos_hist_bin_02[0m     |          [0;32;40m0.0[0m           |
|  [0;34;40mvalidate/pairwise_cos_hist_bin_02_epoch[0m  |          [0;32;40m0.0[0m           |
|     [0;34;40mvalidate/pairwise_cos_hist_bin_03[0m     |          [0;32;40m0.0[0m           |
|  [0;34;40mvalidate/pairwise_cos_hist_bin_03_epoch[0m  |          [0;32;40m0.0[0m           |
|     [0;34;40mvalidate/pairwise_cos_hist_bin_04[0m     |          [0;32;40m0.0[0m           |
|  [0;34;40mvalidate/pairwise_cos_hist_bin_04_epoch[0m  |          [0;32;40m0.0[0m           |
|     [0;34;40mvalidate/pairwise_cos_hist_bin_05[0m     |          [0;32;40m0.0[0m           |
|  [0;34;40mvalidate/pairwise_cos_hist_bin_05_epoch[0m  |          [0;32;40m0.0[0m           |
|     [0;34;40mvalidate/pairwise_cos_hist_bin_06[0m     | [0;32;40m0.00016064642113633454[0m |
|  [0;34;40mvalidate/pairwise_cos_hist_bin_06_epoch[0m  | [0;32;40m0.00016064642113633454[0m |
|     [0;34;40mvalidate/pairwise_cos_hist_bin_07[0m     |  [0;32;40m0.014321841299533844[0m  |
|  [0;34;40mvalidate/pairwise_cos_hist_bin_07_epoch[0m  |  [0;32;40m0.014321841299533844[0m  |
|     [0;34;40mvalidate/pairwise_cos_hist_bin_08[0m     |  [0;32;40m0.12203553318977356[0m   |
|  [0;34;40mvalidate/pairwise_cos_hist_bin_08_epoch[0m  |  [0;32;40m0.12203553318977356[0m   |
|     [0;34;40mvalidate/pairwise_cos_hist_bin_09[0m     |  [0;32;40m0.43591591715812683[0m   |
|  [0;34;40mvalidate/pairwise_cos_hist_bin_09_epoch[0m  |  [0;32;40m0.43591591715812683[0m   |
|     [0;34;40mvalidate/pairwise_cos_hist_bin_10[0m     |   [0;32;40m0.2962144911289215[0m   |
|  [0;34;40mvalidate/pairwise_cos_hist_bin_10_epoch[0m  |   [0;32;40m0.2962144911289215[0m   |
|     [0;34;40mvalidate/pairwise_cos_hist_bin_11[0m     |  [0;32;40m0.061422839760780334[0m  |
|  [0;34;40mvalidate/pairwise_cos_hist_bin_11_epoch[0m  |  [0;32;40m0.061422839760780334[0m  |
|     [0;34;40mvalidate/pairwise_cos_hist_bin_12[0m     |  [0;32;40m0.022204630076885223[0m  |
|  [0;34;40mvalidate/pairwise_cos_hist_bin_12_epoch[0m  |  [0;32;40m0.022204630076885223[0m  |
|     [0;34;40mvalidate/pairwise_cos_hist_bin_13[0m     |  [0;32;40m0.011003520339727402[0m  |
|  [0;34;40mvalidate/pairwise_cos_hist_bin_13_epoch[0m  |  [0;32;40m0.011003520339727402[0m  |
|     [0;34;40mvalidate/pairwise_cos_hist_bin_14[0m     |  [0;32;40m0.007441817317157984[0m  |
|  [0;34;40mvalidate/pairwise_cos_hist_bin_14_epoch[0m  |  [0;32;40m0.007441817317157984[0m  |
|     [0;34;40mvalidate/pairwise_cos_hist_bin_15[0m     |  [0;32;40m0.006512505002319813[0m  |
|  [0;34;40mvalidate/pairwise_cos_hist_bin_15_epoch[0m  |  [0;32;40m0.006512505002319813[0m  |
|     [0;34;40mvalidate/pairwise_cos_hist_bin_16[0m     |  [0;32;40m0.005916455760598183[0m  |
|  [0;34;40mvalidate/pairwise_cos_hist_bin_16_epoch[0m  |  [0;32;40m0.005916455760598183[0m  |
|     [0;34;40mvalidate/pairwise_cos_hist_bin_17[0m     |  [0;32;40m0.005402966868132353[0m  |
|  [0;34;40mvalidate/pairwise_cos_hist_bin_17_epoch[0m  |  [0;32;40m0.005402966868132353[0m  |
|     [0;34;40mvalidate/pairwise_cos_hist_bin_18[0m     |  [0;32;40m0.005633805878460407[0m  |
|  [0;34;40mvalidate/pairwise_cos_hist_bin_18_epoch[0m  |  [0;32;40m0.005633805878460407[0m  |
|     [0;34;40mvalidate/pairwise_cos_hist_bin_19[0m     |  [0;32;40m0.005813024938106537[0m  |
|  [0;34;40mvalidate/pairwise_cos_hist_bin_19_epoch[0m  |  [0;32;40m0.005813024938106537[0m  |
|         [0;34;40mvalidate/pairwise_cos_max[0m         |          [0;32;40m1.0[0m           |
|      [0;34;40mvalidate/pairwise_cos_max_epoch[0m      |          [0;32;40m1.0[0m           |
|         [0;34;40mvalidate/pairwise_cos_mean[0m        |   [0;32;40m0.0150332972407341[0m   |
|      [0;34;40mvalidate/pairwise_cos_mean_epoch[0m     |   [0;32;40m0.0150332972407341[0m   |
|         [0;34;40mvalidate/pairwise_cos_min[0m         |  [0;32;40m-0.32647374272346497[0m  |
|      [0;34;40mvalidate/pairwise_cos_min_epoch[0m      |  [0;32;40m-0.32647374272346497[0m  |
|         [0;34;40mvalidate/pairwise_cos_std[0m         |   [0;32;40m0.1640607863664627[0m   |
|      [0;34;40mvalidate/pairwise_cos_std_epoch[0m      |   [0;32;40m0.1640607863664627[0m   |
|          [0;34;40mvalidate/pred_latent_mse[0m         |  [0;32;40m0.036963384598493576[0m  |
|       [0;34;40mvalidate/pred_latent_mse_epoch[0m      |  [0;32;40m0.036963384598493576[0m  |
|             [0;34;40mvalidate/pred_loss[0m            |  [0;32;40m0.036963384598493576[0m  |
|          [0;34;40mvalidate/pred_loss_epoch[0m         |  [0;32;40m0.036963384598493576[0m  |
|    [0;34;40mvalidate/predictor_mode_is_residual[0m    |          [0;32;40m1.0[0m           |
| [0;34;40mvalidate/predictor_mode_is_residual_epoch[0m |          [0;32;40m1.0[0m           |
|            [0;34;40mvalidate/sigreg_loss[0m           |   [0;32;40m2.680894136428833[0m    |
|         [0;34;40mvalidate/sigreg_loss_epoch[0m        |   [0;32;40m2.680894136428833[0m    |
|         [0;34;40mvalidate/target_delta_norm[0m        |   [0;32;40m7.443138599395752[0m    |
|      [0;34;40mvalidate/target_delta_norm_epoch[0m     |   [0;32;40m7.443138599395752[0m    |
+-------------------------------------------+------------------------+
21:08:21 | INFO  | utils.py    | 📦📦📦 Model saved to /data1/Johnny/challenge/wrf/homework/outputs/stable-wm/checkpoints/lewm_residual_reacher_15/weights_epoch_12.pt 📦📦📦
[Epoch 11/15] done in 1910.8s
21:08:21 | INFO  | checkpoint_~|   Checking for non PyTorch modules to save
21:08:21 | INFO  | atomic_chec~| [atomic_save] → /data1/Johnny/challenge/wrf/homework/outputs/home/.cache/stable-pretraining/runs/20260715/145800/ee58f199d257/checkpoints/epoch=11-step=19188.ckpt
21:08:22 | INFO  | atomic_chec~| [atomic_save] ✓ epoch=11-step=19188.ckpt saved (206.8 MiB, serialise=0.36s write=0.21s rename=0.0ms)
21:08:22 | INFO  | checkpoint_~|   Checking for non PyTorch modules to save
21:08:22 | INFO  | atomic_chec~| [atomic_save] → /data1/Johnny/challenge/wrf/homework/outputs/home/.cache/stable-pretraining/runs/20260715/145800/ee58f199d257/checkpoints/last.ckpt
21:08:22 | INFO  | atomic_chec~| [atomic_save] ✓ last.ckpt saved (206.8 MiB, serialise=0.35s write=0.23s rename=28.3ms)
[Epoch 12/15] step 50/1599 (0.8 it/s)
[Epoch 12/15] step 50/1599 (0.8 it/s)
[Epoch 12/15] step 50/1599 (0.8 it/s)
[Epoch 12/15] step 50/1599 (0.8 it/s)
[Epoch 12/15] step 50/1599 (0.8 it/s)
[Epoch 12/15] step 50/1599 (0.8 it/s)
[Epoch 12/15] step 50/1599 (0.8 it/s)
[Epoch 12/15] step 50/1599 (0.8 it/s)
[Epoch 12/15] step 100/1599 (0.8 it/s)
[Epoch 12/15] step 100/1599 (0.8 it/s)
[Epoch 12/15] step 100/1599 (0.8 it/s)
[Epoch 12/15] step 100/1599 (0.8 it/s)
[Epoch 12/15] step 100/1599 (0.8 it/s)
[Epoch 12/15] step 100/1599 (0.8 it/s)
[Epoch 12/15] step 100/1599 (0.8 it/s)
[Epoch 12/15] step 100/1599 (0.8 it/s)
[Epoch 12/15] step 150/1599 (0.9 it/s)
[Epoch 12/15] step 150/1599 (0.9 it/s)
[Epoch 12/15] step 150/1599 (0.9 it/s)
[Epoch 12/15] step 150/1599 (0.9 it/s)
[Epoch 12/15] step 150/1599 (0.9 it/s)
[Epoch 12/15] step 150/1599 (0.9 it/s)
[Epoch 12/15] step 150/1599 (0.9 it/s)
[Epoch 12/15] step 150/1599 (0.9 it/s)
[Epoch 12/15] step 200/1599 (0.9 it/s)
[Epoch 12/15] step 200/1599 (0.9 it/s)
[Epoch 12/15] step 200/1599 (0.9 it/s)
[Epoch 12/15] step 200/1599 (0.9 it/s)
[Epoch 12/15] step 200/1599 (0.9 it/s)
[Epoch 12/15] step 200/1599 (0.9 it/s)
[Epoch 12/15] step 200/1599 (0.9 it/s)
[Epoch 12/15] step 200/1599 (0.9 it/s)
[Epoch 12/15] step 250/1599 (0.9 it/s)
[Epoch 12/15] step 250/1599 (0.9 it/s)
[Epoch 12/15] step 250/1599 (0.9 it/s)
[Epoch 12/15] step 250/1599 (0.9 it/s)
[Epoch 12/15] step 250/1599 (0.9 it/s)
[Epoch 12/15] step 250/1599 (0.9 it/s)
[Epoch 12/15] step 250/1599 (0.9 it/s)
[Epoch 12/15] step 250/1599 (0.9 it/s)
[Epoch 12/15] step 300/1599 (0.9 it/s)
[Epoch 12/15] step 300/1599 (0.9 it/s)
[Epoch 12/15] step 300/1599 (0.9 it/s)
[Epoch 12/15] step 300/1599 (0.9 it/s)
[Epoch 12/15] step 300/1599 (0.9 it/s)
[Epoch 12/15] step 300/1599 (0.9 it/s)
[Epoch 12/15] step 300/1599 (0.9 it/s)
[Epoch 12/15] step 300/1599 (0.9 it/s)
[Epoch 12/15] step 350/1599 (0.9 it/s)
[Epoch 12/15] step 350/1599 (0.9 it/s)
[Epoch 12/15] step 350/1599 (0.9 it/s)
[Epoch 12/15] step 350/1599 (0.9 it/s)
[Epoch 12/15] step 350/1599 (0.9 it/s)
[Epoch 12/15] step 350/1599 (0.9 it/s)
[Epoch 12/15] step 350/1599 (0.9 it/s)
[Epoch 12/15] step 350/1599 (0.9 it/s)
[Epoch 12/15] step 400/1599 (0.9 it/s)
[Epoch 12/15] step 400/1599 (0.9 it/s)
[Epoch 12/15] step 400/1599 (0.9 it/s)
[Epoch 12/15] step 400/1599 (0.9 it/s)
[Epoch 12/15] step 400/1599 (0.9 it/s)
[Epoch 12/15] step 400/1599 (0.9 it/s)
[Epoch 12/15] step 400/1599 (0.9 it/s)
[Epoch 12/15] step 400/1599 (0.9 it/s)
[Epoch 12/15] step 450/1599 (0.9 it/s)
[Epoch 12/15] step 450/1599 (0.9 it/s)
[Epoch 12/15] step 450/1599 (0.9 it/s)
[Epoch 12/15] step 450/1599 (0.9 it/s)
[Epoch 12/15] step 450/1599 (0.9 it/s)
[Epoch 12/15] step 450/1599 (0.9 it/s)
[Epoch 12/15] step 450/1599 (0.9 it/s)
[Epoch 12/15] step 450/1599 (0.9 it/s)
[Epoch 12/15] step 500/1599 (0.9 it/s)
[Epoch 12/15] step 500/1599 (0.9 it/s)
[Epoch 12/15] step 500/1599 (0.9 it/s)
[Epoch 12/15] step 500/1599 (0.9 it/s)
[Epoch 12/15] step 500/1599 (0.9 it/s)
[Epoch 12/15] step 500/1599 (0.9 it/s)
[Epoch 12/15] step 500/1599 (0.9 it/s)
[Epoch 12/15] step 500/1599 (0.9 it/s)
[Epoch 12/15] step 550/1599 (0.9 it/s)
[Epoch 12/15] step 550/1599 (0.9 it/s)
[Epoch 12/15] step 550/1599 (0.9 it/s)
[Epoch 12/15] step 550/1599 (0.9 it/s)
[Epoch 12/15] step 550/1599 (0.9 it/s)
[Epoch 12/15] step 550/1599 (0.9 it/s)
[Epoch 12/15] step 550/1599 (0.9 it/s)
[Epoch 12/15] step 550/1599 (0.9 it/s)
[Epoch 12/15] step 600/1599 (0.9 it/s)
[Epoch 12/15] step 600/1599 (0.9 it/s)
[Epoch 12/15] step 600/1599 (0.9 it/s)
[Epoch 12/15] step 600/1599 (0.9 it/s)
[Epoch 12/15] step 600/1599 (0.9 it/s)
[Epoch 12/15] step 600/1599 (0.9 it/s)
[Epoch 12/15] step 600/1599 (0.9 it/s)
[Epoch 12/15] step 600/1599 (0.9 it/s)
[Epoch 12/15] step 650/1599 (0.9 it/s)
[Epoch 12/15] step 650/1599 (0.9 it/s)
[Epoch 12/15] step 650/1599 (0.9 it/s)
[Epoch 12/15] step 650/1599 (0.9 it/s)
[Epoch 12/15] step 650/1599 (0.9 it/s)
[Epoch 12/15] step 650/1599 (0.9 it/s)
[Epoch 12/15] step 650/1599 (0.9 it/s)
[Epoch 12/15] step 650/1599 (0.9 it/s)
[Epoch 12/15] step 700/1599 (0.9 it/s)
[Epoch 12/15] step 700/1599 (0.9 it/s)
[Epoch 12/15] step 700/1599 (0.9 it/s)
[Epoch 12/15] step 700/1599 (0.9 it/s)
[Epoch 12/15] step 700/1599 (0.9 it/s)
[Epoch 12/15] step 700/1599 (0.9 it/s)
[Epoch 12/15] step 700/1599 (0.9 it/s)
[Epoch 12/15] step 700/1599 (0.9 it/s)
[Epoch 12/15] step 750/1599 (0.9 it/s)
[Epoch 12/15] step 750/1599 (0.9 it/s)
[Epoch 12/15] step 750/1599 (0.9 it/s)
[Epoch 12/15] step 750/1599 (0.9 it/s)
[Epoch 12/15] step 750/1599 (0.9 it/s)
[Epoch 12/15] step 750/1599 (0.9 it/s)
[Epoch 12/15] step 750/1599 (0.9 it/s)
[Epoch 12/15] step 750/1599 (0.9 it/s)
[Epoch 12/15] step 800/1599 (0.9 it/s)
[Epoch 12/15] step 800/1599 (0.9 it/s)
[Epoch 12/15] step 800/1599 (0.9 it/s)
[Epoch 12/15] step 800/1599 (0.9 it/s)
[Epoch 12/15] step 800/1599 (0.9 it/s)
[Epoch 12/15] step 800/1599 (0.9 it/s)
[Epoch 12/15] step 800/1599 (0.9 it/s)
[Epoch 12/15] step 800/1599 (0.9 it/s)
[Epoch 12/15] step 850/1599 (0.9 it/s)
[Epoch 12/15] step 850/1599 (0.9 it/s)
[Epoch 12/15] step 850/1599 (0.9 it/s)
[Epoch 12/15] step 850/1599 (0.9 it/s)
[Epoch 12/15] step 850/1599 (0.9 it/s)
[Epoch 12/15] step 850/1599 (0.9 it/s)
[Epoch 12/15] step 850/1599 (0.9 it/s)
[Epoch 12/15] step 850/1599 (0.9 it/s)
[Epoch 12/15] step 900/1599 (0.9 it/s)
[Epoch 12/15] step 900/1599 (0.9 it/s)
[Epoch 12/15] step 900/1599 (0.9 it/s)
[Epoch 12/15] step 900/1599 (0.9 it/s)
[Epoch 12/15] step 900/1599 (0.9 it/s)
[Epoch 12/15] step 900/1599 (0.9 it/s)
[Epoch 12/15] step 900/1599 (0.9 it/s)
[Epoch 12/15] step 900/1599 (0.9 it/s)
[Epoch 12/15] step 950/1599 (0.9 it/s)
[Epoch 12/15] step 950/1599 (0.9 it/s)
[Epoch 12/15] step 950/1599 (0.9 it/s)
[Epoch 12/15] step 950/1599 (0.9 it/s)
[Epoch 12/15] step 950/1599 (0.9 it/s)
[Epoch 12/15] step 950/1599 (0.9 it/s)
[Epoch 12/15] step 950/1599 (0.9 it/s)
[Epoch 12/15] step 950/1599 (0.9 it/s)
[Epoch 12/15] step 1000/1599 (0.9 it/s)
[Epoch 12/15] step 1000/1599 (0.9 it/s)
[Epoch 12/15] step 1000/1599 (0.9 it/s)
[Epoch 12/15] step 1000/1599 (0.9 it/s)
[Epoch 12/15] step 1000/1599 (0.9 it/s)
[Epoch 12/15] step 1000/1599 (0.9 it/s)
[Epoch 12/15] step 1000/1599 (0.9 it/s)
[Epoch 12/15] step 1000/1599 (0.9 it/s)
[Epoch 12/15] step 1050/1599 (0.9 it/s)
[Epoch 12/15] step 1050/1599 (0.9 it/s)
[Epoch 12/15] step 1050/1599 (0.9 it/s)
[Epoch 12/15] step 1050/1599 (0.9 it/s)
[Epoch 12/15] step 1050/1599 (0.9 it/s)
[Epoch 12/15] step 1050/1599 (0.9 it/s)
[Epoch 12/15] step 1050/1599 (0.9 it/s)
[Epoch 12/15] step 1050/1599 (0.9 it/s)
[Epoch 12/15] step 1100/1599 (0.9 it/s)
[Epoch 12/15] step 1100/1599 (0.9 it/s)
[Epoch 12/15] step 1100/1599 (0.9 it/s)
[Epoch 12/15] step 1100/1599 (0.9 it/s)
[Epoch 12/15] step 1100/1599 (0.9 it/s)
[Epoch 12/15] step 1100/1599 (0.9 it/s)
[Epoch 12/15] step 1100/1599 (0.9 it/s)
[Epoch 12/15] step 1100/1599 (0.9 it/s)
[Epoch 12/15] step 1150/1599 (0.9 it/s)
[Epoch 12/15] step 1150/1599 (0.9 it/s)
[Epoch 12/15] step 1150/1599 (0.9 it/s)
[Epoch 12/15] step 1150/1599 (0.9 it/s)
[Epoch 12/15] step 1150/1599 (0.9 it/s)
[Epoch 12/15] step 1150/1599 (0.9 it/s)
[Epoch 12/15] step 1150/1599 (0.9 it/s)
[Epoch 12/15] step 1150/1599 (0.9 it/s)
[Epoch 12/15] step 1200/1599 (0.9 it/s)
[Epoch 12/15] step 1200/1599 (0.9 it/s)
[Epoch 12/15] step 1200/1599 (0.9 it/s)
[Epoch 12/15] step 1200/1599 (0.9 it/s)
[Epoch 12/15] step 1200/1599 (0.9 it/s)
[Epoch 12/15] step 1200/1599 (0.9 it/s)
[Epoch 12/15] step 1200/1599 (0.9 it/s)
[Epoch 12/15] step 1200/1599 (0.9 it/s)
[Epoch 12/15] step 1250/1599 (0.9 it/s)
[Epoch 12/15] step 1250/1599 (0.9 it/s)
[Epoch 12/15] step 1250/1599 (0.9 it/s)
[Epoch 12/15] step 1250/1599 (0.9 it/s)
[Epoch 12/15] step 1250/1599 (0.9 it/s)
[Epoch 12/15] step 1250/1599 (0.9 it/s)
[Epoch 12/15] step 1250/1599 (0.9 it/s)
[Epoch 12/15] step 1250/1599 (0.9 it/s)
[Epoch 12/15] step 1300/1599 (0.9 it/s)
[Epoch 12/15] step 1300/1599 (0.9 it/s)
[Epoch 12/15] step 1300/1599 (0.9 it/s)
[Epoch 12/15] step 1300/1599 (0.9 it/s)
[Epoch 12/15] step 1300/1599 (0.9 it/s)
[Epoch 12/15] step 1300/1599 (0.9 it/s)
[Epoch 12/15] step 1300/1599 (0.9 it/s)
[Epoch 12/15] step 1300/1599 (0.9 it/s)
[Epoch 12/15] step 1350/1599 (0.9 it/s)
[Epoch 12/15] step 1350/1599 (0.9 it/s)
[Epoch 12/15] step 1350/1599 (0.9 it/s)
[Epoch 12/15] step 1350/1599 (0.9 it/s)
[Epoch 12/15] step 1350/1599 (0.9 it/s)
[Epoch 12/15] step 1350/1599 (0.9 it/s)
[Epoch 12/15] step 1350/1599 (0.9 it/s)
[Epoch 12/15] step 1350/1599 (0.9 it/s)
[Epoch 12/15] step 1400/1599 (0.9 it/s)
[Epoch 12/15] step 1400/1599 (0.9 it/s)
[Epoch 12/15] step 1400/1599 (0.9 it/s)
[Epoch 12/15] step 1400/1599 (0.9 it/s)
[Epoch 12/15] step 1400/1599 (0.9 it/s)
[Epoch 12/15] step 1400/1599 (0.9 it/s)
[Epoch 12/15] step 1400/1599 (0.9 it/s)
[Epoch 12/15] step 1400/1599 (0.9 it/s)
[Epoch 12/15] step 1450/1599 (0.9 it/s)
[Epoch 12/15] step 1450/1599 (0.9 it/s)
[Epoch 12/15] step 1450/1599 (0.9 it/s)
[Epoch 12/15] step 1450/1599 (0.9 it/s)
[Epoch 12/15] step 1450/1599 (0.9 it/s)
[Epoch 12/15] step 1450/1599 (0.9 it/s)
[Epoch 12/15] step 1450/1599 (0.9 it/s)
[Epoch 12/15] step 1450/1599 (0.9 it/s)
[Epoch 12/15] step 1500/1599 (0.9 it/s)
[Epoch 12/15] step 1500/1599 (0.9 it/s)
[Epoch 12/15] step 1500/1599 (0.9 it/s)
[Epoch 12/15] step 1500/1599 (0.9 it/s)
[Epoch 12/15] step 1500/1599 (0.9 it/s)
[Epoch 12/15] step 1500/1599 (0.9 it/s)
[Epoch 12/15] step 1500/1599 (0.9 it/s)
[Epoch 12/15] step 1500/1599 (0.9 it/s)
[Epoch 12/15] step 1550/1599 (0.9 it/s)
[Epoch 12/15] step 1550/1599 (0.9 it/s)
[Epoch 12/15] step 1550/1599 (0.9 it/s)
[Epoch 12/15] step 1550/1599 (0.9 it/s)
[Epoch 12/15] step 1550/1599 (0.9 it/s)
[Epoch 12/15] step 1550/1599 (0.9 it/s)
[Epoch 12/15] step 1550/1599 (0.9 it/s)
[Epoch 12/15] step 1550/1599 (0.9 it/s)
[Epoch 12/15] done in 1890.8s
[Epoch 12/15] done in 1890.8s
[Epoch 12/15] done in 1890.8s
[Epoch 12/15] done in 1890.8s
[Epoch 12/15] done in 1890.8s
[Epoch 12/15] done in 1890.8s
[Epoch 12/15] done in 1890.8s
21:39:53 | INFO  | trainer_inf~| \n+-------------------------------------------+------------------------+
|                   Metric                  |         Value          |
+-------------------------------------------+------------------------+
|            [0;34;40mfit/active_dim_count[0m           |         [0;32;40m192.0[0m          |
|               [0;34;40mfit/delta_cos[0m               |   [0;32;40m0.918143093585968[0m    |
|               [0;34;40mfit/delta_norm[0m              |   [0;32;40m7.022476673126221[0m    |
|              [0;34;40mfit/latent_mean[0m              | [0;32;40m0.00035787359229288995[0m |
|              [0;34;40mfit/latent_norm[0m              |   [0;32;40m13.522721290588379[0m   |
|               [0;34;40mfit/latent_std[0m              |   [0;32;40m0.9788400530815125[0m   |
|            [0;34;40mfit/learning_rate_0[0m            | [0;32;40m2.2044359866413288e-06[0m |
|                  [0;34;40mfit/loss[0m                 |  [0;32;40m0.17166905105113983[0m   |
|            [0;34;40mfit/loss_future_cos[0m            |  [0;32;40m0.016067281365394592[0m  |
|             [0;34;40mfit/loss_future_l1[0m            |    [0;32;40m0.1126708984375[0m     |
|                [0;34;40mfit/loss_mse[0m               |  [0;32;40m0.030189553275704384[0m  |
|          [0;34;40mfit/loss_mse_horizon_01[0m          |  [0;32;40m0.07262992858886719[0m   |
|          [0;34;40mfit/loss_mse_horizon_02[0m          |  [0;32;40m0.009063647128641605[0m  |
|          [0;34;40mfit/loss_mse_horizon_03[0m          |  [0;32;40m0.00887509249150753[0m   |
|               [0;34;40mfit/loss_total[0m              |  [0;32;40m0.17166905105113983[0m   |
|        [0;34;40mfit/pairwise_cos_hist_bin_00[0m       |          [0;32;40m0.0[0m           |
|        [0;34;40mfit/pairwise_cos_hist_bin_01[0m       |          [0;32;40m0.0[0m           |
|        [0;34;40mfit/pairwise_cos_hist_bin_02[0m       |          [0;32;40m0.0[0m           |
|        [0;34;40mfit/pairwise_cos_hist_bin_03[0m       |          [0;32;40m0.0[0m           |
|        [0;34;40mfit/pairwise_cos_hist_bin_04[0m       |          [0;32;40m0.0[0m           |
|        [0;34;40mfit/pairwise_cos_hist_bin_05[0m       |          [0;32;40m0.0[0m           |
|        [0;34;40mfit/pairwise_cos_hist_bin_06[0m       | [0;32;40m3.439946158323437e-05[0m  |
|        [0;34;40mfit/pairwise_cos_hist_bin_07[0m       |  [0;32;40m0.01486725639551878[0m   |
|        [0;34;40mfit/pairwise_cos_hist_bin_08[0m       |  [0;32;40m0.15305373072624207[0m   |
|        [0;34;40mfit/pairwise_cos_hist_bin_09[0m       |   [0;32;40m0.4797148108482361[0m   |
|        [0;34;40mfit/pairwise_cos_hist_bin_10[0m       |   [0;32;40m0.254465252161026[0m    |
|        [0;34;40mfit/pairwise_cos_hist_bin_11[0m       |  [0;32;40m0.042785290628671646[0m  |
|        [0;34;40mfit/pairwise_cos_hist_bin_12[0m       |  [0;32;40m0.012622690759599209[0m  |
|        [0;34;40mfit/pairwise_cos_hist_bin_13[0m       |  [0;32;40m0.007968253456056118[0m  |
|        [0;34;40mfit/pairwise_cos_hist_bin_14[0m       | [0;32;40m0.0068454924039542675[0m  |
|        [0;34;40mfit/pairwise_cos_hist_bin_15[0m       |  [0;32;40m0.006021816749125719[0m  |
|        [0;34;40mfit/pairwise_cos_hist_bin_16[0m       |  [0;32;40m0.00548193696886301[0m   |
|        [0;34;40mfit/pairwise_cos_hist_bin_17[0m       | [0;32;40m0.0051885852590203285[0m  |
|        [0;34;40mfit/pairwise_cos_hist_bin_18[0m       |  [0;32;40m0.005311849992722273[0m  |
|        [0;34;40mfit/pairwise_cos_hist_bin_19[0m       |  [0;32;40m0.005638645030558109[0m  |
|            [0;34;40mfit/pairwise_cos_max[0m           |          [0;32;40m1.0[0m           |
|           [0;34;40mfit/pairwise_cos_mean[0m           | [0;32;40m-0.0017786026000976562[0m |
|            [0;34;40mfit/pairwise_cos_min[0m           |    [0;32;40m-0.306884765625[0m     |
|            [0;34;40mfit/pairwise_cos_std[0m           |     [0;32;40m0.15966796875[0m      |
|            [0;34;40mfit/pred_latent_mse[0m            |  [0;32;40m0.030189553275704384[0m  |
|               [0;34;40mfit/pred_loss[0m               |  [0;32;40m0.030189553275704384[0m  |
|       [0;34;40mfit/predictor_mode_is_residual[0m      |          [0;32;40m1.0[0m           |
|            [0;34;40mfit/samples_per_sec[0m            |    [0;32;40m1227.73095703125[0m    |
|              [0;34;40mfit/sigreg_loss[0m              |      [0;32;40m1.5732421875[0m      |
|           [0;34;40mfit/target_delta_norm[0m           |    [0;32;40m7.32159423828125[0m    |
|            [0;34;40mhardware/cpu_percent[0m           |   [0;32;40m32.79999923706055[0m    |
|          [0;34;40mhardware/disk_read_mb_s[0m          |   [0;32;40m0.7747865319252014[0m   |
|          [0;34;40mhardware/disk_write_mb_s[0m         |   [0;32;40m0.5213407278060913[0m   |
|           [0;34;40mhardware/net_recv_mb_s[0m          |  [0;32;40m0.005036110989749432[0m  |
|           [0;34;40mhardware/net_sent_mb_s[0m          |  [0;32;40m0.003898023394867778[0m  |
|            [0;34;40mhardware/ram_used_gb[0m           |   [0;32;40m529.6500244140625[0m    |
|           [0;34;40mhardware/ram_used_pct[0m           |   [0;32;40m28.299999237060547[0m   |
|            [0;34;40mhparams/lr_default_0[0m           | [0;32;40m2.2044359866413288e-06[0m |
|         [0;34;40mvalidate/active_dim_count[0m         |         [0;32;40m192.0[0m          |
|      [0;34;40mvalidate/active_dim_count_epoch[0m      |         [0;32;40m192.0[0m          |
|             [0;34;40mvalidate/delta_cos[0m            |   [0;32;40m0.9136191606521606[0m   |
|          [0;34;40mvalidate/delta_cos_epoch[0m         |   [0;32;40m0.9136191606521606[0m   |
|            [0;34;40mvalidate/delta_norm[0m            |   [0;32;40m7.162900924682617[0m    |
|         [0;34;40mvalidate/delta_norm_epoch[0m         |   [0;32;40m7.162900924682617[0m    |
|            [0;34;40mvalidate/latent_mean[0m           | [0;32;40m-0.006818732246756554[0m  |
|         [0;34;40mvalidate/latent_mean_epoch[0m        | [0;32;40m-0.006818732246756554[0m  |
|            [0;34;40mvalidate/latent_norm[0m           |   [0;32;40m13.764669418334961[0m   |
|         [0;34;40mvalidate/latent_norm_epoch[0m        |   [0;32;40m13.764669418334961[0m   |
|            [0;34;40mvalidate/latent_std[0m            |   [0;32;40m0.9963709712028503[0m   |
|         [0;34;40mvalidate/latent_std_epoch[0m         |   [0;32;40m0.9963709712028503[0m   |
|               [0;34;40mvalidate/loss[0m               |  [0;32;40m0.26635685563087463[0m   |
|            [0;34;40mvalidate/loss_epoch[0m            |  [0;32;40m0.26635685563087463[0m   |
|          [0;34;40mvalidate/loss_future_cos[0m         |  [0;32;40m0.017106791958212852[0m  |
|       [0;34;40mvalidate/loss_future_cos_epoch[0m      |  [0;32;40m0.017106791958212852[0m  |
|          [0;34;40mvalidate/loss_future_l1[0m          |  [0;32;40m0.12071016430854797[0m   |
|       [0;34;40mvalidate/loss_future_l1_epoch[0m       |  [0;32;40m0.12071016430854797[0m   |
|             [0;34;40mvalidate/loss_mse[0m             |  [0;32;40m0.03359723091125488[0m   |
|          [0;34;40mvalidate/loss_mse_epoch[0m          |  [0;32;40m0.03359723091125488[0m   |
|        [0;34;40mvalidate/loss_mse_horizon_01[0m       |  [0;32;40m0.07754696160554886[0m   |
|     [0;34;40mvalidate/loss_mse_horizon_01_epoch[0m    |  [0;32;40m0.07754696160554886[0m   |
|        [0;34;40mvalidate/loss_mse_horizon_02[0m       |  [0;32;40m0.011655805632472038[0m  |
|     [0;34;40mvalidate/loss_mse_horizon_02_epoch[0m    |  [0;32;40m0.011655805632472038[0m  |
|        [0;34;40mvalidate/loss_mse_horizon_03[0m       |  [0;32;40m0.011588918045163155[0m  |
|     [0;34;40mvalidate/loss_mse_horizon_03_epoch[0m    |  [0;32;40m0.011588918045163155[0m  |
|            [0;34;40mvalidate/loss_total[0m            |  [0;32;40m0.26635685563087463[0m   |
|         [0;34;40mvalidate/loss_total_epoch[0m         |  [0;32;40m0.26635685563087463[0m   |
|     [0;34;40mvalidate/pairwise_cos_hist_bin_00[0m     |          [0;32;40m0.0[0m           |
|  [0;34;40mvalidate/pairwise_cos_hist_bin_00_epoch[0m  |          [0;32;40m0.0[0m           |
|     [0;34;40mvalidate/pairwise_cos_hist_bin_01[0m     |          [0;32;40m0.0[0m           |
|  [0;34;40mvalidate/pairwise_cos_hist_bin_01_epoch[0m  |          [0;32;40m0.0[0m           |
|     [0;34;40mvalidate/pairwise_cos_hist_bin_02[0m     |          [0;32;40m0.0[0m           |
|  [0;34;40mvalidate/pairwise_cos_hist_bin_02_epoch[0m  |          [0;32;40m0.0[0m           |
|     [0;34;40mvalidate/pairwise_cos_hist_bin_03[0m     |          [0;32;40m0.0[0m           |
|  [0;34;40mvalidate/pairwise_cos_hist_bin_03_epoch[0m  |          [0;32;40m0.0[0m           |
|     [0;34;40mvalidate/pairwise_cos_hist_bin_04[0m     |          [0;32;40m0.0[0m           |
|  [0;34;40mvalidate/pairwise_cos_hist_bin_04_epoch[0m  |          [0;32;40m0.0[0m           |
|     [0;34;40mvalidate/pairwise_cos_hist_bin_05[0m     |          [0;32;40m0.0[0m           |
|  [0;34;40mvalidate/pairwise_cos_hist_bin_05_epoch[0m  |          [0;32;40m0.0[0m           |
|     [0;34;40mvalidate/pairwise_cos_hist_bin_06[0m     | [0;32;40m2.270622098876629e-05[0m  |
|  [0;34;40mvalidate/pairwise_cos_hist_bin_06_epoch[0m  | [0;32;40m2.270622098876629e-05[0m  |
|     [0;34;40mvalidate/pairwise_cos_hist_bin_07[0m     |  [0;32;40m0.010269136168062687[0m  |
|  [0;34;40mvalidate/pairwise_cos_hist_bin_07_epoch[0m  |  [0;32;40m0.010269136168062687[0m  |
|     [0;34;40mvalidate/pairwise_cos_hist_bin_08[0m     |  [0;32;40m0.11835359781980515[0m   |
|  [0;34;40mvalidate/pairwise_cos_hist_bin_08_epoch[0m  |  [0;32;40m0.11835359781980515[0m   |
|     [0;34;40mvalidate/pairwise_cos_hist_bin_09[0m     |   [0;32;40m0.4489206373691559[0m   |
|  [0;34;40mvalidate/pairwise_cos_hist_bin_09_epoch[0m  |   [0;32;40m0.4489206373691559[0m   |
|     [0;34;40mvalidate/pairwise_cos_hist_bin_10[0m     |   [0;32;40m0.2961552143096924[0m   |
|  [0;34;40mvalidate/pairwise_cos_hist_bin_10_epoch[0m  |   [0;32;40m0.2961552143096924[0m   |
|     [0;34;40mvalidate/pairwise_cos_hist_bin_11[0m     |  [0;32;40m0.06286685168743134[0m   |
|  [0;34;40mvalidate/pairwise_cos_hist_bin_11_epoch[0m  |  [0;32;40m0.06286685168743134[0m   |
|     [0;34;40mvalidate/pairwise_cos_hist_bin_12[0m     |  [0;32;40m0.01828877627849579[0m   |
|  [0;34;40mvalidate/pairwise_cos_hist_bin_12_epoch[0m  |  [0;32;40m0.01828877627849579[0m   |
|     [0;34;40mvalidate/pairwise_cos_hist_bin_13[0m     |  [0;32;40m0.008933188393712044[0m  |
|  [0;34;40mvalidate/pairwise_cos_hist_bin_13_epoch[0m  |  [0;32;40m0.008933188393712044[0m  |
|     [0;34;40mvalidate/pairwise_cos_hist_bin_14[0m     |  [0;32;40m0.007199427112936974[0m  |
|  [0;34;40mvalidate/pairwise_cos_hist_bin_14_epoch[0m  |  [0;32;40m0.007199427112936974[0m  |
|     [0;34;40mvalidate/pairwise_cos_hist_bin_15[0m     |  [0;32;40m0.00642341049388051[0m   |
|  [0;34;40mvalidate/pairwise_cos_hist_bin_15_epoch[0m  |  [0;32;40m0.00642341049388051[0m   |
|     [0;34;40mvalidate/pairwise_cos_hist_bin_16[0m     |  [0;32;40m0.005831466987729073[0m  |
|  [0;34;40mvalidate/pairwise_cos_hist_bin_16_epoch[0m  |  [0;32;40m0.005831466987729073[0m  |
|     [0;34;40mvalidate/pairwise_cos_hist_bin_17[0m     |  [0;32;40m0.005384434480220079[0m  |
|  [0;34;40mvalidate/pairwise_cos_hist_bin_17_epoch[0m  |  [0;32;40m0.005384434480220079[0m  |
|     [0;34;40mvalidate/pairwise_cos_hist_bin_18[0m     |  [0;32;40m0.005596787668764591[0m  |
|  [0;34;40mvalidate/pairwise_cos_hist_bin_18_epoch[0m  |  [0;32;40m0.005596787668764591[0m  |
|     [0;34;40mvalidate/pairwise_cos_hist_bin_19[0m     |  [0;32;40m0.005754332058131695[0m  |
|  [0;34;40mvalidate/pairwise_cos_hist_bin_19_epoch[0m  |  [0;32;40m0.005754332058131695[0m  |
|         [0;34;40mvalidate/pairwise_cos_max[0m         |          [0;32;40m1.0[0m           |
|      [0;34;40mvalidate/pairwise_cos_max_epoch[0m      |          [0;32;40m1.0[0m           |
|         [0;34;40mvalidate/pairwise_cos_mean[0m        |  [0;32;40m0.014301024377346039[0m  |
|      [0;34;40mvalidate/pairwise_cos_mean_epoch[0m     |  [0;32;40m0.014301024377346039[0m  |
|         [0;34;40mvalidate/pairwise_cos_min[0m         |  [0;32;40m-0.3058781027793884[0m   |
|      [0;34;40mvalidate/pairwise_cos_min_epoch[0m      |  [0;32;40m-0.3058781027793884[0m   |
|         [0;34;40mvalidate/pairwise_cos_std[0m         |   [0;32;40m0.1611226350069046[0m   |
|      [0;34;40mvalidate/pairwise_cos_std_epoch[0m      |   [0;32;40m0.1611226350069046[0m   |
|          [0;34;40mvalidate/pred_latent_mse[0m         |  [0;32;40m0.03359723091125488[0m   |
|       [0;34;40mvalidate/pred_latent_mse_epoch[0m      |  [0;32;40m0.03359723091125488[0m   |
|             [0;34;40mvalidate/pred_loss[0m            |  [0;32;40m0.03359723091125488[0m   |
|          [0;34;40mvalidate/pred_loss_epoch[0m         |  [0;32;40m0.03359723091125488[0m   |
|    [0;34;40mvalidate/predictor_mode_is_residual[0m    |          [0;32;40m1.0[0m           |
| [0;34;40mvalidate/predictor_mode_is_residual_epoch[0m |          [0;32;40m1.0[0m           |
|            [0;34;40mvalidate/sigreg_loss[0m           |   [0;32;40m2.5862784385681152[0m   |
|         [0;34;40mvalidate/sigreg_loss_epoch[0m        |   [0;32;40m2.5862784385681152[0m   |
|         [0;34;40mvalidate/target_delta_norm[0m        |   [0;32;40m7.384647846221924[0m    |
|      [0;34;40mvalidate/target_delta_norm_epoch[0m     |   [0;32;40m7.384647846221924[0m    |
+-------------------------------------------+------------------------+
21:39:53 | INFO  | utils.py    | 📦📦📦 Model saved to /data1/Johnny/challenge/wrf/homework/outputs/stable-wm/checkpoints/lewm_residual_reacher_15/weights_epoch_13.pt 📦📦📦
[Epoch 12/15] done in 1891.0s
21:39:53 | INFO  | checkpoint_~|   Checking for non PyTorch modules to save
21:39:53 | INFO  | atomic_chec~| [atomic_save] → /data1/Johnny/challenge/wrf/homework/outputs/home/.cache/stable-pretraining/runs/20260715/145800/ee58f199d257/checkpoints/epoch=12-step=20787.ckpt
21:39:54 | INFO  | atomic_chec~| [atomic_save] ✓ epoch=12-step=20787.ckpt saved (206.8 MiB, serialise=0.33s write=0.19s rename=0.1ms)
21:39:54 | INFO  | checkpoint_~|   Checking for non PyTorch modules to save
21:39:54 | INFO  | atomic_chec~| [atomic_save] → /data1/Johnny/challenge/wrf/homework/outputs/home/.cache/stable-pretraining/runs/20260715/145800/ee58f199d257/checkpoints/last.ckpt
21:39:55 | INFO  | atomic_chec~| [atomic_save] ✓ last.ckpt saved (206.8 MiB, serialise=0.34s write=0.23s rename=26.0ms)
[Epoch 13/15] step 50/1599 (0.7 it/s)
[Epoch 13/15] step 50/1599 (0.7 it/s)
[Epoch 13/15] step 50/1599 (0.7 it/s)
[Epoch 13/15] step 50/1599 (0.7 it/s)
[Epoch 13/15] step 50/1599 (0.7 it/s)
[Epoch 13/15] step 50/1599 (0.7 it/s)
[Epoch 13/15] step 50/1599 (0.7 it/s)
[Epoch 13/15] step 50/1599 (0.7 it/s)
[Epoch 13/15] step 100/1599 (0.8 it/s)
[Epoch 13/15] step 100/1599 (0.8 it/s)
[Epoch 13/15] step 100/1599 (0.8 it/s)
[Epoch 13/15] step 100/1599 (0.8 it/s)
[Epoch 13/15] step 100/1599 (0.8 it/s)
[Epoch 13/15] step 100/1599 (0.8 it/s)
[Epoch 13/15] step 100/1599 (0.8 it/s)
[Epoch 13/15] step 100/1599 (0.8 it/s)
[Epoch 13/15] step 150/1599 (0.9 it/s)
[Epoch 13/15] step 150/1599 (0.9 it/s)
[Epoch 13/15] step 150/1599 (0.9 it/s)
[Epoch 13/15] step 150/1599 (0.9 it/s)
[Epoch 13/15] step 150/1599 (0.9 it/s)
[Epoch 13/15] step 150/1599 (0.9 it/s)
[Epoch 13/15] step 150/1599 (0.9 it/s)
[Epoch 13/15] step 150/1599 (0.9 it/s)
[Epoch 13/15] step 200/1599 (0.9 it/s)
[Epoch 13/15] step 200/1599 (0.9 it/s)
[Epoch 13/15] step 200/1599 (0.9 it/s)
[Epoch 13/15] step 200/1599 (0.9 it/s)
[Epoch 13/15] step 200/1599 (0.9 it/s)
[Epoch 13/15] step 200/1599 (0.9 it/s)
[Epoch 13/15] step 200/1599 (0.9 it/s)
[Epoch 13/15] step 200/1599 (0.9 it/s)
[Epoch 13/15] step 250/1599 (0.9 it/s)
[Epoch 13/15] step 250/1599 (0.9 it/s)
[Epoch 13/15] step 250/1599 (0.9 it/s)
[Epoch 13/15] step 250/1599 (0.9 it/s)
[Epoch 13/15] step 250/1599 (0.9 it/s)
[Epoch 13/15] step 250/1599 (0.9 it/s)
[Epoch 13/15] step 250/1599 (0.9 it/s)
[Epoch 13/15] step 250/1599 (0.9 it/s)
[Epoch 13/15] step 300/1599 (0.9 it/s)
[Epoch 13/15] step 300/1599 (0.9 it/s)
[Epoch 13/15] step 300/1599 (0.9 it/s)
[Epoch 13/15] step 300/1599 (0.9 it/s)
[Epoch 13/15] step 300/1599 (0.9 it/s)
[Epoch 13/15] step 300/1599 (0.9 it/s)
[Epoch 13/15] step 300/1599 (0.9 it/s)
[Epoch 13/15] step 300/1599 (0.9 it/s)
[Epoch 13/15] step 350/1599 (0.9 it/s)
[Epoch 13/15] step 350/1599 (0.9 it/s)
[Epoch 13/15] step 350/1599 (0.9 it/s)
[Epoch 13/15] step 350/1599 (0.9 it/s)
[Epoch 13/15] step 350/1599 (0.9 it/s)
[Epoch 13/15] step 350/1599 (0.9 it/s)
[Epoch 13/15] step 350/1599 (0.9 it/s)
[Epoch 13/15] step 350/1599 (0.9 it/s)
[Epoch 13/15] step 400/1599 (0.9 it/s)
[Epoch 13/15] step 400/1599 (0.9 it/s)
[Epoch 13/15] step 400/1599 (0.9 it/s)
[Epoch 13/15] step 400/1599 (0.9 it/s)
[Epoch 13/15] step 400/1599 (0.9 it/s)
[Epoch 13/15] step 400/1599 (0.9 it/s)
[Epoch 13/15] step 400/1599 (0.9 it/s)
[Epoch 13/15] step 400/1599 (0.9 it/s)
[Epoch 13/15] step 450/1599 (0.9 it/s)
[Epoch 13/15] step 450/1599 (0.9 it/s)
[Epoch 13/15] step 450/1599 (0.9 it/s)
[Epoch 13/15] step 450/1599 (0.9 it/s)
[Epoch 13/15] step 450/1599 (0.9 it/s)
[Epoch 13/15] step 450/1599 (0.9 it/s)
[Epoch 13/15] step 450/1599 (0.9 it/s)
[Epoch 13/15] step 450/1599 (0.9 it/s)
[Epoch 13/15] step 500/1599 (0.9 it/s)
[Epoch 13/15] step 500/1599 (0.9 it/s)
[Epoch 13/15] step 500/1599 (0.9 it/s)
[Epoch 13/15] step 500/1599 (0.9 it/s)
[Epoch 13/15] step 500/1599 (0.9 it/s)
[Epoch 13/15] step 500/1599 (0.9 it/s)
[Epoch 13/15] step 500/1599 (0.9 it/s)
[Epoch 13/15] step 500/1599 (0.9 it/s)
[Epoch 13/15] step 550/1599 (0.9 it/s)
[Epoch 13/15] step 550/1599 (0.9 it/s)
[Epoch 13/15] step 550/1599 (0.9 it/s)
[Epoch 13/15] step 550/1599 (0.9 it/s)
[Epoch 13/15] step 550/1599 (0.9 it/s)
[Epoch 13/15] step 550/1599 (0.9 it/s)
[Epoch 13/15] step 550/1599 (0.9 it/s)
[Epoch 13/15] step 550/1599 (0.9 it/s)
[Epoch 13/15] step 600/1599 (0.9 it/s)
[Epoch 13/15] step 600/1599 (0.9 it/s)
[Epoch 13/15] step 600/1599 (0.9 it/s)
[Epoch 13/15] step 600/1599 (0.9 it/s)
[Epoch 13/15] step 600/1599 (0.9 it/s)
[Epoch 13/15] step 600/1599 (0.9 it/s)
[Epoch 13/15] step 600/1599 (0.9 it/s)
[Epoch 13/15] step 600/1599 (0.9 it/s)
[Epoch 13/15] step 650/1599 (0.9 it/s)
[Epoch 13/15] step 650/1599 (0.9 it/s)
[Epoch 13/15] step 650/1599 (0.9 it/s)
[Epoch 13/15] step 650/1599 (0.9 it/s)
[Epoch 13/15] step 650/1599 (0.9 it/s)
[Epoch 13/15] step 650/1599 (0.9 it/s)
[Epoch 13/15] step 650/1599 (0.9 it/s)
[Epoch 13/15] step 650/1599 (0.9 it/s)
[Epoch 13/15] step 700/1599 (0.9 it/s)
[Epoch 13/15] step 700/1599 (0.9 it/s)
[Epoch 13/15] step 700/1599 (0.9 it/s)
[Epoch 13/15] step 700/1599 (0.9 it/s)
[Epoch 13/15] step 700/1599 (0.9 it/s)
[Epoch 13/15] step 700/1599 (0.9 it/s)
[Epoch 13/15] step 700/1599 (0.9 it/s)
[Epoch 13/15] step 700/1599 (0.9 it/s)
[Epoch 13/15] step 750/1599 (0.9 it/s)
[Epoch 13/15] step 750/1599 (0.9 it/s)
[Epoch 13/15] step 750/1599 (0.9 it/s)
[Epoch 13/15] step 750/1599 (0.9 it/s)
[Epoch 13/15] step 750/1599 (0.9 it/s)
[Epoch 13/15] step 750/1599 (0.9 it/s)
[Epoch 13/15] step 750/1599 (0.9 it/s)
[Epoch 13/15] step 750/1599 (0.9 it/s)
[Epoch 13/15] step 800/1599 (0.9 it/s)
[Epoch 13/15] step 800/1599 (0.9 it/s)
[Epoch 13/15] step 800/1599 (0.9 it/s)
[Epoch 13/15] step 800/1599 (0.9 it/s)
[Epoch 13/15] step 800/1599 (0.9 it/s)
[Epoch 13/15] step 800/1599 (0.9 it/s)
[Epoch 13/15] step 800/1599 (0.9 it/s)
[Epoch 13/15] step 800/1599 (0.9 it/s)
[Epoch 13/15] step 850/1599 (0.9 it/s)
[Epoch 13/15] step 850/1599 (0.9 it/s)
[Epoch 13/15] step 850/1599 (0.9 it/s)
[Epoch 13/15] step 850/1599 (0.9 it/s)
[Epoch 13/15] step 850/1599 (0.9 it/s)
[Epoch 13/15] step 850/1599 (0.9 it/s)
[Epoch 13/15] step 850/1599 (0.9 it/s)
[Epoch 13/15] step 850/1599 (0.9 it/s)
[Epoch 13/15] step 900/1599 (0.9 it/s)
[Epoch 13/15] step 900/1599 (0.9 it/s)
[Epoch 13/15] step 900/1599 (0.9 it/s)
[Epoch 13/15] step 900/1599 (0.9 it/s)
[Epoch 13/15] step 900/1599 (0.9 it/s)
[Epoch 13/15] step 900/1599 (0.9 it/s)
[Epoch 13/15] step 900/1599 (0.9 it/s)
[Epoch 13/15] step 900/1599 (0.9 it/s)
[Epoch 13/15] step 950/1599 (0.9 it/s)
[Epoch 13/15] step 950/1599 (0.9 it/s)
[Epoch 13/15] step 950/1599 (0.9 it/s)
[Epoch 13/15] step 950/1599 (0.9 it/s)
[Epoch 13/15] step 950/1599 (0.9 it/s)
[Epoch 13/15] step 950/1599 (0.9 it/s)
[Epoch 13/15] step 950/1599 (0.9 it/s)
[Epoch 13/15] step 950/1599 (0.9 it/s)
[Epoch 13/15] step 1000/1599 (0.9 it/s)
[Epoch 13/15] step 1000/1599 (0.9 it/s)
[Epoch 13/15] step 1000/1599 (0.9 it/s)
[Epoch 13/15] step 1000/1599 (0.9 it/s)
[Epoch 13/15] step 1000/1599 (0.9 it/s)
[Epoch 13/15] step 1000/1599 (0.9 it/s)
[Epoch 13/15] step 1000/1599 (0.9 it/s)
[Epoch 13/15] step 1000/1599 (0.9 it/s)
[Epoch 13/15] step 1050/1599 (0.9 it/s)
[Epoch 13/15] step 1050/1599 (0.9 it/s)
[Epoch 13/15] step 1050/1599 (0.9 it/s)
[Epoch 13/15] step 1050/1599 (0.9 it/s)
[Epoch 13/15] step 1050/1599 (0.9 it/s)
[Epoch 13/15] step 1050/1599 (0.9 it/s)
[Epoch 13/15] step 1050/1599 (0.9 it/s)
[Epoch 13/15] step 1050/1599 (0.9 it/s)
[Epoch 13/15] step 1100/1599 (0.9 it/s)
[Epoch 13/15] step 1100/1599 (0.9 it/s)
[Epoch 13/15] step 1100/1599 (0.9 it/s)
[Epoch 13/15] step 1100/1599 (0.9 it/s)
[Epoch 13/15] step 1100/1599 (0.9 it/s)
[Epoch 13/15] step 1100/1599 (0.9 it/s)
[Epoch 13/15] step 1100/1599 (0.9 it/s)
[Epoch 13/15] step 1100/1599 (0.9 it/s)
[Epoch 13/15] step 1150/1599 (0.9 it/s)
[Epoch 13/15] step 1150/1599 (0.9 it/s)
[Epoch 13/15] step 1150/1599 (0.9 it/s)
[Epoch 13/15] step 1150/1599 (0.9 it/s)
[Epoch 13/15] step 1150/1599 (0.9 it/s)
[Epoch 13/15] step 1150/1599 (0.9 it/s)
[Epoch 13/15] step 1150/1599 (0.9 it/s)
[Epoch 13/15] step 1150/1599 (0.9 it/s)
[Epoch 13/15] step 1200/1599 (0.9 it/s)
[Epoch 13/15] step 1200/1599 (0.9 it/s)
[Epoch 13/15] step 1200/1599 (0.9 it/s)
[Epoch 13/15] step 1200/1599 (0.9 it/s)
[Epoch 13/15] step 1200/1599 (0.9 it/s)
[Epoch 13/15] step 1200/1599 (0.9 it/s)
[Epoch 13/15] step 1200/1599 (0.9 it/s)
[Epoch 13/15] step 1200/1599 (0.9 it/s)
[Epoch 13/15] step 1250/1599 (0.9 it/s)
[Epoch 13/15] step 1250/1599 (0.9 it/s)
[Epoch 13/15] step 1250/1599 (0.9 it/s)
[Epoch 13/15] step 1250/1599 (0.9 it/s)
[Epoch 13/15] step 1250/1599 (0.9 it/s)
[Epoch 13/15] step 1250/1599 (0.9 it/s)
[Epoch 13/15] step 1250/1599 (0.9 it/s)
[Epoch 13/15] step 1250/1599 (0.9 it/s)
[Epoch 13/15] step 1300/1599 (0.9 it/s)
[Epoch 13/15] step 1300/1599 (0.9 it/s)
[Epoch 13/15] step 1300/1599 (0.9 it/s)
[Epoch 13/15] step 1300/1599 (0.9 it/s)
[Epoch 13/15] step 1300/1599 (0.9 it/s)
[Epoch 13/15] step 1300/1599 (0.9 it/s)
[Epoch 13/15] step 1300/1599 (0.9 it/s)
[Epoch 13/15] step 1300/1599 (0.9 it/s)
[Epoch 13/15] step 1350/1599 (0.9 it/s)
[Epoch 13/15] step 1350/1599 (0.9 it/s)
[Epoch 13/15] step 1350/1599 (0.9 it/s)
[Epoch 13/15] step 1350/1599 (0.9 it/s)
[Epoch 13/15] step 1350/1599 (0.9 it/s)
[Epoch 13/15] step 1350/1599 (0.9 it/s)
[Epoch 13/15] step 1350/1599 (0.9 it/s)
[Epoch 13/15] step 1350/1599 (0.9 it/s)
[Epoch 13/15] step 1400/1599 (0.9 it/s)
[Epoch 13/15] step 1400/1599 (0.9 it/s)
[Epoch 13/15] step 1400/1599 (0.9 it/s)
[Epoch 13/15] step 1400/1599 (0.9 it/s)
[Epoch 13/15] step 1400/1599 (0.9 it/s)
[Epoch 13/15] step 1400/1599 (0.9 it/s)
[Epoch 13/15] step 1400/1599 (0.9 it/s)
[Epoch 13/15] step 1400/1599 (0.9 it/s)
[Epoch 13/15] step 1450/1599 (0.9 it/s)
[Epoch 13/15] step 1450/1599 (0.9 it/s)
[Epoch 13/15] step 1450/1599 (0.9 it/s)
[Epoch 13/15] step 1450/1599 (0.9 it/s)
[Epoch 13/15] step 1450/1599 (0.9 it/s)
[Epoch 13/15] step 1450/1599 (0.9 it/s)
[Epoch 13/15] step 1450/1599 (0.9 it/s)
[Epoch 13/15] step 1450/1599 (0.9 it/s)
[Epoch 13/15] step 1500/1599 (0.9 it/s)
[Epoch 13/15] step 1500/1599 (0.9 it/s)
[Epoch 13/15] step 1500/1599 (0.9 it/s)
[Epoch 13/15] step 1500/1599 (0.9 it/s)
[Epoch 13/15] step 1500/1599 (0.9 it/s)
[Epoch 13/15] step 1500/1599 (0.9 it/s)
[Epoch 13/15] step 1500/1599 (0.9 it/s)
[Epoch 13/15] step 1500/1599 (0.9 it/s)
[Epoch 13/15] step 1550/1599 (0.9 it/s)
[Epoch 13/15] step 1550/1599 (0.9 it/s)
[Epoch 13/15] step 1550/1599 (0.9 it/s)
[Epoch 13/15] step 1550/1599 (0.9 it/s)
[Epoch 13/15] step 1550/1599 (0.9 it/s)
[Epoch 13/15] step 1550/1599 (0.9 it/s)
[Epoch 13/15] step 1550/1599 (0.9 it/s)
[Epoch 13/15] step 1550/1599 (0.9 it/s)
[Epoch 13/15] done in 1883.0s
[Epoch 13/15] done in 1883.0s
[Epoch 13/15] done in 1883.0s
[Epoch 13/15] done in 1883.0s
[Epoch 13/15] done in 1883.0s
[Epoch 13/15] done in 1883.0s
[Epoch 13/15] done in 1883.0s
22:11:18 | INFO  | trainer_inf~| \n+-------------------------------------------+------------------------+
|                   Metric                  |         Value          |
+-------------------------------------------+------------------------+
|            [0;34;40mfit/active_dim_count[0m           |         [0;32;40m192.0[0m          |
|               [0;34;40mfit/delta_cos[0m               |   [0;32;40m0.9071171879768372[0m   |
|               [0;34;40mfit/delta_norm[0m              |   [0;32;40m7.093420505523682[0m    |
|              [0;34;40mfit/latent_mean[0m              | [0;32;40m0.00026243325555697083[0m |
|              [0;34;40mfit/latent_norm[0m              |   [0;32;40m13.519603729248047[0m   |
|               [0;34;40mfit/latent_std[0m              |   [0;32;40m0.9785259366035461[0m   |
|            [0;34;40mfit/learning_rate_0[0m            | [0;32;40m5.573211296905356e-07[0m  |
|                  [0;34;40mfit/loss[0m                 |  [0;32;40m0.16975635290145874[0m   |
|            [0;34;40mfit/loss_future_cos[0m            |  [0;32;40m0.016756415367126465[0m  |
|             [0;34;40mfit/loss_future_l1[0m            |      [0;32;40m0.1142578125[0m      |
|                [0;34;40mfit/loss_mse[0m               |  [0;32;40m0.03132861852645874[0m   |
|          [0;34;40mfit/loss_mse_horizon_01[0m          |  [0;32;40m0.07566509395837784[0m   |
|          [0;34;40mfit/loss_mse_horizon_02[0m          |  [0;32;40m0.009265336208045483[0m  |
|          [0;34;40mfit/loss_mse_horizon_03[0m          |  [0;32;40m0.00905542355030775[0m   |
|               [0;34;40mfit/loss_total[0m              |  [0;32;40m0.16975635290145874[0m   |
|        [0;34;40mfit/pairwise_cos_hist_bin_00[0m       |          [0;32;40m0.0[0m           |
|        [0;34;40mfit/pairwise_cos_hist_bin_01[0m       |          [0;32;40m0.0[0m           |
|        [0;34;40mfit/pairwise_cos_hist_bin_02[0m       |          [0;32;40m0.0[0m           |
|        [0;34;40mfit/pairwise_cos_hist_bin_03[0m       |          [0;32;40m0.0[0m           |
|        [0;34;40mfit/pairwise_cos_hist_bin_04[0m       |          [0;32;40m0.0[0m           |
|        [0;34;40mfit/pairwise_cos_hist_bin_05[0m       |          [0;32;40m0.0[0m           |
|        [0;34;40mfit/pairwise_cos_hist_bin_06[0m       | [0;32;40m3.1532839784631506e-05[0m |
|        [0;34;40mfit/pairwise_cos_hist_bin_07[0m       |  [0;32;40m0.014311132952570915[0m  |
|        [0;34;40mfit/pairwise_cos_hist_bin_08[0m       |   [0;32;40m0.151820108294487[0m    |
|        [0;34;40mfit/pairwise_cos_hist_bin_09[0m       |   [0;32;40m0.4799661338329315[0m   |
|        [0;34;40mfit/pairwise_cos_hist_bin_10[0m       |   [0;32;40m0.2567872107028961[0m   |
|        [0;34;40mfit/pairwise_cos_hist_bin_11[0m       |  [0;32;40m0.04263049364089966[0m   |
|        [0;34;40mfit/pairwise_cos_hist_bin_12[0m       |  [0;32;40m0.012582557275891304[0m  |
|        [0;34;40mfit/pairwise_cos_hist_bin_13[0m       |  [0;32;40m0.008038963191211224[0m  |
|        [0;34;40mfit/pairwise_cos_hist_bin_14[0m       |  [0;32;40m0.006635274272412062[0m  |
|        [0;34;40mfit/pairwise_cos_hist_bin_15[0m       |  [0;32;40m0.006086793262511492[0m  |
|        [0;34;40mfit/pairwise_cos_hist_bin_16[0m       | [0;32;40m0.0055086915381252766[0m  |
|        [0;34;40mfit/pairwise_cos_hist_bin_17[0m       |  [0;32;40m0.00508252065628767[0m   |
|        [0;34;40mfit/pairwise_cos_hist_bin_18[0m       |  [0;32;40m0.005136030726134777[0m  |
|        [0;34;40mfit/pairwise_cos_hist_bin_19[0m       |  [0;32;40m0.005382560659199953[0m  |
|            [0;34;40mfit/pairwise_cos_max[0m           |          [0;32;40m1.0[0m           |
|           [0;34;40mfit/pairwise_cos_mean[0m           | [0;32;40m-0.0018243789672851562[0m |
|            [0;34;40mfit/pairwise_cos_min[0m           |    [0;32;40m-0.307861328125[0m     |
|            [0;34;40mfit/pairwise_cos_std[0m           |    [0;32;40m0.1583251953125[0m     |
|            [0;34;40mfit/pred_latent_mse[0m            |  [0;32;40m0.03132861852645874[0m   |
|               [0;34;40mfit/pred_loss[0m               |  [0;32;40m0.03132861852645874[0m   |
|       [0;34;40mfit/predictor_mode_is_residual[0m      |          [0;32;40m1.0[0m           |
|            [0;34;40mfit/samples_per_sec[0m            |   [0;32;40m1305.694091796875[0m    |
|              [0;34;40mfit/sigreg_loss[0m              |      [0;32;40m1.537109375[0m       |
|           [0;34;40mfit/target_delta_norm[0m           |   [0;32;40m7.421163558959961[0m    |
|            [0;34;40mhardware/cpu_percent[0m           |   [0;32;40m47.20000076293945[0m    |
|          [0;34;40mhardware/disk_read_mb_s[0m          |          [0;32;40m0.0[0m           |
|          [0;34;40mhardware/disk_write_mb_s[0m         |  [0;32;40m0.13780254125595093[0m   |
|           [0;34;40mhardware/net_recv_mb_s[0m          |  [0;32;40m0.004467111546546221[0m  |
|           [0;34;40mhardware/net_sent_mb_s[0m          |  [0;32;40m0.003747737966477871[0m  |
|            [0;34;40mhardware/ram_used_gb[0m           |    [0;32;40m531.455322265625[0m    |
|           [0;34;40mhardware/ram_used_pct[0m           |   [0;32;40m28.399999618530273[0m   |
|            [0;34;40mhparams/lr_default_0[0m           | [0;32;40m5.573211296905356e-07[0m  |
|         [0;34;40mvalidate/active_dim_count[0m         |         [0;32;40m192.0[0m          |
|      [0;34;40mvalidate/active_dim_count_epoch[0m      |         [0;32;40m192.0[0m          |
|             [0;34;40mvalidate/delta_cos[0m            |   [0;32;40m0.9311951398849487[0m   |
|          [0;34;40mvalidate/delta_cos_epoch[0m         |   [0;32;40m0.9311951398849487[0m   |
|            [0;34;40mvalidate/delta_norm[0m            |   [0;32;40m7.182097434997559[0m    |
|         [0;34;40mvalidate/delta_norm_epoch[0m         |   [0;32;40m7.182097434997559[0m    |
|            [0;34;40mvalidate/latent_mean[0m           | [0;32;40m-0.0017235428094863892[0m |
|         [0;34;40mvalidate/latent_mean_epoch[0m        | [0;32;40m-0.0017235428094863892[0m |
|            [0;34;40mvalidate/latent_norm[0m           |   [0;32;40m13.653678894042969[0m   |
|         [0;34;40mvalidate/latent_norm_epoch[0m        |   [0;32;40m13.653678894042969[0m   |
|            [0;34;40mvalidate/latent_std[0m            |   [0;32;40m0.9875032901763916[0m   |
|         [0;34;40mvalidate/latent_std_epoch[0m         |   [0;32;40m0.9875032901763916[0m   |
|               [0;34;40mvalidate/loss[0m               |  [0;32;40m0.20085304975509644[0m   |
|            [0;34;40mvalidate/loss_epoch[0m            |  [0;32;40m0.20085304975509644[0m   |
|          [0;34;40mvalidate/loss_future_cos[0m         |  [0;32;40m0.013998406007885933[0m  |
|       [0;34;40mvalidate/loss_future_cos_epoch[0m      |  [0;32;40m0.013998406007885933[0m  |
|          [0;34;40mvalidate/loss_future_l1[0m          |  [0;32;40m0.09430032968521118[0m   |
|       [0;34;40mvalidate/loss_future_l1_epoch[0m       |  [0;32;40m0.09430032968521118[0m   |
|             [0;34;40mvalidate/loss_mse[0m             |  [0;32;40m0.02634880132973194[0m   |
|          [0;34;40mvalidate/loss_mse_epoch[0m          |  [0;32;40m0.02634880132973194[0m   |
|        [0;34;40mvalidate/loss_mse_horizon_01[0m       |  [0;32;40m0.07101009786128998[0m   |
|     [0;34;40mvalidate/loss_mse_horizon_01_epoch[0m    |  [0;32;40m0.07101009786128998[0m   |
|        [0;34;40mvalidate/loss_mse_horizon_02[0m       |  [0;32;40m0.004042803309857845[0m  |
|     [0;34;40mvalidate/loss_mse_horizon_02_epoch[0m    |  [0;32;40m0.004042803309857845[0m  |
|        [0;34;40mvalidate/loss_mse_horizon_03[0m       |  [0;32;40m0.003993497230112553[0m  |
|     [0;34;40mvalidate/loss_mse_horizon_03_epoch[0m    |  [0;32;40m0.003993497230112553[0m  |
|            [0;34;40mvalidate/loss_total[0m            |  [0;32;40m0.20085304975509644[0m   |
|         [0;34;40mvalidate/loss_total_epoch[0m         |  [0;32;40m0.20085304975509644[0m   |
|     [0;34;40mvalidate/pairwise_cos_hist_bin_00[0m     |          [0;32;40m0.0[0m           |
|  [0;34;40mvalidate/pairwise_cos_hist_bin_00_epoch[0m  |          [0;32;40m0.0[0m           |
|     [0;34;40mvalidate/pairwise_cos_hist_bin_01[0m     |          [0;32;40m0.0[0m           |
|  [0;34;40mvalidate/pairwise_cos_hist_bin_01_epoch[0m  |          [0;32;40m0.0[0m           |
|     [0;34;40mvalidate/pairwise_cos_hist_bin_02[0m     |          [0;32;40m0.0[0m           |
|  [0;34;40mvalidate/pairwise_cos_hist_bin_02_epoch[0m  |          [0;32;40m0.0[0m           |
|     [0;34;40mvalidate/pairwise_cos_hist_bin_03[0m     |          [0;32;40m0.0[0m           |
|  [0;34;40mvalidate/pairwise_cos_hist_bin_03_epoch[0m  |          [0;32;40m0.0[0m           |
|     [0;34;40mvalidate/pairwise_cos_hist_bin_04[0m     |          [0;32;40m0.0[0m           |
|  [0;34;40mvalidate/pairwise_cos_hist_bin_04_epoch[0m  |          [0;32;40m0.0[0m           |
|     [0;34;40mvalidate/pairwise_cos_hist_bin_05[0m     |          [0;32;40m0.0[0m           |
|  [0;34;40mvalidate/pairwise_cos_hist_bin_05_epoch[0m  |          [0;32;40m0.0[0m           |
|     [0;34;40mvalidate/pairwise_cos_hist_bin_06[0m     | [0;32;40m2.494570026101428e-06[0m  |
|  [0;34;40mvalidate/pairwise_cos_hist_bin_06_epoch[0m  | [0;32;40m2.494570026101428e-06[0m  |
|     [0;34;40mvalidate/pairwise_cos_hist_bin_07[0m     |  [0;32;40m0.011053602211177349[0m  |
|  [0;34;40mvalidate/pairwise_cos_hist_bin_07_epoch[0m  |  [0;32;40m0.011053602211177349[0m  |
|     [0;34;40mvalidate/pairwise_cos_hist_bin_08[0m     |   [0;32;40m0.1321929693222046[0m   |
|  [0;34;40mvalidate/pairwise_cos_hist_bin_08_epoch[0m  |   [0;32;40m0.1321929693222046[0m   |
|     [0;34;40mvalidate/pairwise_cos_hist_bin_09[0m     |   [0;32;40m0.4789636433124542[0m   |
|  [0;34;40mvalidate/pairwise_cos_hist_bin_09_epoch[0m  |   [0;32;40m0.4789636433124542[0m   |
|     [0;34;40mvalidate/pairwise_cos_hist_bin_10[0m     |  [0;32;40m0.27546223998069763[0m   |
|  [0;34;40mvalidate/pairwise_cos_hist_bin_10_epoch[0m  |  [0;32;40m0.27546223998069763[0m   |
|     [0;34;40mvalidate/pairwise_cos_hist_bin_11[0m     |  [0;32;40m0.045726433396339417[0m  |
|  [0;34;40mvalidate/pairwise_cos_hist_bin_11_epoch[0m  |  [0;32;40m0.045726433396339417[0m  |
|     [0;34;40mvalidate/pairwise_cos_hist_bin_12[0m     |  [0;32;40m0.013228393159806728[0m  |
|  [0;34;40mvalidate/pairwise_cos_hist_bin_12_epoch[0m  |  [0;32;40m0.013228393159806728[0m  |
|     [0;34;40mvalidate/pairwise_cos_hist_bin_13[0m     |  [0;32;40m0.008193268440663815[0m  |
|  [0;34;40mvalidate/pairwise_cos_hist_bin_13_epoch[0m  |  [0;32;40m0.008193268440663815[0m  |
|     [0;34;40mvalidate/pairwise_cos_hist_bin_14[0m     |  [0;32;40m0.006939317565411329[0m  |
|  [0;34;40mvalidate/pairwise_cos_hist_bin_14_epoch[0m  |  [0;32;40m0.006939317565411329[0m  |
|     [0;34;40mvalidate/pairwise_cos_hist_bin_15[0m     |  [0;32;40m0.006222960539162159[0m  |
|  [0;34;40mvalidate/pairwise_cos_hist_bin_15_epoch[0m  |  [0;32;40m0.006222960539162159[0m  |
|     [0;34;40mvalidate/pairwise_cos_hist_bin_16[0m     |  [0;32;40m0.005676295608282089[0m  |
|  [0;34;40mvalidate/pairwise_cos_hist_bin_16_epoch[0m  |  [0;32;40m0.005676295608282089[0m  |
|     [0;34;40mvalidate/pairwise_cos_hist_bin_17[0m     |  [0;32;40m0.005249540787190199[0m  |
|  [0;34;40mvalidate/pairwise_cos_hist_bin_17_epoch[0m  |  [0;32;40m0.005249540787190199[0m  |
|     [0;34;40mvalidate/pairwise_cos_hist_bin_18[0m     |  [0;32;40m0.005473125260323286[0m  |
|  [0;34;40mvalidate/pairwise_cos_hist_bin_18_epoch[0m  |  [0;32;40m0.005473125260323286[0m  |
|     [0;34;40mvalidate/pairwise_cos_hist_bin_19[0m     |  [0;32;40m0.005615720525383949[0m  |
|  [0;34;40mvalidate/pairwise_cos_hist_bin_19_epoch[0m  |  [0;32;40m0.005615720525383949[0m  |
|         [0;34;40mvalidate/pairwise_cos_max[0m         |          [0;32;40m1.0[0m           |
|      [0;34;40mvalidate/pairwise_cos_max_epoch[0m      |          [0;32;40m1.0[0m           |
|         [0;34;40mvalidate/pairwise_cos_mean[0m        |  [0;32;40m0.004642483778297901[0m  |
|      [0;34;40mvalidate/pairwise_cos_mean_epoch[0m     |  [0;32;40m0.004642483778297901[0m  |
|         [0;34;40mvalidate/pairwise_cos_min[0m         |   [0;32;40m-0.292260080575943[0m   |
|      [0;34;40mvalidate/pairwise_cos_min_epoch[0m      |   [0;32;40m-0.292260080575943[0m   |
|         [0;34;40mvalidate/pairwise_cos_std[0m         |  [0;32;40m0.15902312099933624[0m   |
|      [0;34;40mvalidate/pairwise_cos_std_epoch[0m      |  [0;32;40m0.15902312099933624[0m   |
|          [0;34;40mvalidate/pred_latent_mse[0m         |  [0;32;40m0.02634880132973194[0m   |
|       [0;34;40mvalidate/pred_latent_mse_epoch[0m      |  [0;32;40m0.02634880132973194[0m   |
|             [0;34;40mvalidate/pred_loss[0m            |  [0;32;40m0.02634880132973194[0m   |
|          [0;34;40mvalidate/pred_loss_epoch[0m         |  [0;32;40m0.02634880132973194[0m   |
|    [0;34;40mvalidate/predictor_mode_is_residual[0m    |          [0;32;40m1.0[0m           |
| [0;34;40mvalidate/predictor_mode_is_residual_epoch[0m |          [0;32;40m1.0[0m           |
|            [0;34;40mvalidate/sigreg_loss[0m           |   [0;32;40m1.9388632774353027[0m   |
|         [0;34;40mvalidate/sigreg_loss_epoch[0m        |   [0;32;40m1.9388632774353027[0m   |
|         [0;34;40mvalidate/target_delta_norm[0m        |   [0;32;40m7.392642021179199[0m    |
|      [0;34;40mvalidate/target_delta_norm_epoch[0m     |   [0;32;40m7.392642021179199[0m    |
+-------------------------------------------+------------------------+
22:11:18 | INFO  | utils.py    | 📦📦📦 Model saved to /data1/Johnny/challenge/wrf/homework/outputs/stable-wm/checkpoints/lewm_residual_reacher_15/weights_epoch_14.pt 📦📦📦
[Epoch 13/15] done in 1883.2s
22:11:18 | INFO  | checkpoint_~|   Checking for non PyTorch modules to save
22:11:18 | INFO  | atomic_chec~| [atomic_save] → /data1/Johnny/challenge/wrf/homework/outputs/home/.cache/stable-pretraining/runs/20260715/145800/ee58f199d257/checkpoints/epoch=13-step=22386.ckpt
22:11:18 | INFO  | atomic_chec~| [atomic_save] ✓ epoch=13-step=22386.ckpt saved (206.8 MiB, serialise=0.37s write=0.21s rename=0.1ms)
22:11:18 | INFO  | checkpoint_~|   Checking for non PyTorch modules to save
22:11:18 | INFO  | atomic_chec~| [atomic_save] → /data1/Johnny/challenge/wrf/homework/outputs/home/.cache/stable-pretraining/runs/20260715/145800/ee58f199d257/checkpoints/last.ckpt
22:11:19 | INFO  | atomic_chec~| [atomic_save] ✓ last.ckpt saved (206.8 MiB, serialise=0.37s write=0.23s rename=22.1ms)
[Epoch 14/15] step 50/1599 (0.8 it/s)
[Epoch 14/15] step 50/1599 (0.8 it/s)
[Epoch 14/15] step 50/1599 (0.8 it/s)
[Epoch 14/15] step 50/1599 (0.8 it/s)
[Epoch 14/15] step 50/1599 (0.8 it/s)
[Epoch 14/15] step 50/1599 (0.8 it/s)
[Epoch 14/15] step 50/1599 (0.8 it/s)
[Epoch 14/15] step 50/1599 (0.8 it/s)
[Epoch 14/15] step 100/1599 (0.8 it/s)
[Epoch 14/15] step 100/1599 (0.8 it/s)
[Epoch 14/15] step 100/1599 (0.8 it/s)
[Epoch 14/15] step 100/1599 (0.8 it/s)
[Epoch 14/15] step 100/1599 (0.8 it/s)
[Epoch 14/15] step 100/1599 (0.8 it/s)
[Epoch 14/15] step 100/1599 (0.8 it/s)
[Epoch 14/15] step 100/1599 (0.8 it/s)
[Epoch 14/15] step 150/1599 (0.9 it/s)
[Epoch 14/15] step 150/1599 (0.9 it/s)
[Epoch 14/15] step 150/1599 (0.9 it/s)
[Epoch 14/15] step 150/1599 (0.9 it/s)
[Epoch 14/15] step 150/1599 (0.9 it/s)
[Epoch 14/15] step 150/1599 (0.9 it/s)
[Epoch 14/15] step 150/1599 (0.9 it/s)
[Epoch 14/15] step 150/1599 (0.9 it/s)
[Epoch 14/15] step 200/1599 (0.9 it/s)
[Epoch 14/15] step 200/1599 (0.9 it/s)
[Epoch 14/15] step 200/1599 (0.9 it/s)
[Epoch 14/15] step 200/1599 (0.9 it/s)
[Epoch 14/15] step 200/1599 (0.9 it/s)
[Epoch 14/15] step 200/1599 (0.9 it/s)
[Epoch 14/15] step 200/1599 (0.9 it/s)
[Epoch 14/15] step 200/1599 (0.9 it/s)
[Epoch 14/15] step 250/1599 (0.9 it/s)
[Epoch 14/15] step 250/1599 (0.9 it/s)
[Epoch 14/15] step 250/1599 (0.9 it/s)
[Epoch 14/15] step 250/1599 (0.9 it/s)
[Epoch 14/15] step 250/1599 (0.9 it/s)
[Epoch 14/15] step 250/1599 (0.9 it/s)
[Epoch 14/15] step 250/1599 (0.9 it/s)
[Epoch 14/15] step 250/1599 (0.9 it/s)
[Epoch 14/15] step 300/1599 (0.9 it/s)
[Epoch 14/15] step 300/1599 (0.9 it/s)
[Epoch 14/15] step 300/1599 (0.9 it/s)
[Epoch 14/15] step 300/1599 (0.9 it/s)
[Epoch 14/15] step 300/1599 (0.9 it/s)
[Epoch 14/15] step 300/1599 (0.9 it/s)
[Epoch 14/15] step 300/1599 (0.9 it/s)
[Epoch 14/15] step 300/1599 (0.9 it/s)
[Epoch 14/15] step 350/1599 (0.9 it/s)
[Epoch 14/15] step 350/1599 (0.9 it/s)
[Epoch 14/15] step 350/1599 (0.9 it/s)
[Epoch 14/15] step 350/1599 (0.9 it/s)
[Epoch 14/15] step 350/1599 (0.9 it/s)
[Epoch 14/15] step 350/1599 (0.9 it/s)
[Epoch 14/15] step 350/1599 (0.9 it/s)
[Epoch 14/15] step 350/1599 (0.9 it/s)
[Epoch 14/15] step 400/1599 (0.9 it/s)
[Epoch 14/15] step 400/1599 (0.9 it/s)
[Epoch 14/15] step 400/1599 (0.9 it/s)
[Epoch 14/15] step 400/1599 (0.9 it/s)
[Epoch 14/15] step 400/1599 (0.9 it/s)
[Epoch 14/15] step 400/1599 (0.9 it/s)
[Epoch 14/15] step 400/1599 (0.9 it/s)
[Epoch 14/15] step 400/1599 (0.9 it/s)
[Epoch 14/15] step 450/1599 (0.9 it/s)
[Epoch 14/15] step 450/1599 (0.9 it/s)
[Epoch 14/15] step 450/1599 (0.9 it/s)
[Epoch 14/15] step 450/1599 (0.9 it/s)
[Epoch 14/15] step 450/1599 (0.9 it/s)
[Epoch 14/15] step 450/1599 (0.9 it/s)
[Epoch 14/15] step 450/1599 (0.9 it/s)
[Epoch 14/15] step 450/1599 (0.9 it/s)
[Epoch 14/15] step 500/1599 (0.9 it/s)
[Epoch 14/15] step 500/1599 (0.9 it/s)
[Epoch 14/15] step 500/1599 (0.9 it/s)
[Epoch 14/15] step 500/1599 (0.9 it/s)
[Epoch 14/15] step 500/1599 (0.9 it/s)
[Epoch 14/15] step 500/1599 (0.9 it/s)
[Epoch 14/15] step 500/1599 (0.9 it/s)
[Epoch 14/15] step 500/1599 (0.9 it/s)
[Epoch 14/15] step 550/1599 (0.9 it/s)
[Epoch 14/15] step 550/1599 (0.9 it/s)
[Epoch 14/15] step 550/1599 (0.9 it/s)
[Epoch 14/15] step 550/1599 (0.9 it/s)
[Epoch 14/15] step 550/1599 (0.9 it/s)
[Epoch 14/15] step 550/1599 (0.9 it/s)
[Epoch 14/15] step 550/1599 (0.9 it/s)
[Epoch 14/15] step 550/1599 (0.9 it/s)
[Epoch 14/15] step 600/1599 (0.9 it/s)
[Epoch 14/15] step 600/1599 (0.9 it/s)
[Epoch 14/15] step 600/1599 (0.9 it/s)
[Epoch 14/15] step 600/1599 (0.9 it/s)
[Epoch 14/15] step 600/1599 (0.9 it/s)
[Epoch 14/15] step 600/1599 (0.9 it/s)
[Epoch 14/15] step 600/1599 (0.9 it/s)
[Epoch 14/15] step 600/1599 (0.9 it/s)
[Epoch 14/15] step 650/1599 (0.9 it/s)
[Epoch 14/15] step 650/1599 (0.9 it/s)
[Epoch 14/15] step 650/1599 (0.9 it/s)
[Epoch 14/15] step 650/1599 (0.9 it/s)
[Epoch 14/15] step 650/1599 (0.9 it/s)
[Epoch 14/15] step 650/1599 (0.9 it/s)
[Epoch 14/15] step 650/1599 (0.9 it/s)
[Epoch 14/15] step 650/1599 (0.9 it/s)
[Epoch 14/15] step 700/1599 (0.9 it/s)
[Epoch 14/15] step 700/1599 (0.9 it/s)
[Epoch 14/15] step 700/1599 (0.9 it/s)
[Epoch 14/15] step 700/1599 (0.9 it/s)
[Epoch 14/15] step 700/1599 (0.9 it/s)
[Epoch 14/15] step 700/1599 (0.9 it/s)
[Epoch 14/15] step 700/1599 (0.9 it/s)
[Epoch 14/15] step 700/1599 (0.9 it/s)
[Epoch 14/15] step 750/1599 (0.9 it/s)
[Epoch 14/15] step 750/1599 (0.9 it/s)
[Epoch 14/15] step 750/1599 (0.9 it/s)
[Epoch 14/15] step 750/1599 (0.9 it/s)
[Epoch 14/15] step 750/1599 (0.9 it/s)
[Epoch 14/15] step 750/1599 (0.9 it/s)
[Epoch 14/15] step 750/1599 (0.9 it/s)
[Epoch 14/15] step 750/1599 (0.9 it/s)
[Epoch 14/15] step 800/1599 (0.9 it/s)
[Epoch 14/15] step 800/1599 (0.9 it/s)
[Epoch 14/15] step 800/1599 (0.9 it/s)
[Epoch 14/15] step 800/1599 (0.9 it/s)
[Epoch 14/15] step 800/1599 (0.9 it/s)
[Epoch 14/15] step 800/1599 (0.9 it/s)
[Epoch 14/15] step 800/1599 (0.9 it/s)
[Epoch 14/15] step 800/1599 (0.9 it/s)
[Epoch 14/15] step 850/1599 (0.9 it/s)
[Epoch 14/15] step 850/1599 (0.9 it/s)
[Epoch 14/15] step 850/1599 (0.9 it/s)
[Epoch 14/15] step 850/1599 (0.9 it/s)
[Epoch 14/15] step 850/1599 (0.9 it/s)
[Epoch 14/15] step 850/1599 (0.9 it/s)
[Epoch 14/15] step 850/1599 (0.9 it/s)
[Epoch 14/15] step 850/1599 (0.9 it/s)
[Epoch 14/15] step 900/1599 (0.9 it/s)
[Epoch 14/15] step 900/1599 (0.9 it/s)
[Epoch 14/15] step 900/1599 (0.9 it/s)
[Epoch 14/15] step 900/1599 (0.9 it/s)
[Epoch 14/15] step 900/1599 (0.9 it/s)
[Epoch 14/15] step 900/1599 (0.9 it/s)
[Epoch 14/15] step 900/1599 (0.9 it/s)
[Epoch 14/15] step 900/1599 (0.9 it/s)
[Epoch 14/15] step 950/1599 (0.9 it/s)
[Epoch 14/15] step 950/1599 (0.9 it/s)
[Epoch 14/15] step 950/1599 (0.9 it/s)
[Epoch 14/15] step 950/1599 (0.9 it/s)
[Epoch 14/15] step 950/1599 (0.9 it/s)
[Epoch 14/15] step 950/1599 (0.9 it/s)
[Epoch 14/15] step 950/1599 (0.9 it/s)
[Epoch 14/15] step 950/1599 (0.9 it/s)
[Epoch 14/15] step 1000/1599 (0.9 it/s)
[Epoch 14/15] step 1000/1599 (0.9 it/s)
[Epoch 14/15] step 1000/1599 (0.9 it/s)
[Epoch 14/15] step 1000/1599 (0.9 it/s)
[Epoch 14/15] step 1000/1599 (0.9 it/s)
[Epoch 14/15] step 1000/1599 (0.9 it/s)
[Epoch 14/15] step 1000/1599 (0.9 it/s)
[Epoch 14/15] step 1000/1599 (0.9 it/s)
[Epoch 14/15] step 1050/1599 (0.9 it/s)
[Epoch 14/15] step 1050/1599 (0.9 it/s)
[Epoch 14/15] step 1050/1599 (0.9 it/s)
[Epoch 14/15] step 1050/1599 (0.9 it/s)
[Epoch 14/15] step 1050/1599 (0.9 it/s)
[Epoch 14/15] step 1050/1599 (0.9 it/s)
[Epoch 14/15] step 1050/1599 (0.9 it/s)
[Epoch 14/15] step 1050/1599 (0.9 it/s)
[Epoch 14/15] step 1100/1599 (0.9 it/s)
[Epoch 14/15] step 1100/1599 (0.9 it/s)
[Epoch 14/15] step 1100/1599 (0.9 it/s)
[Epoch 14/15] step 1100/1599 (0.9 it/s)
[Epoch 14/15] step 1100/1599 (0.9 it/s)
[Epoch 14/15] step 1100/1599 (0.9 it/s)
[Epoch 14/15] step 1100/1599 (0.9 it/s)
[Epoch 14/15] step 1100/1599 (0.9 it/s)
[Epoch 14/15] step 1150/1599 (0.9 it/s)
[Epoch 14/15] step 1150/1599 (0.9 it/s)
[Epoch 14/15] step 1150/1599 (0.9 it/s)
[Epoch 14/15] step 1150/1599 (0.9 it/s)
[Epoch 14/15] step 1150/1599 (0.9 it/s)
[Epoch 14/15] step 1150/1599 (0.9 it/s)
[Epoch 14/15] step 1150/1599 (0.9 it/s)
[Epoch 14/15] step 1150/1599 (0.9 it/s)
[Epoch 14/15] step 1200/1599 (0.9 it/s)
[Epoch 14/15] step 1200/1599 (0.9 it/s)
[Epoch 14/15] step 1200/1599 (0.9 it/s)
[Epoch 14/15] step 1200/1599 (0.9 it/s)
[Epoch 14/15] step 1200/1599 (0.9 it/s)
[Epoch 14/15] step 1200/1599 (0.9 it/s)
[Epoch 14/15] step 1200/1599 (0.9 it/s)
[Epoch 14/15] step 1200/1599 (0.9 it/s)
[Epoch 14/15] step 1250/1599 (0.9 it/s)
[Epoch 14/15] step 1250/1599 (0.9 it/s)
[Epoch 14/15] step 1250/1599 (0.9 it/s)
[Epoch 14/15] step 1250/1599 (0.9 it/s)
[Epoch 14/15] step 1250/1599 (0.9 it/s)
[Epoch 14/15] step 1250/1599 (0.9 it/s)
[Epoch 14/15] step 1250/1599 (0.9 it/s)
[Epoch 14/15] step 1250/1599 (0.9 it/s)
[Epoch 14/15] step 1300/1599 (0.9 it/s)
[Epoch 14/15] step 1300/1599 (0.9 it/s)
[Epoch 14/15] step 1300/1599 (0.9 it/s)
[Epoch 14/15] step 1300/1599 (0.9 it/s)
[Epoch 14/15] step 1300/1599 (0.9 it/s)
[Epoch 14/15] step 1300/1599 (0.9 it/s)
[Epoch 14/15] step 1300/1599 (0.9 it/s)
[Epoch 14/15] step 1300/1599 (0.9 it/s)
[Epoch 14/15] step 1350/1599 (0.9 it/s)
[Epoch 14/15] step 1350/1599 (0.9 it/s)
[Epoch 14/15] step 1350/1599 (0.9 it/s)
[Epoch 14/15] step 1350/1599 (0.9 it/s)
[Epoch 14/15] step 1350/1599 (0.9 it/s)
[Epoch 14/15] step 1350/1599 (0.9 it/s)
[Epoch 14/15] step 1350/1599 (0.9 it/s)
[Epoch 14/15] step 1350/1599 (0.9 it/s)
[Epoch 14/15] step 1400/1599 (0.9 it/s)
[Epoch 14/15] step 1400/1599 (0.9 it/s)
[Epoch 14/15] step 1400/1599 (0.9 it/s)
[Epoch 14/15] step 1400/1599 (0.9 it/s)
[Epoch 14/15] step 1400/1599 (0.9 it/s)
[Epoch 14/15] step 1400/1599 (0.9 it/s)
[Epoch 14/15] step 1400/1599 (0.9 it/s)
[Epoch 14/15] step 1400/1599 (0.9 it/s)
[Epoch 14/15] step 1450/1599 (0.9 it/s)
[Epoch 14/15] step 1450/1599 (0.9 it/s)
[Epoch 14/15] step 1450/1599 (0.9 it/s)
[Epoch 14/15] step 1450/1599 (0.9 it/s)
[Epoch 14/15] step 1450/1599 (0.9 it/s)
[Epoch 14/15] step 1450/1599 (0.9 it/s)
[Epoch 14/15] step 1450/1599 (0.9 it/s)
[Epoch 14/15] step 1450/1599 (0.9 it/s)
[Epoch 14/15] step 1500/1599 (0.9 it/s)
[Epoch 14/15] step 1500/1599 (0.9 it/s)
[Epoch 14/15] step 1500/1599 (0.9 it/s)
[Epoch 14/15] step 1500/1599 (0.9 it/s)
[Epoch 14/15] step 1500/1599 (0.9 it/s)
[Epoch 14/15] step 1500/1599 (0.9 it/s)
[Epoch 14/15] step 1500/1599 (0.9 it/s)
[Epoch 14/15] step 1500/1599 (0.9 it/s)
[Epoch 14/15] step 1550/1599 (0.9 it/s)
[Epoch 14/15] step 1550/1599 (0.9 it/s)
[Epoch 14/15] step 1550/1599 (0.9 it/s)
[Epoch 14/15] step 1550/1599 (0.9 it/s)
[Epoch 14/15] step 1550/1599 (0.9 it/s)
[Epoch 14/15] step 1550/1599 (0.9 it/s)
[Epoch 14/15] step 1550/1599 (0.9 it/s)
[Epoch 14/15] step 1550/1599 (0.9 it/s)
[Epoch 14/15] done in 1888.9s
[Epoch 14/15] done in 1888.9s
[Epoch 14/15] done in 1888.9s
[Epoch 14/15] done in 1888.9s
[Epoch 14/15] done in 1888.9s
[Epoch 14/15] done in 1888.9s
[Epoch 14/15] done in 1888.9s
22:42:48 | INFO  | trainer_inf~| \n+-------------------------------------------+-------------------------+
|                   Metric                  |          Value          |
+-------------------------------------------+-------------------------+
|            [0;34;40mfit/active_dim_count[0m           |          [0;32;40m192.0[0m          |
|               [0;34;40mfit/delta_cos[0m               |    [0;32;40m0.9170812964439392[0m   |
|               [0;34;40mfit/delta_norm[0m              |    [0;32;40m7.108883380889893[0m    |
|              [0;34;40mfit/latent_mean[0m              | [0;32;40m-0.00025016028666868806[0m |
|              [0;34;40mfit/latent_norm[0m              |    [0;32;40m13.550514221191406[0m   |
|               [0;34;40mfit/latent_std[0m              |    [0;32;40m0.9804529547691345[0m   |
|            [0;34;40mfit/learning_rate_0[0m            |           [0;32;40m0.0[0m           |
|                  [0;34;40mfit/loss[0m                 |   [0;32;40m0.15976937115192413[0m   |
|            [0;34;40mfit/loss_future_cos[0m            |   [0;32;40m0.015708215534687042[0m  |
|             [0;34;40mfit/loss_future_l1[0m            |     [0;32;40m0.1102294921875[0m     |
|                [0;34;40mfit/loss_mse[0m               |   [0;32;40m0.029642410576343536[0m  |
|          [0;34;40mfit/loss_mse_horizon_01[0m          |    [0;32;40m0.0719137191772461[0m   |
|          [0;34;40mfit/loss_mse_horizon_02[0m          |   [0;32;40m0.008566100150346756[0m  |
|          [0;34;40mfit/loss_mse_horizon_03[0m          |   [0;32;40m0.008447408676147461[0m  |
|               [0;34;40mfit/loss_total[0m              |   [0;32;40m0.15976937115192413[0m   |
|        [0;34;40mfit/pairwise_cos_hist_bin_00[0m       |           [0;32;40m0.0[0m           |
|        [0;34;40mfit/pairwise_cos_hist_bin_01[0m       |           [0;32;40m0.0[0m           |
|        [0;34;40mfit/pairwise_cos_hist_bin_02[0m       |           [0;32;40m0.0[0m           |
|        [0;34;40mfit/pairwise_cos_hist_bin_03[0m       |           [0;32;40m0.0[0m           |
|        [0;34;40mfit/pairwise_cos_hist_bin_04[0m       |           [0;32;40m0.0[0m           |
|        [0;34;40mfit/pairwise_cos_hist_bin_05[0m       |           [0;32;40m0.0[0m           |
|        [0;34;40mfit/pairwise_cos_hist_bin_06[0m       |  [0;32;40m3.535500218276866e-05[0m  |
|        [0;34;40mfit/pairwise_cos_hist_bin_07[0m       |   [0;32;40m0.012855843640863895[0m  |
|        [0;34;40mfit/pairwise_cos_hist_bin_08[0m       |   [0;32;40m0.15061326324939728[0m   |
|        [0;34;40mfit/pairwise_cos_hist_bin_09[0m       |    [0;32;40m0.4820253252983093[0m   |
|        [0;34;40mfit/pairwise_cos_hist_bin_10[0m       |    [0;32;40m0.2598506808280945[0m   |
|        [0;34;40mfit/pairwise_cos_hist_bin_11[0m       |   [0;32;40m0.04096975922584534[0m   |
|        [0;34;40mfit/pairwise_cos_hist_bin_12[0m       |   [0;32;40m0.012112432159483433[0m  |
|        [0;34;40mfit/pairwise_cos_hist_bin_13[0m       |   [0;32;40m0.007931942120194435[0m  |
|        [0;34;40mfit/pairwise_cos_hist_bin_14[0m       |   [0;32;40m0.006775738205760717[0m  |
|        [0;34;40mfit/pairwise_cos_hist_bin_15[0m       |   [0;32;40m0.005879441276192665[0m  |
|        [0;34;40mfit/pairwise_cos_hist_bin_16[0m       |   [0;32;40m0.005525891203433275[0m  |
|        [0;34;40mfit/pairwise_cos_hist_bin_17[0m       |   [0;32;40m0.004957344848662615[0m  |
|        [0;34;40mfit/pairwise_cos_hist_bin_18[0m       |   [0;32;40m0.005177118815481663[0m  |
|        [0;34;40mfit/pairwise_cos_hist_bin_19[0m       |   [0;32;40m0.005289872642606497[0m  |
|            [0;34;40mfit/pairwise_cos_max[0m           |           [0;32;40m1.0[0m           |
|           [0;34;40mfit/pairwise_cos_mean[0m           |  [0;32;40m-0.0018396377563476562[0m |
|            [0;34;40mfit/pairwise_cos_min[0m           |      [0;32;40m-0.30908203125[0m     |
|            [0;34;40mfit/pairwise_cos_std[0m           |     [0;32;40m0.1571044921875[0m     |
|            [0;34;40mfit/pred_latent_mse[0m            |   [0;32;40m0.029642410576343536[0m  |
|               [0;34;40mfit/pred_loss[0m               |   [0;32;40m0.029642410576343536[0m  |
|       [0;34;40mfit/predictor_mode_is_residual[0m      |           [0;32;40m1.0[0m           |
|            [0;34;40mfit/samples_per_sec[0m            |     [0;32;40m1285.99853515625[0m    |
|              [0;34;40mfit/sigreg_loss[0m              |       [0;32;40m1.4462890625[0m      |
|           [0;34;40mfit/target_delta_norm[0m           |    [0;32;40m7.423442840576172[0m    |
|            [0;34;40mhardware/cpu_percent[0m           |    [0;32;40m42.70000076293945[0m    |
|          [0;34;40mhardware/disk_read_mb_s[0m          |           [0;32;40m0.0[0m           |
|          [0;34;40mhardware/disk_write_mb_s[0m         |    [0;32;40m0.4024996757507324[0m   |
|           [0;34;40mhardware/net_recv_mb_s[0m          |  [0;32;40m0.0039117890410125256[0m  |
|           [0;34;40mhardware/net_sent_mb_s[0m          |   [0;32;40m0.003521296428516507[0m  |
|            [0;34;40mhardware/ram_used_gb[0m           |    [0;32;40m529.7258911132812[0m    |
|           [0;34;40mhardware/ram_used_pct[0m           |    [0;32;40m28.399999618530273[0m   |
|            [0;34;40mhparams/lr_default_0[0m           |           [0;32;40m0.0[0m           |
|         [0;34;40mvalidate/active_dim_count[0m         |          [0;32;40m192.0[0m          |
|      [0;34;40mvalidate/active_dim_count_epoch[0m      |          [0;32;40m192.0[0m          |
|             [0;34;40mvalidate/delta_cos[0m            |    [0;32;40m0.9319338798522949[0m   |
|          [0;34;40mvalidate/delta_cos_epoch[0m         |    [0;32;40m0.9319338798522949[0m   |
|            [0;34;40mvalidate/delta_norm[0m            |    [0;32;40m7.189613342285156[0m    |
|         [0;34;40mvalidate/delta_norm_epoch[0m         |    [0;32;40m7.189613342285156[0m    |
|            [0;34;40mvalidate/latent_mean[0m           | [0;32;40m-0.00019119790522381663[0m |
|         [0;34;40mvalidate/latent_mean_epoch[0m        | [0;32;40m-0.00019119790522381663[0m |
|            [0;34;40mvalidate/latent_norm[0m           |    [0;32;40m13.670239448547363[0m   |
|         [0;34;40mvalidate/latent_norm_epoch[0m        |    [0;32;40m13.670239448547363[0m   |
|            [0;34;40mvalidate/latent_std[0m            |    [0;32;40m0.9885612726211548[0m   |
|         [0;34;40mvalidate/latent_std_epoch[0m         |    [0;32;40m0.9885612726211548[0m   |
|               [0;34;40mvalidate/loss[0m               |   [0;32;40m0.19962310791015625[0m   |
|            [0;34;40mvalidate/loss_epoch[0m            |   [0;32;40m0.19962310791015625[0m   |
|          [0;34;40mvalidate/loss_future_cos[0m         |   [0;32;40m0.013870748691260815[0m  |
|       [0;34;40mvalidate/loss_future_cos_epoch[0m      |   [0;32;40m0.013870748691260815[0m  |
|          [0;34;40mvalidate/loss_future_l1[0m          |   [0;32;40m0.09302220493555069[0m   |
|       [0;34;40mvalidate/loss_future_l1_epoch[0m       |   [0;32;40m0.09302220493555069[0m   |
|             [0;34;40mvalidate/loss_mse[0m             |   [0;32;40m0.026144005358219147[0m  |
|          [0;34;40mvalidate/loss_mse_epoch[0m          |   [0;32;40m0.026144005358219147[0m  |
|        [0;34;40mvalidate/loss_mse_horizon_01[0m       |   [0;32;40m0.07098238915205002[0m   |
|     [0;34;40mvalidate/loss_mse_horizon_01_epoch[0m    |   [0;32;40m0.07098238915205002[0m   |
|        [0;34;40mvalidate/loss_mse_horizon_02[0m       |   [0;32;40m0.003749801777303219[0m  |
|     [0;34;40mvalidate/loss_mse_horizon_02_epoch[0m    |   [0;32;40m0.003749801777303219[0m  |
|        [0;34;40mvalidate/loss_mse_horizon_03[0m       |   [0;32;40m0.00369982048869133[0m   |
|     [0;34;40mvalidate/loss_mse_horizon_03_epoch[0m    |   [0;32;40m0.00369982048869133[0m   |
|            [0;34;40mvalidate/loss_total[0m            |   [0;32;40m0.19962310791015625[0m   |
|         [0;34;40mvalidate/loss_total_epoch[0m         |   [0;32;40m0.19962310791015625[0m   |
|     [0;34;40mvalidate/pairwise_cos_hist_bin_00[0m     |           [0;32;40m0.0[0m           |
|  [0;34;40mvalidate/pairwise_cos_hist_bin_00_epoch[0m  |           [0;32;40m0.0[0m           |
|     [0;34;40mvalidate/pairwise_cos_hist_bin_01[0m     |           [0;32;40m0.0[0m           |
|  [0;34;40mvalidate/pairwise_cos_hist_bin_01_epoch[0m  |           [0;32;40m0.0[0m           |
|     [0;34;40mvalidate/pairwise_cos_hist_bin_02[0m     |           [0;32;40m0.0[0m           |
|  [0;34;40mvalidate/pairwise_cos_hist_bin_02_epoch[0m  |           [0;32;40m0.0[0m           |
|     [0;34;40mvalidate/pairwise_cos_hist_bin_03[0m     |           [0;32;40m0.0[0m           |
|  [0;34;40mvalidate/pairwise_cos_hist_bin_03_epoch[0m  |           [0;32;40m0.0[0m           |
|     [0;34;40mvalidate/pairwise_cos_hist_bin_04[0m     |           [0;32;40m0.0[0m           |
|  [0;34;40mvalidate/pairwise_cos_hist_bin_04_epoch[0m  |           [0;32;40m0.0[0m           |
|     [0;34;40mvalidate/pairwise_cos_hist_bin_05[0m     |           [0;32;40m0.0[0m           |
|  [0;34;40mvalidate/pairwise_cos_hist_bin_05_epoch[0m  |           [0;32;40m0.0[0m           |
|     [0;34;40mvalidate/pairwise_cos_hist_bin_06[0m     |  [0;32;40m2.7580049390962813e-06[0m |
|  [0;34;40mvalidate/pairwise_cos_hist_bin_06_epoch[0m  |  [0;32;40m2.7580049390962813e-06[0m |
|     [0;34;40mvalidate/pairwise_cos_hist_bin_07[0m     |   [0;32;40m0.011043033562600613[0m  |
|  [0;34;40mvalidate/pairwise_cos_hist_bin_07_epoch[0m  |   [0;32;40m0.011043033562600613[0m  |
|     [0;34;40mvalidate/pairwise_cos_hist_bin_08[0m     |   [0;32;40m0.13273930549621582[0m   |
|  [0;34;40mvalidate/pairwise_cos_hist_bin_08_epoch[0m  |   [0;32;40m0.13273930549621582[0m   |
|     [0;34;40mvalidate/pairwise_cos_hist_bin_09[0m     |    [0;32;40m0.4795604348182678[0m   |
|  [0;34;40mvalidate/pairwise_cos_hist_bin_09_epoch[0m  |    [0;32;40m0.4795604348182678[0m   |
|     [0;34;40mvalidate/pairwise_cos_hist_bin_10[0m     |   [0;32;40m0.27477729320526123[0m   |
|  [0;34;40mvalidate/pairwise_cos_hist_bin_10_epoch[0m  |   [0;32;40m0.27477729320526123[0m   |
|     [0;34;40mvalidate/pairwise_cos_hist_bin_11[0m     |   [0;32;40m0.045343197882175446[0m  |
|  [0;34;40mvalidate/pairwise_cos_hist_bin_11_epoch[0m  |   [0;32;40m0.045343197882175446[0m  |
|     [0;34;40mvalidate/pairwise_cos_hist_bin_12[0m     |   [0;32;40m0.01321776956319809[0m   |
|  [0;34;40mvalidate/pairwise_cos_hist_bin_12_epoch[0m  |   [0;32;40m0.01321776956319809[0m   |
|     [0;34;40mvalidate/pairwise_cos_hist_bin_13[0m     |   [0;32;40m0.008178710006177425[0m  |
|  [0;34;40mvalidate/pairwise_cos_hist_bin_13_epoch[0m  |   [0;32;40m0.008178710006177425[0m  |
|     [0;34;40mvalidate/pairwise_cos_hist_bin_14[0m     |   [0;32;40m0.006933224853128195[0m  |
|  [0;34;40mvalidate/pairwise_cos_hist_bin_14_epoch[0m  |   [0;32;40m0.006933224853128195[0m  |
|     [0;34;40mvalidate/pairwise_cos_hist_bin_15[0m     |   [0;32;40m0.006215848494321108[0m  |
|  [0;34;40mvalidate/pairwise_cos_hist_bin_15_epoch[0m  |   [0;32;40m0.006215848494321108[0m  |
|     [0;34;40mvalidate/pairwise_cos_hist_bin_16[0m     |   [0;32;40m0.005668228957802057[0m  |
|  [0;34;40mvalidate/pairwise_cos_hist_bin_16_epoch[0m  |   [0;32;40m0.005668228957802057[0m  |
|     [0;34;40mvalidate/pairwise_cos_hist_bin_17[0m     |   [0;32;40m0.005245475564152002[0m  |
|  [0;34;40mvalidate/pairwise_cos_hist_bin_17_epoch[0m  |   [0;32;40m0.005245475564152002[0m  |
|     [0;34;40mvalidate/pairwise_cos_hist_bin_18[0m     |  [0;32;40m0.0054640923626720905[0m  |
|  [0;34;40mvalidate/pairwise_cos_hist_bin_18_epoch[0m  |  [0;32;40m0.0054640923626720905[0m  |
|     [0;34;40mvalidate/pairwise_cos_hist_bin_19[0m     |   [0;32;40m0.005610567983239889[0m  |
|  [0;34;40mvalidate/pairwise_cos_hist_bin_19_epoch[0m  |   [0;32;40m0.005610567983239889[0m  |
|         [0;34;40mvalidate/pairwise_cos_max[0m         |           [0;32;40m1.0[0m           |
|      [0;34;40mvalidate/pairwise_cos_max_epoch[0m      |           [0;32;40m1.0[0m           |
|         [0;34;40mvalidate/pairwise_cos_mean[0m        |   [0;32;40m0.004390320274978876[0m  |
|      [0;34;40mvalidate/pairwise_cos_mean_epoch[0m     |   [0;32;40m0.004390320274978876[0m  |
|         [0;34;40mvalidate/pairwise_cos_min[0m         |   [0;32;40m-0.2929224669933319[0m   |
|      [0;34;40mvalidate/pairwise_cos_min_epoch[0m      |   [0;32;40m-0.2929224669933319[0m   |
|         [0;34;40mvalidate/pairwise_cos_std[0m         |   [0;32;40m0.15895356237888336[0m   |
|      [0;34;40mvalidate/pairwise_cos_std_epoch[0m      |   [0;32;40m0.15895356237888336[0m   |
|          [0;34;40mvalidate/pred_latent_mse[0m         |   [0;32;40m0.026144005358219147[0m  |
|       [0;34;40mvalidate/pred_latent_mse_epoch[0m      |   [0;32;40m0.026144005358219147[0m  |
|             [0;34;40mvalidate/pred_loss[0m            |   [0;32;40m0.026144005358219147[0m  |
|          [0;34;40mvalidate/pred_loss_epoch[0m         |   [0;32;40m0.026144005358219147[0m  |
|    [0;34;40mvalidate/predictor_mode_is_residual[0m    |           [0;32;40m1.0[0m           |
| [0;34;40mvalidate/predictor_mode_is_residual_epoch[0m |           [0;32;40m1.0[0m           |
|            [0;34;40mvalidate/sigreg_loss[0m           |    [0;32;40m1.927357792854309[0m    |
|         [0;34;40mvalidate/sigreg_loss_epoch[0m        |    [0;32;40m1.927357792854309[0m    |
|         [0;34;40mvalidate/target_delta_norm[0m        |     [0;32;40m7.40504264831543[0m    |
|      [0;34;40mvalidate/target_delta_norm_epoch[0m     |     [0;32;40m7.40504264831543[0m    |
+-------------------------------------------+-------------------------+
22:42:48 | INFO  | utils.py    | 📦📦📦 Model saved to /data1/Johnny/challenge/wrf/homework/outputs/stable-wm/checkpoints/lewm_residual_reacher_15/weights_epoch_15.pt 📦📦📦
22:42:48 | INFO  | utils.py    | 📦📦📦 Model saved to /data1/Johnny/challenge/wrf/homework/outputs/stable-wm/checkpoints/lewm_residual_reacher_15/weights_epoch_15.pt 📦📦📦
[Epoch 14/15] done in 1889.2s
22:42:48 | INFO  | checkpoint_~|   Checking for non PyTorch modules to save
22:42:48 | INFO  | atomic_chec~| [atomic_save] → /data1/Johnny/challenge/wrf/homework/outputs/home/.cache/stable-pretraining/runs/20260715/145800/ee58f199d257/checkpoints/epoch=14-step=23985.ckpt
22:42:49 | INFO  | atomic_chec~| [atomic_save] ✓ epoch=14-step=23985.ckpt saved (206.8 MiB, serialise=0.33s write=0.19s rename=0.1ms)
22:42:49 | INFO  | checkpoint_~|   Checking for non PyTorch modules to save
22:42:49 | INFO  | atomic_chec~| [atomic_save] → /data1/Johnny/challenge/wrf/homework/outputs/home/.cache/stable-pretraining/runs/20260715/145800/ee58f199d257/checkpoints/last.ckpt
22:42:49 | INFO  | atomic_chec~| [atomic_save] ✓ last.ckpt saved (206.8 MiB, serialise=0.33s write=0.23s rename=36.8ms)
`Trainer.fit` stopped: `max_epochs=15` reached.
Epoch 14/14 ━━━━━━━━━━━━━━━━━━━━━━━━━━━━━━━━━━━━━━━━ 1599/1599 0:28:35 • 0:00:00 1.03it/s  
22:42:52 | INFO  | utils.py    | ── SignalHandlers (after Trainer.fit() returned) ──
22:42:52 | INFO  | manager.py  |   SIGUSR1  → SIG_DFL (default OS action — terminate process)
22:42:52 | INFO  | manager.py  |   SIGUSR2  → SIG_DFL (default OS action — terminate process)
22:42:52 | INFO  | manager.py  |   SIGCONT  → SIG_DFL (default OS action — terminate process)
22:42:52 | INFO  | manager.py  |   SIGTERM  → SIG_DFL (default OS action — terminate process)
